"","Product.type","MalagasyName","EnglishName","LocalName","ScientificName","FinalName"
"1","H","Horita","Octopus","","","Horita"
"2","H","Horita","Octopus","","","Horita"
"3","H","Horita","Octopus","","","Horita"
"4","H","Horita","Octopus","","","Horita"
"5","H","Horita","Octopus","","","Horita"
"6","H","Horita","Octopus","","","Horita"
"7","FIA","Fia","Fish","","","Fia"
"8","H","Horita","Octopus","","","Horita"
"9","H","Horita","Octopus","","","Horita"
"10","FIA","Fia","Fish","","","Fia"
"11","FIA","Fia","Fish","","","Fia"
"12","FIA VARILAVA","Varilava","Fish, small, like shrimp","","","Varilava"
"13","H","Horita","Octopus","","","Horita"
"14","H","Horita","Octopus","","","Horita"
"15","H","Horita","Octopus","","","Horita"
"16","H","Horita","Octopus","","","Horita"
"17","H","Horita","Octopus","","","Horita"
"18","JARIFY","Fishing gears","","","","Fishing gears"
"19","JARIFY","Fishing gears","","","","Fishing gears"
"20","H","Horita","Octopus","","","Horita"
"21","H","Horita","Octopus","","","Horita"
"22","F","Fia","Fish","","","Fia"
"23","H","Horita","Octopus","","","Horita"
"24","H","Horita","Octopus","","","Horita"
"25","FIA","Fia","Fish","","","Fia"
"26","LOMOTSE","Lomots","Seaweed","","","Lomots"
"27","FIA","Fia","Fish","","","Fia"
"28","HORITA","Horita","Octopus","","","Horita"
"29","FIA","Fia","Fish","","","Fia"
"30","FIA","Fia","Fish","","","Fia"
"31","FIA","Fia","Fish","","","Fia"
"32","H","Horita","Octopus","","","Horita"
"33","FIA","Fia","Fish","","","Fia"
"34","FIA","Fia","Fish","","","Fia"
"35","FIA","Fia","Fish","","","Fia"
"36","FIA","Fia","Fish","","","Fia"
"37","H","Horita","Octopus","","","Horita"
"38","GOGO","Fia gogo","Madagascar sea catfish/ Arius madagascariensis","","","Fia gogo"
"39","H","Horita","Octopus","","","Horita"
"40","BOZIKE","Bozike","Chicoreus ramosus","","","Bozike"
"41","H","Horita","Octopus","","","Horita"
"42","H","Horita","Octopus","","","Horita"
"43","H","Horita","Octopus","","","Horita"
"44","H","Horita","Octopus","","","Horita"
"45","FIA","Fia","Fish","","","Fia"
"46","H","Horita","Octopus","","","Horita"
"47","H","Horita","Octopus","","","Horita"
"48","H","Horita","Octopus","","","Horita"
"49","H","Horita","Octopus","","","Horita"
"50","H","Horita","Octopus","","","Horita"
"51","FIA","Fia","Fish","","","Fia"
"52","H","Horita","Octopus","","","Horita"
"53","FIA","Fia","Fish","","","Fia"
"54","VARILAVA","Varilava","Fish, small, like shrimp","","","Varilava"
"55","FIA","Fia","Fish","","","Fia"
"56","FIA","Fia","Fish","","","Fia"
"57","FIA","Fia","Fish","","","Fia"
"58","VARILAVA","Varilava","Fish, small, like shrimp","","","Varilava"
"59","FIA","Fia","Fish","","","Fia"
"60","FIA","Fia","Fish","","","Fia"
"61","FIA","Fia","Fish","","","Fia"
"62","H","Horita","Octopus","","","Horita"
"63","H","Horita","Octopus","","","Horita"
"64","H","Horita","Octopus","","","Horita"
"65","H","Horita","Octopus","","","Horita"
"66","FIA","Fia","Fish","","","Fia"
"67","H","Horita","Octopus","","","Horita"
"68","H","Horita","Octopus","","","Horita"
"69","FIA","Fia","Fish","","","Fia"
"70","H","Horita","Octopus","","","Horita"
"71","H","Horita","Octopus","","","Horita"
"72","H","Horita","Octopus","","","Horita"
"73","H","Horita","Octopus","","","Horita"
"74","H","Horita","Octopus","","","Horita"
"75","H","Horita","Octopus","","","Horita"
"76","FIA","Fia","Fish","","","Fia"
"77","H","Horita","Octopus","","","Horita"
"78","LAMERA","Lamera","eel","LAMAIRA,LAMAIRAKINA,LAMAIRA FESOTSE AMBATO,LAMAIRA KINA,LAMAIRANKENA","GYMNOTHORAX JAVANICUS, GYMNOMURAENA ZEBRA, ECHIDNA NEBULOSA, GYMNOTORAX JAVANICUS","LAMAIRA,LAMAIRAKINA,LAMAIRA FESOTSE AMBATO,LAMAIRA KINA,LAMAIRANKENA"
"79","HORITA","Horita","Octopus","","","Horita"
"80","GOGO","Fia gogo","Madagascar sea catfish/ Arius madagascariensis","","","Fia gogo"
"81","H","Horita","Octopus","","","Horita"
"82","FIA","Fia","Fish","","","Fia"
"83","FIA","Fia","Fish","","","Fia"
"84","FIA","Fia","Fish","","","Fia"
"85","FIA","Fia","Fish","","","Fia"
"86","H","Horita","Octopus","","","Horita"
"87","FIA","Fia","Fish","","","Fia"
"88","H","Horita","Octopus","","","Horita"
"89","H","Horita","Octopus","","","Horita"
"90","H","Horita","Octopus","","","Horita"
"91","H","Horita","Octopus","","","Horita"
"92","H","Horita","Octopus","","","Horita"
"93","FIA","Fia","Fish","","","Fia"
"94","FIA","Fia","Fish","","","Fia"
"95","LAMERA","Lamera","eel","LAMAIRA,LAMAIRAKINA,LAMAIRA FESOTSE AMBATO,LAMAIRA KINA,LAMAIRANKENA","GYMNOTHORAX JAVANICUS, GYMNOMURAENA ZEBRA, ECHIDNA NEBULOSA, GYMNOTORAX JAVANICUS","LAMAIRA,LAMAIRAKINA,LAMAIRA FESOTSE AMBATO,LAMAIRA KINA,LAMAIRANKENA"
"96","FIA","Fia","Fish","","","Fia"
"97","HORITA","Horita","Octopus","","","Horita"
"98","TOHO","","","TOHO,TOHOMPASE,TOHOMPASY","PAPILLOCULICEPS LONGICEPS, PTERELEOTRIS EVIDES, NEMATELEOTRIS MAGNIFICA","TOHO,TOHOMPASE,TOHOMPASY"
"99","FIA","Fia","Fish","","","Fia"
"100","HORITA","Horita","Octopus","","","Horita"
"101","FIA","Fia","Fish","","","Fia"
"102","FIA","Fia","Fish","","","Fia"
"103","HORITA","Horita","Octopus","","","Horita"
"104","FIA","Fia","Fish","","","Fia"
"105","GOGO","Fia gogo","Madagascar sea catfish/ Arius madagascariensis","","","Fia gogo"
"106","GOGO","Fia gogo","Madagascar sea catfish/ Arius madagascariensis","","","Fia gogo"
"107","SAPIATA","Fia Sapiata?","No idea but these seem to go together","SAPIATA","HALICHOERES NIGRESCENS, CTENOCHAETUS STRIATUS, CTENOSCHRETUS STUATUS, CTENOCHAETUS TRUNCATUS, ACANTHURUS NIGROFUSCUS","SAPIATA"
"108","JOGINY","Fia Joginy","","LOGY","SELAR CRUMENOPHTHALMUS, RASTRELLIGER KANAGURTA","LOGY"
"109","LAMERA","Lamera","eel","LAMAIRA,LAMAIRAKINA,LAMAIRA FESOTSE AMBATO,LAMAIRA KINA,LAMAIRANKENA","GYMNOTHORAX JAVANICUS, GYMNOMURAENA ZEBRA, ECHIDNA NEBULOSA, GYMNOTORAX JAVANICUS","LAMAIRA,LAMAIRAKINA,LAMAIRA FESOTSE AMBATO,LAMAIRA KINA,LAMAIRANKENA"
"110","HORITA","Horita","Octopus","","","Horita"
"111","FIA","Fia","Fish","","","Fia"
"112","FIA","Fia","Fish","","","Fia"
"113","HORITA","Horita","Octopus","","","Horita"
"114","HORITA","Horita","Octopus","","","Horita"
"115","HORITA","Horita","Octopus","","","Horita"
"116","HORITA","Horita","Octopus","","","Horita"
"117","HORITA","Horita","Octopus","","","Horita"
"118","TSITSIKE","","","","",""
"119","HORITA","Horita","Octopus","","","Horita"
"120","HORITA","Horita","Octopus","","","Horita"
"121","HORITA","Horita","Octopus","","","Horita"
"122","HORITA","Horita","Octopus","","","Horita"
"123","HORITA","Horita","Octopus","","","Horita"
"124","HORITA","Horita","Octopus","","","Horita"
"125","HORITA","Horita","Octopus","","","Horita"
"126","HORITA","Horita","Octopus","","","Horita"
"127","HORITA","Horita","Octopus","","","Horita"
"128","BEJA","Beja","Cypaeacassis rufa","","","Beja"
"129","HORITA","Horita","Octopus","","","Horita"
"130","BEJA","Beja","Cypaeacassis rufa","","","Beja"
"131","HORITA","Horita","Octopus","","","Horita"
"132","HORITA","Horita","Octopus","","","Horita"
"133","HORITA","Horita","Octopus","","","Horita"
"134","HORITA","Horita","Octopus","","","Horita"
"135","HORITA","Horita","Octopus","","","Horita"
"136","HORITA","Horita","Octopus","","","Horita"
"137","H","Horita","Octopus","","","Horita"
"138","H","Horita","Octopus","","","Horita"
"139","H","Horita","Octopus","","","Horita"
"140","H","Horita","Octopus","","","Horita"
"141","H","Horita","Octopus","","","Horita"
"142","H","Horita","Octopus","","","Horita"
"143","H","Horita","Octopus","","","Horita"
"144","H","Horita","Octopus","","","Horita"
"145","H","Horita","Octopus","","","Horita"
"146","H","Horita","Octopus","","","Horita"
"147","FIA","Fia","Fish","","","Fia"
"148","H","Horita","Octopus","","","Horita"
"149","H","Horita","Octopus","","","Horita"
"150","GOGO","Fia gogo","Madagascar sea catfish/ Arius madagascariensis","","","Fia gogo"
"151","JOKO","","","JOHO","AETHALOPERCA ROGAA, LUTJANUS ARGENTIMACULATUS, LUTJANUS FULVUS, LUTJANUS MONOSTIGMA, LUTJANUS SEBAE, LUTJANU ARGENTIMACULATUS, LUTJANUS MONASTIGMA","JOHO"
"152","H","Horita","Octopus","","","Horita"
"153","FIA","Fia","Fish","","","Fia"
"154","H","Horita","Octopus","","","Horita"
"155","H","Horita","Octopus","","","Horita"
"156","FIA","Fia","Fish","","","Fia"
"157","H","Horita","Octopus","","","Horita"
"158","TSITSIKE","","","","",""
"159","H","Horita","Octopus","","","Horita"
"160","H","Horita","Octopus","","","Horita"
"161","FIA","Fia","Fish","","","Fia"
"162","LOMOTSE","Lomots","Seaweed","","","Lomots"
"163","BEJA","Beja","Cypaeacassis rufa","","","Beja"
"164","FIA","Fia","Fish","","","Fia"
"165","H","Horita","Octopus","","","Horita"
"166","H","Horita","Octopus","","","Horita"
"167","H","Horita","Octopus","","","Horita"
"168","H","Horita","Octopus","","","Horita"
"169","TSITSIKE","","","","",""
"170","H","Horita","Octopus","","","Horita"
"171","FIA","Fia","Fish","","","Fia"
"172","H","Horita","Octopus","","","Horita"
"173","FIA","Fia","Fish","","","Fia"
"174","H","Horita","Octopus","","","Horita"
"175","H","Horita","Octopus","","","Horita"
"176","H","Horita","Octopus","","","Horita"
"177","FIA","Fia","Fish","","","Fia"
"178","LAMERA","Lamera","eel","LAMAIRA,LAMAIRAKINA,LAMAIRA FESOTSE AMBATO,LAMAIRA KINA,LAMAIRANKENA","GYMNOTHORAX JAVANICUS, GYMNOMURAENA ZEBRA, ECHIDNA NEBULOSA, GYMNOTORAX JAVANICUS","LAMAIRA,LAMAIRAKINA,LAMAIRA FESOTSE AMBATO,LAMAIRA KINA,LAMAIRANKENA"
"179","H","Horita","Octopus","","","Horita"
"180","GOGO","Fia gogo","Madagascar sea catfish/ Arius madagascariensis","","","Fia gogo"
"181","H","Horita","Octopus","","","Horita"
"182","FIA","Fia","Fish","","","Fia"
"183","H","Horita","Octopus","","","Horita"
"184","H","Horita","Octopus","","","Horita"
"185","FIA","Fia","Fish","","","Fia"
"186","H","Horita","Octopus","","","Horita"
"187","FIA","Fia","Fish","","","Fia"
"188","FIA","Fia","Fish","","","Fia"
"189","H","Horita","Octopus","","","Horita"
"190","FIA","Fia","Fish","","","Fia"
"191","FIA","Fia","Fish","","","Fia"
"192","ANGISY","Angisy","Squid","","","Angisy"
"193","FIA","Fia","Fish","","","Fia"
"194","H","Horita","Octopus","","","Horita"
"195","H","Horita","Octopus","","","Horita"
"196","H","Horita","Octopus","","","Horita"
"197","FIA","Fia","Fish","","","Fia"
"198","H","Horita","Octopus","","","Horita"
"199","FIA","Fia","Fish","","","Fia"
"200","FIA","Fia","Fish","","","Fia"
"201","FIA","Fia","Fish","","","Fia"
"202","H","Horita","Octopus","","","Horita"
"203","VAREVEK"," Varevike","","",""," Varevike"
"204","FIA","Fia","Fish","","","Fia"
"205","H","Horita","Octopus","","","Horita"
"206","FAY RARA","Fay rara","","","","Fay rara"
"207","H","Horita","Octopus","","","Horita"
"208","FIA","Fia","Fish","","","Fia"
"209","FIA","Fia","Fish","","","Fia"
"210","FIA","Fia","Fish","","","Fia"
"211","FIA","Fia","Fish","","","Fia"
"212","FIA","Fia","Fish","","","Fia"
"213","H","Horita","Octopus","","","Horita"
"214","H","Horita","Octopus","","","Horita"
"215","FIA","Fia","Fish","","","Fia"
"216","FIA","Fia","Fish","","","Fia"
"217","H","Horita","Octopus","","","Horita"
"218","FIIA TOHO","Fia Toho","Duckbill sleeper or freshwater goby or speckled goby/ Butis butis or awaous aeneofuscus or redigobius bikolanus","","","Fia Toho"
"219","H","Horita","Octopus","","","Horita"
"220","H","Horita","Octopus","","","Horita"
"221","FIA TSONTSO","Fia tsontso","White  banded triggerfish/ rhinecanthus aculeatus","TSONTSO,TSONTSO ALAOTSE,TSONTSO FANIA,TSONTSO FANIHY,TSONTSO SIKILY,TSONTSO TSIMALAHO,TSONTSOMBOLA,TSONTSOMKARA","CANTHIGASTER AMBOINENSIS, RHINECANTHUS ACULEATUS, MELICHTHYS NIGER, MELICHTHYS INDICUS, BALISTOIDES CONSPICILLUM, SUFFLAMEN BURSA, ODONUS NIGER, PSEUDOBALISTES FUSCUS, BALISTOIDES VIRIDESCENS, ABALISTES STELLATTUS, LETHRINUS OBSOLETUS, BALISTAPUS UNDULATUS, ABALISTES STELLATUS, CENTHEAHINES PARDELIS, PERVAGER JAUTHINOSOMA, CENTHEALUVRES DUMERILII, ALUTERUS SCRIPTUS, AMANSES SCOPES, ODUNUS NIGER, PSEUDOBALISTES FURCUS, PHINECANTHUS ACULEATUS, OXYMONOCANTHUS LONGIROSTRIS, BALISTOIDES VIRIDENSCENS","TSONTSO,TSONTSO ALAOTSE,TSONTSO FANIA,TSONTSO FANIHY,TSONTSO SIKILY,TSONTSO TSIMALAHO,TSONTSOMBOLA,TSONTSOMKARA"
"222","H","Horita","Octopus","","","Horita"
"223","FIA","Fia","Fish","","","Fia"
"224","FIA","Fia","Fish","","","Fia"
"225","H","Horita","Octopus","","","Horita"
"226","VARILAVA","Varilava","Fish, small, like shrimp","","","Varilava"
"227","FIA","Fia","Fish","","","Fia"
"228","H","Horita","Octopus","","","Horita"
"229","FIA","Fia","Fish","","","Fia"
"230","H","Horita","Octopus","","","Horita"
"231","H","Horita","Octopus","","","Horita"
"232","FIA","Fia","Fish","","","Fia"
"233","FIA","Fia","Fish","","","Fia"
"234","H","Horita","Octopus","","","Horita"
"235","H","Horita","Octopus","","","Horita"
"236","H","Horita","Octopus","","","Horita"
"237","H","Horita","Octopus","","","Horita"
"238","H","Horita","Octopus","","","Horita"
"239","H","Horita","Octopus","","","Horita"
"240","H","Horita","Octopus","","","Horita"
"241","LOMOTSE","Lomots","Seaweed","","","Lomots"
"242","H","Horita","Octopus","","","Horita"
"243","H","Horita","Octopus","","","Horita"
"244","H","Horita","Octopus","","","Horita"
"245","FIA","Fia","Fish","","","Fia"
"246","FIA","Fia","Fish","","","Fia"
"247","H","Horita","Octopus","","","Horita"
"248","H","Horita","Octopus","","","Horita"
"249","FIA","Fia","Fish","","","Fia"
"250","FIA","Fia","Fish","","","Fia"
"251","FIA","Fia","Fish","","","Fia"
"252","H","Horita","Octopus","","","Horita"
"253","VARILAVA","Varilava","Fish, small, like shrimp","","","Varilava"
"254","H","Horita","Octopus","","","Horita"
"255","FIA","Fia","Fish","","","Fia"
"256","H","Horita","Octopus","","","Horita"
"257","FIA","Fia","Fish","","","Fia"
"258","FIA","Fia","Fish","","","Fia"
"259","H","Horita","Octopus","","","Horita"
"260","H","Horita","Octopus","","","Horita"
"261","H","Horita","Octopus","","","Horita"
"262","H","Horita","Octopus","","","Horita"
"263","H","Horita","Octopus","","","Horita"
"264","H","Horita","Octopus","","","Horita"
"265","FIA","Fia","Fish","","","Fia"
"266","FIA","Fia","Fish","","","Fia"
"267","LAMERA","Lamera","eel","LAMAIRA,LAMAIRAKINA,LAMAIRA FESOTSE AMBATO,LAMAIRA KINA,LAMAIRANKENA","GYMNOTHORAX JAVANICUS, GYMNOMURAENA ZEBRA, ECHIDNA NEBULOSA, GYMNOTORAX JAVANICUS","LAMAIRA,LAMAIRAKINA,LAMAIRA FESOTSE AMBATO,LAMAIRA KINA,LAMAIRANKENA"
"268","FIA","Fia","Fish","","","Fia"
"269","FIA","Fia","Fish","","","Fia"
"270","FIA","Fia","Fish","","","Fia"
"271","GOGO","Fia gogo","Madagascar sea catfish/ Arius madagascariensis","","","Fia gogo"
"272","H","Horita","Octopus","","","Horita"
"273","H","Horita","Octopus","","","Horita"
"274","FELA","Jakake","Crab","","","Jakake"
"275","H","Horita","Octopus","","","Horita"
"276","H","Horita","Octopus","","","Horita"
"277","FIA","Fia","Fish","","","Fia"
"278","FIA","Fia","Fish","","","Fia"
"279","VARILAVA","Varilava","Fish, small, like shrimp","","","Varilava"
"280","FIA","Fia","Fish","","","Fia"
"281","FIA","Fia","Fish","","","Fia"
"282","FIA FITSE","Fia Fitse","Caesia caerulaureus","","","Fia Fitse"
"283","H","Horita","Octopus","","","Horita"
"284","FIA","Fia","Fish","","","Fia"
"285","H","Horita","Octopus","","","Horita"
"286","FIA","Fia","Fish","","","Fia"
"287","FIA","Fia","Fish","","","Fia"
"288","H","Horita","Octopus","","","Horita"
"289","FIA","Fia","Fish","","","Fia"
"290","ANGISY","Angisy","Squid","","","Angisy"
"291","FIA","Fia","Fish","","","Fia"
"292","H","Horita","Octopus","","","Horita"
"293","ANGISY","Angisy","Squid","","","Angisy"
"294","FIA","Fia","Fish","","","Fia"
"295","H","Horita","Octopus","","","Horita"
"296","H","Horita","Octopus","","","Horita"
"297","H","Horita","Octopus","","","Horita"
"298","FIA","Fia","Fish","","","Fia"
"299","FIA","Fia","Fish","","","Fia"
"300","ANGISY","Angisy","Squid","","","Angisy"
"301","ANGISY","Angisy","Squid","","","Angisy"
"302","FIA","Fia","Fish","","","Fia"
"303","ANGISY","Angisy","Squid","","","Angisy"
"304","ANGISY","Angisy","Squid","","","Angisy"
"305","H","Horita","Octopus","","","Horita"
"306","H","Horita","Octopus","","","Horita"
"307","FIA","Fia","Fish","","","Fia"
"308","FIA","Fia","Fish","","","Fia"
"309","TSITSIKE","","","","",""
"310","FIA","Fia","Fish","","","Fia"
"311","FIA","Fia","Fish","","","Fia"
"312","H","Horita","Octopus","","","Horita"
"313","H","Horita","Octopus","","","Horita"
"314","H","Horita","Octopus","","","Horita"
"315","FIA","Fia","Fish","","","Fia"
"316","H","Horita","Octopus","","","Horita"
"317","FITSE","Fia Fitse","Caesia caerulaureus","","","Fia Fitse"
"318","FELA","Jakake","Crab","","","Jakake"
"319","HORITA","Horita","Octopus","","","Horita"
"320","TSITSIKE","","","","",""
"321","FIA","Fia","Fish","","","Fia"
"322","GOGO","Fia gogo","Madagascar sea catfish/ Arius madagascariensis","","","Fia gogo"
"323","HORITA","Horita","Octopus","","","Horita"
"324","HORITA","Horita","Octopus","","","Horita"
"325","DRAGON","Dragon","Seahorse","","","Dragon"
"326","HORITA","Horita","Octopus","","","Horita"
"327","HORITA","Horita","Octopus","","","Horita"
"328","ANGISY","Angisy","Squid","","","Angisy"
"329","HORITA","Horita","Octopus","","","Horita"
"330","FIA","Fia","Fish","","","Fia"
"331","LAMERA","Lamera","eel","LAMAIRA,LAMAIRAKINA,LAMAIRA FESOTSE AMBATO,LAMAIRA KINA,LAMAIRANKENA","GYMNOTHORAX JAVANICUS, GYMNOMURAENA ZEBRA, ECHIDNA NEBULOSA, GYMNOTORAX JAVANICUS","LAMAIRA,LAMAIRAKINA,LAMAIRA FESOTSE AMBATO,LAMAIRA KINA,LAMAIRANKENA"
"332","FIA","Fia","Fish","","","Fia"
"333","HORITA","Horita","Octopus","","","Horita"
"334","FIA","Fia","Fish","","","Fia"
"335","HORITA","Horita","Octopus","","","Horita"
"336","HORITA","Horita","Octopus","","","Horita"
"337","GOGO","Fia gogo","Madagascar sea catfish/ Arius madagascariensis","","","Fia gogo"
"338","HORITA","Horita","Octopus","","","Horita"
"339","HORITA","Horita","Octopus","","","Horita"
"340","FIA","Fia","Fish","","","Fia"
"341","FIA","Fia","Fish","","","Fia"
"342","FIA","Fia","Fish","","","Fia"
"343","HORITA","Horita","Octopus","","","Horita"
"344","HORITA","Horita","Octopus","","","Horita"
"345","HORITA","Horita","Octopus","","","Horita"
"346","FIA","Fia","Fish","","","Fia"
"347","LAMERA","Lamera","eel","LAMAIRA,LAMAIRAKINA,LAMAIRA FESOTSE AMBATO,LAMAIRA KINA,LAMAIRANKENA","GYMNOTHORAX JAVANICUS, GYMNOMURAENA ZEBRA, ECHIDNA NEBULOSA, GYMNOTORAX JAVANICUS","LAMAIRA,LAMAIRAKINA,LAMAIRA FESOTSE AMBATO,LAMAIRA KINA,LAMAIRANKENA"
"348","FIA","Fia","Fish","","","Fia"
"349","GOGO","Fia gogo","Madagascar sea catfish/ Arius madagascariensis","","","Fia gogo"
"350","FELA","Jakake","Crab","","","Jakake"
"351","FIA","Fia","Fish","","","Fia"
"352","ZANGA","Zanga","Sea Cucumber","","","Zanga"
"353","HORITA","Horita","Octopus","","","Horita"
"354","ZANGA","Zanga","Sea Cucumber","","","Zanga"
"355","HORITA","Horita","Octopus","","","Horita"
"356","BOZIKE","Bozike","Chicoreus ramosus","","","Bozike"
"357","ANGISY","Angisy","Squid","","","Angisy"
"358","FIA","Fia","Fish","","","Fia"
"359","FIA","Fia","Fish","","","Fia"
"360","ANGISY","Angisy","Squid","","","Angisy"
"361","FIA","Fia","Fish","","","Fia"
"362","ANGISY","Angisy","Squid","","","Angisy"
"363","FIA","Fia","Fish","","","Fia"
"364","FIA","Fia","Fish","","","Fia"
"365","HORITA","Horita","Octopus","","","Horita"
"366","DRAGON","Dragon","Seahorse","","","Dragon"
"367","FIA","Fia","Fish","","","Fia"
"368","HORITA","Horita","Octopus","","","Horita"
"369","FIA","Fia","Fish","","","Fia"
"370","FIA","Fia","Fish","","","Fia"
"371","FIA","Fia","Fish","","","Fia"
"372","FIA","Fia","Fish","","","Fia"
"373","DORILISY","Zanga Dorilisy","Pink/black sea cucumber or black teatfish/ holothuria edulis or notabilis","","","Zanga Dorilisy"
"374","HORITA","Horita","Octopus","","","Horita"
"375","HORITA","Horita","Octopus","","","Horita"
"376","ZANGA","Zanga","Sea Cucumber","","","Zanga"
"377","HORITA","Horita","Octopus","","","Horita"
"378","HORITA","Horita","Octopus","","","Horita"
"379","HORITA","Horita","Octopus","","","Horita"
"380","HORITA","Horita","Octopus","","","Horita"
"381","ZANGA","Zanga","Sea Cucumber","","","Zanga"
"382","HORITA","Horita","Octopus","","","Horita"
"383","TSITSIKE","","","","",""
"384","ZANGA","Zanga","Sea Cucumber","","","Zanga"
"385","HORITA","Horita","Octopus","","","Horita"
"386","GOGO","Fia gogo","Madagascar sea catfish/ Arius madagascariensis","","","Fia gogo"
"387","FIA","Fia","Fish","","","Fia"
"388","ZAGO","Zanga","Sea Cucumber","","","Zanga"
"389","HORITA","Horita","Octopus","","","Horita"
"390","HORITA","Horita","Octopus","","","Horita"
"391","HORITA","Horita","Octopus","","","Horita"
"392","HORITA","Horita","Octopus","","","Horita"
"393","HORITA","Horita","Octopus","","","Horita"
"394","HORITA","Horita","Octopus","","","Horita"
"395","FIA","Fia","Fish","","","Fia"
"396","FIA","Fia","Fish","","","Fia"
"397","HORITA","Horita","Octopus","","","Horita"
"398","ZANGA","Zanga","Sea Cucumber","","","Zanga"
"399","FIA","Fia","Fish","","","Fia"
"400","LAMERA","Lamera","eel","LAMAIRA,LAMAIRAKINA,LAMAIRA FESOTSE AMBATO,LAMAIRA KINA,LAMAIRANKENA","GYMNOTHORAX JAVANICUS, GYMNOMURAENA ZEBRA, ECHIDNA NEBULOSA, GYMNOTORAX JAVANICUS","LAMAIRA,LAMAIRAKINA,LAMAIRA FESOTSE AMBATO,LAMAIRA KINA,LAMAIRANKENA"
"401","FIA","Fia","Fish","","","Fia"
"402","BOZIKE","Bozike","Chicoreus ramosus","","","Bozike"
"403","HORITA","Horita","Octopus","","","Horita"
"404","ZANGA","Zanga","Sea Cucumber","","","Zanga"
"405","HORITA","Horita","Octopus","","","Horita"
"406","FIA","Fia","Fish","","","Fia"
"407","HORITA","Horita","Octopus","","","Horita"
"408","GOGO","Fia gogo","Madagascar sea catfish/ Arius madagascariensis","","","Fia gogo"
"409","FIA","Fia","Fish","","","Fia"
"410","ZANGA","Zanga","Sea Cucumber","","","Zanga"
"411","ANGISY","Angisy","Squid","","","Angisy"
"412","HORITA","Horita","Octopus","","","Horita"
"413","HORITA","Horita","Octopus","","","Horita"
"414","FIA","Fia","Fish","","","Fia"
"415","BOZIKE","Bozike","Chicoreus ramosus","","","Bozike"
"416","HORITA","Horita","Octopus","","","Horita"
"417","GOGO","Fia gogo","Madagascar sea catfish/ Arius madagascariensis","","","Fia gogo"
"418","HORITA","Horita","Octopus","","","Horita"
"419","ZANGA","Zanga","Sea Cucumber","","","Zanga"
"420","HORITA","Horita","Octopus","","","Horita"
"421","BOZIKE","Bozike","Chicoreus ramosus","","","Bozike"
"422","HORITA","Horita","Octopus","","","Horita"
"423","HORITA","Horita","Octopus","","","Horita"
"424","HORITA","Horita","Octopus","","","Horita"
"425","FIA","Fia","Fish","","","Fia"
"426","LAMERA","Lamera","eel","LAMAIRA,LAMAIRAKINA,LAMAIRA FESOTSE AMBATO,LAMAIRA KINA,LAMAIRANKENA","GYMNOTHORAX JAVANICUS, GYMNOMURAENA ZEBRA, ECHIDNA NEBULOSA, GYMNOTORAX JAVANICUS","LAMAIRA,LAMAIRAKINA,LAMAIRA FESOTSE AMBATO,LAMAIRA KINA,LAMAIRANKENA"
"427","ZANGA","Zanga","Sea Cucumber","","","Zanga"
"428","FIA","Fia","Fish","","","Fia"
"429","ZANGA","Zanga","Sea Cucumber","","","Zanga"
"430","HORITA","Horita","Octopus","","","Horita"
"431","FIA","Fia","Fish","","","Fia"
"432","HORITA","Horita","Octopus","","","Horita"
"433","FIA","Fia","Fish","","","Fia"
"434","HORITA","Horita","Octopus","","","Horita"
"435","HORITA","Horita","Octopus","","","Horita"
"436","ZANGA","Zanga","Sea Cucumber","","","Zanga"
"437","HORITA","Horita","Octopus","","","Horita"
"438","FIA","Fia","Fish","","","Fia"
"439","FIA","Fia","Fish","","","Fia"
"440","HORITA","Horita","Octopus","","","Horita"
"441","ZANGA","Zanga","Sea Cucumber","","","Zanga"
"442","HORITA","Horita","Octopus","","","Horita"
"443","HORITA","Horita","Octopus","","","Horita"
"444","ZANGA","Zanga","Sea Cucumber","","","Zanga"
"445","ZANGA","Zanga","Sea Cucumber","","","Zanga"
"446","HORITA","Horita","Octopus","","","Horita"
"447","LAMERA","Lamera","eel","LAMAIRA,LAMAIRAKINA,LAMAIRA FESOTSE AMBATO,LAMAIRA KINA,LAMAIRANKENA","GYMNOTHORAX JAVANICUS, GYMNOMURAENA ZEBRA, ECHIDNA NEBULOSA, GYMNOTORAX JAVANICUS","LAMAIRA,LAMAIRAKINA,LAMAIRA FESOTSE AMBATO,LAMAIRA KINA,LAMAIRANKENA"
"448","HORITA","Horita","Octopus","","","Horita"
"449","HORITA","Horita","Octopus","","","Horita"
"450","LOMOTSE","Lomots","Seaweed","","","Lomots"
"451","HORITA","Horita","Octopus","","","Horita"
"452","ZANGA","Zanga","Sea Cucumber","","","Zanga"
"453","HORITA","Horita","Octopus","","","Horita"
"454","HORITA","Horita","Octopus","","","Horita"
"455","BOZIKE","Bozike","Chicoreus ramosus","","","Bozike"
"456","HORITA","Horita","Octopus","","","Horita"
"457","HORITA","Horita","Octopus","","","Horita"
"458","HORITA","Horita","Octopus","","","Horita"
"459","ZANGA","Zanga","Sea Cucumber","","","Zanga"
"460","HORITA","Horita","Octopus","","","Horita"
"461","HORITA","Horita","Octopus","","","Horita"
"462","ZANGA","Zanga","Sea Cucumber","","","Zanga"
"463","ZANGA","Zanga","Sea Cucumber","","","Zanga"
"464","HORITA","Horita","Octopus","","","Horita"
"465","HORITA","Horita","Octopus","","","Horita"
"466","HORITA","Horita","Octopus","","","Horita"
"467","ZANGA","Zanga","Sea Cucumber","","","Zanga"
"468","ZANGA","Zanga","Sea Cucumber","","","Zanga"
"469","ZANGA","Zanga","Sea Cucumber","","","Zanga"
"470","ZANGA","Zanga","Sea Cucumber","","","Zanga"
"471","ZANGA","Zanga","Sea Cucumber","","","Zanga"
"472","HORITA","Horita","Octopus","","","Horita"
"473","HORITA","Horita","Octopus","","","Horita"
"474","HORITA","Horita","Octopus","","","Horita"
"475","ZANGA","Zanga","Sea Cucumber","","","Zanga"
"476","ZANGA","Zanga","Sea Cucumber","","","Zanga"
"477","ZANGA","Zanga","Sea Cucumber","","","Zanga"
"478","HORITA","Horita","Octopus","","","Horita"
"479","HORITA","Horita","Octopus","","","Horita"
"480","HORITA","Horita","Octopus","","","Horita"
"481","ZANGA","Zanga","Sea Cucumber","","","Zanga"
"482","HORITA","Horita","Octopus","","","Horita"
"483","HORITA","Horita","Octopus","","","Horita"
"484","ZANGA","Zanga","Sea Cucumber","","","Zanga"
"485","HORITA","Horita","Octopus","","","Horita"
"486","ZANGA","Zanga","Sea Cucumber","","","Zanga"
"487","HORITA","Horita","Octopus","","","Horita"
"488","ZANGA","Zanga","Sea Cucumber","","","Zanga"
"489","HORITA","Horita","Octopus","","","Horita"
"490","HORITA","Horita","Octopus","","","Horita"
"491","HORITA","Horita","Octopus","","","Horita"
"492","ZANGA","Zanga","Sea Cucumber","","","Zanga"
"493","HORITA","Horita","Octopus","","","Horita"
"494","HORITA","Horita","Octopus","","","Horita"
"495","ZANGA","Zanga","Sea Cucumber","","","Zanga"
"496","ZANGA","Zanga","Sea Cucumber","","","Zanga"
"497","HORITA","Horita","Octopus","","","Horita"
"498","ZANGA","Zanga","Sea Cucumber","","","Zanga"
"499","HORITA","Horita","Octopus","","","Horita"
"500","ZANGA","Zanga","Sea Cucumber","","","Zanga"
"501","HORITA","Horita","Octopus","","","Horita"
"502","HORITA","Horita","Octopus","","","Horita"
"503","HORITA","Horita","Octopus","","","Horita"
"504","BEJA","Beja","Cypaeacassis rufa","","","Beja"
"505","HORITA","Horita","Octopus","","","Horita"
"506","ZANGA","Zanga","Sea Cucumber","","","Zanga"
"507","HORITA","Horita","Octopus","","","Horita"
"508","HORITA","Horita","Octopus","","","Horita"
"509","HORITA","Horita","Octopus","","","Horita"
"510","HORITA","Horita","Octopus","","","Horita"
"511","BEJA","Beja","Cypaeacassis rufa","","","Beja"
"512","HORITA","Horita","Octopus","","","Horita"
"513","HORITA","Horita","Octopus","","","Horita"
"514","HORITA","Horita","Octopus","","","Horita"
"515","HORITA","Horita","Octopus","","","Horita"
"516","FIA","Fia","Fish","","","Fia"
"517","HORITA","Horita","Octopus","","","Horita"
"518","HORITA","Horita","Octopus","","","Horita"
"519","HORITA","Horita","Octopus","","","Horita"
"520","ZANGA","Zanga","Sea Cucumber","","","Zanga"
"521","KABO","Fia Kabo","Frogfish/ antennariidae","KABO,KABO","EPINEPHELUS FUSCOGUTTATUS, AROTHRON MELEAGRIS","KABO,KABO"
"522","HORITA","Horita","Octopus","","","Horita"
"523","HORITA","Horita","Octopus","","","Horita"
"524","HORITA","Horita","Octopus","","","Horita"
"525","HORITA","Horita","Octopus","","","Horita"
"526","ZANGA","Zanga","Sea Cucumber","","","Zanga"
"527","ZANGA","Zanga","Sea Cucumber","","","Zanga"
"528","HORITA","Horita","Octopus","","","Horita"
"529","HORITA","Horita","Octopus","","","Horita"
"530","ZANGA","Zanga","Sea Cucumber","","","Zanga"
"531","HORITA","Horita","Octopus","","","Horita"
"532","HORITA","Horita","Octopus","","","Horita"
"533","HORITA","Horita","Octopus","","","Horita"
"534","ZANGA","Zanga","Sea Cucumber","","","Zanga"
"535","ZANGA","Zanga","Sea Cucumber","","","Zanga"
"536","HORITA","Horita","Octopus","","","Horita"
"537","ZANGA","Zanga","Sea Cucumber","","","Zanga"
"538","HORITA","Horita","Octopus","","","Horita"
"539","ZANGA","Zanga","Sea Cucumber","","","Zanga"
"540","ZANGA","Zanga","Sea Cucumber","","","Zanga"
"541","HORITA","Horita","Octopus","","","Horita"
"542","HORITA","Horita","Octopus","","","Horita"
"543","HORITA","Horita","Octopus","","","Horita"
"544","HORITA","Horita","Octopus","","","Horita"
"545","HORITA","Horita","Octopus","","","Horita"
"546","ZANGA","Zanga","Sea Cucumber","","","Zanga"
"547","HORITA","Horita","Octopus","","","Horita"
"548","HORITA","Horita","Octopus","","","Horita"
"549","LOMOTSE","Lomots","Seaweed","","","Lomots"
"550","ZANGA","Zanga","Sea Cucumber","","","Zanga"
"551","HORITA","Horita","Octopus","","","Horita"
"552","HORITA","Horita","Octopus","","","Horita"
"553","ZANGA","Zanga","Sea Cucumber","","","Zanga"
"554","ZANGA","Zanga","Sea Cucumber","","","Zanga"
"555","ZANGA","Zanga","Sea Cucumber","","","Zanga"
"556","ZANGA","Zanga","Sea Cucumber","","","Zanga"
"557","HORITA","Horita","Octopus","","","Horita"
"558","HORITA","Horita","Octopus","","","Horita"
"559","HORITA","Horita","Octopus","","","Horita"
"560","ZANGA","Zanga","Sea Cucumber","","","Zanga"
"561","HORITA","Horita","Octopus","","","Horita"
"562","ZANGA","Zanga","Sea Cucumber","","","Zanga"
"563","ZANGA","Zanga","Sea Cucumber","","","Zanga"
"564","HORITA","Horita","Octopus","","","Horita"
"565","HORITA","Horita","Octopus","","","Horita"
"566","HORITA","Horita","Octopus","","","Horita"
"567","HORITA","Horita","Octopus","","","Horita"
"568","HORITA","Horita","Octopus","","","Horita"
"569","ZANGA","Zanga","Sea Cucumber","","","Zanga"
"570","HORITA","Horita","Octopus","","","Horita"
"571","HORITA","Horita","Octopus","","","Horita"
"572","HORITA","Horita","Octopus","","","Horita"
"573","HORITA","Horita","Octopus","","","Horita"
"574","ZANGA","Zanga","Sea Cucumber","","","Zanga"
"575","HORITA","Horita","Octopus","","","Horita"
"576","HORITA","Horita","Octopus","","","Horita"
"577","FIA","Fia","Fish","","","Fia"
"578","ZANGA","Zanga","Sea Cucumber","","","Zanga"
"579","ZANGA","Zanga","Sea Cucumber","","","Zanga"
"580","ZANGA","Zanga","Sea Cucumber","","","Zanga"
"581","HORITA","Horita","Octopus","","","Horita"
"582","FIA","Fia","Fish","","","Fia"
"583","ZANGA","Zanga","Sea Cucumber","","","Zanga"
"584","FELA","Jakake","Crab","","","Jakake"
"585","HORITA","Horita","Octopus","","","Horita"
"586","HORITA","Horita","Octopus","","","Horita"
"587","HORITA","Horita","Octopus","","","Horita"
"588","HORITA","Horita","Octopus","","","Horita"
"589","ZOMALY","","Sea Cucumber","","","Sea Cucumber"
"590","HORITA","Horita","Octopus","","","Horita"
"591","ZANGA BENONO","Zanga Benono","White teatfish/ holothuria fuscogilva","","","Zanga Benono"
"592","HORITA","Horita","Octopus","","","Horita"
"593","FIA","Fia","Fish","","","Fia"
"594","ZANGA","Zanga","Sea Cucumber","","","Zanga"
"595","FIA","Fia","Fish","","","Fia"
"596","FIA","Fia","Fish","","","Fia"
"597","ZANGA","Zanga","Sea Cucumber","","","Zanga"
"598","FIA","Fia","Fish","","","Fia"
"599","ZANGA","Zanga","Sea Cucumber","","","Zanga"
"600","FIA","Fia","Fish","","","Fia"
"601","FIA","Fia","Fish","","","Fia"
"602","ANGISY","Angisy","Squid","","","Angisy"
"603","HORITA","Horita","Octopus","","","Horita"
"604","FIA","Fia","Fish","","","Fia"
"605","HORITA","Horita","Octopus","","","Horita"
"606","HORITA","Horita","Octopus","","","Horita"
"607","HORITA","Horita","Octopus","","","Horita"
"608","FIA","Fia","Fish","","","Fia"
"609","HORITA","Horita","Octopus","","","Horita"
"610","FIA","Fia","Fish","","","Fia"
"611","HORITA","Horita","Octopus","","","Horita"
"612","HORITA","Horita","Octopus","","","Horita"
"613","FIA","Fia","Fish","","","Fia"
"614","HORITA","Horita","Octopus","","","Horita"
"615","BENONO","Zanga Benono","White teatfish/ holothuria fuscogilva","","","Zanga Benono"
"616","HORITA","Horita","Octopus","","","Horita"
"617","BENONO","Zanga Benono","White teatfish/ holothuria fuscogilva","","","Zanga Benono"
"618","BENONO","Zanga Benono","White teatfish/ holothuria fuscogilva","","","Zanga Benono"
"619","HORITA","Horita","Octopus","","","Horita"
"620","DRAGON","Dragon","Seahorse","","","Dragon"
"621","ZOMALY","","Sea Cucumber","","","Sea Cucumber"
"622","HORITA","Horita","Octopus","","","Horita"
"623","ZOMALY","","Sea Cucumber","","","Sea Cucumber"
"624","HORITA","Horita","Octopus","","","Horita"
"625","ANGISY","Angisy","Squid","","","Angisy"
"626","HORITA","Horita","Octopus","","","Horita"
"627","TSITSIKE","","","","",""
"628","HORITA","Horita","Octopus","","","Horita"
"629","ZOMALY","","Sea Cucumber","","","Sea Cucumber"
"630","HORITA","Horita","Octopus","","","Horita"
"631","ZANGA FOTITSETSAKE","Zanga foty","Sandfish Holothuria scabra","","","Zanga foty"
"632","FIA","Fia","Fish","","","Fia"
"633","FIA","Fia","Fish","","","Fia"
"634","FIA","Fia","Fish","","","Fia"
"635","FIA","Fia","Fish","","","Fia"
"636","ZOMALY","","Sea Cucumber","","","Sea Cucumber"
"637","HORITA","Horita","Octopus","","","Horita"
"638","ZOMALY","","Sea Cucumber","","","Sea Cucumber"
"639","BOZIKE","Bozike","Chicoreus ramosus","","","Bozike"
"640","HORITA","Horita","Octopus","","","Horita"
"641","ZANGA FOTY","Zanga foty","Sandfish Holothuria scabra","","","Zanga foty"
"642","HORITA","Horita","Octopus","","","Horita"
"643","FIA","Fia","Fish","","","Fia"
"644","FIA","Fia","Fish","","","Fia"
"645","HORITA","Horita","Octopus","","","Horita"
"646","HORITA","Horita","Octopus","","","Horita"
"647","HORITA","Horita","Octopus","","","Horita"
"648","HORITA","Horita","Octopus","","","Horita"
"649","FIA","Fia","Fish","","","Fia"
"650","FIA","Fia","Fish","","","Fia"
"651","HORITA","Horita","Octopus","","","Horita"
"652","ZOMALY","","Sea Cucumber","","","Sea Cucumber"
"653","HORITA","Horita","Octopus","","","Horita"
"654","HORITA","Horita","Octopus","","","Horita"
"655","BOZIKE","Bozike","Chicoreus ramosus","","","Bozike"
"656","HORITA","Horita","Octopus","","","Horita"
"657","HORITA","Horita","Octopus","","","Horita"
"658","FIA","Fia","Fish","","","Fia"
"659","HORITA","Horita","Octopus","","","Horita"
"660","HORITA","Horita","Octopus","","","Horita"
"661","ZANGA","Zanga","Sea Cucumber","","","Zanga"
"662","HORITA","Horita","Octopus","","","Horita"
"663","HORITA","Horita","Octopus","","","Horita"
"664","TSITSIKE","","","","",""
"665","HORITA","Horita","Octopus","","","Horita"
"666","HORITA","Horita","Octopus","","","Horita"
"667","HORITA","Horita","Octopus","","","Horita"
"668","FIA","Fia","Fish","","","Fia"
"669","HORITA","Horita","Octopus","","","Horita"
"670","ZANGA","Zanga","Sea Cucumber","","","Zanga"
"671","HORITA","Horita","Octopus","","","Horita"
"672","HORITA","Horita","Octopus","","","Horita"
"673","HORITA","Horita","Octopus","","","Horita"
"674","HORITA","Horita","Octopus","","","Horita"
"675","HORITA","Horita","Octopus","","","Horita"
"676","HORITA","Horita","Octopus","","","Horita"
"677","HORITA","Horita","Octopus","","","Horita"
"678","BOZIKE","Bozike","Chicoreus ramosus","","","Bozike"
"679","HORITA","Horita","Octopus","","","Horita"
"680","HORITA","Horita","Octopus","","","Horita"
"681","DOROLISY","Zanga Dorilisy","Pink/black sea cucumber or black teatfish/ holothuria edulis or notabilis","","","Zanga Dorilisy"
"682","HORITA","Horita","Octopus","","","Horita"
"683","HORITA","Horita","Octopus","","","Horita"
"684","FIA","Fia","Fish","","","Fia"
"685","ZANGA","Zanga","Sea Cucumber","","","Zanga"
"686","ZANGA","Zanga","Sea Cucumber","","","Zanga"
"687","HORITA","Horita","Octopus","","","Horita"
"688","FIA","Fia","Fish","","","Fia"
"689","ZOMALY","","Sea Cucumber","","","Sea Cucumber"
"690","ZOMALY","","Sea Cucumber","","","Sea Cucumber"
"691","HORITA","Horita","Octopus","","","Horita"
"692","LANILAY","Lani Lani?","","LANILANY","BOTHUS MANCUS","LANILANY"
"693","HORITA","Horita","Octopus","","","Horita"
"694","LANGOUSTA","Langousta","Lobster","","","Langousta"
"695","ZANGA","Zanga","Sea Cucumber","","","Zanga"
"696","FIA","Fia","Fish","","","Fia"
"697","HORITA","Horita","Octopus","","","Horita"
"698","FAY RARA","Fay rara","","","","Fay rara"
"699","ZOMALY","","Sea Cucumber","","","Sea Cucumber"
"700","LANGOUSTA","Langousta","Lobster","","","Langousta"
"701","LAMERA","Lamera","eel","LAMAIRA,LAMAIRAKINA,LAMAIRA FESOTSE AMBATO,LAMAIRA KINA,LAMAIRANKENA","GYMNOTHORAX JAVANICUS, GYMNOMURAENA ZEBRA, ECHIDNA NEBULOSA, GYMNOTORAX JAVANICUS","LAMAIRA,LAMAIRAKINA,LAMAIRA FESOTSE AMBATO,LAMAIRA KINA,LAMAIRANKENA"
"702","ZOMALY","","Sea Cucumber","","","Sea Cucumber"
"703","FIA BODOLOHA","Fia Bodoloha","Blue Barred parrotfish/ scarus ghobban","BODOLOHA","HIPPOSCARUS HARID, SCARUS PRASIOGNATHUS, SCARUS NIGER, CALOTOMUS SPINIDENS, SCARUS GHOBBAN, CALOTOMUS CAROLINUS, CHLORURUS STRONGYLOCEPHALUS, SCARUS TRICOLOR, SCARUS SCABER, SCARUS RUSSELLI, SCARUS RUBROVIOLACEUS, SCARUS PSITTACUS, SCARUS FRENATUS, CHLORURUS SORDIDUS, CHLORURUS ATRILUNULA, CETOSCARUS BICOLOR, THALASSOMA QUINQUEVITTATUM, SCARUS GHOBBAN<A0>, SCARUS CAUDOFASCIATUS, POMACENTRUS PAVO, PRISTOTIS OBTUSIROSTRIS","BODOLOHA"
"704","HORITA","Horita","Octopus","","","Horita"
"705","HORITA","Horita","Octopus","","","Horita"
"706","TSITSIKE","","","","",""
"707","ZOMALY","","Sea Cucumber","","","Sea Cucumber"
"708","HORITA","Horita","Octopus","","","Horita"
"709","HORITA","Horita","Octopus","","","Horita"
"710","FAY RARA","Fay rara","","","","Fay rara"
"711","BENONO","Zanga Benono","White teatfish/ holothuria fuscogilva","","","Zanga Benono"
"712","HORITA","Horita","Octopus","","","Horita"
"713","HORITA","Horita","Octopus","","","Horita"
"714","BENONO","Zanga Benono","White teatfish/ holothuria fuscogilva","","","Zanga Benono"
"715","BENONO","Zanga Benono","White teatfish/ holothuria fuscogilva","","","Zanga Benono"
"716","BENONO","Zanga Benono","White teatfish/ holothuria fuscogilva","","","Zanga Benono"
"717","FIA","Fia","Fish","","","Fia"
"718","GOGO","Fia gogo","Madagascar sea catfish/ Arius madagascariensis","","","Fia gogo"
"719","HORITA","Horita","Octopus","","","Horita"
"720","BENONO","Zanga Benono","White teatfish/ holothuria fuscogilva","","","Zanga Benono"
"721","BENONO","Zanga Benono","White teatfish/ holothuria fuscogilva","","","Zanga Benono"
"722","FAY","Fay","Ray","","","Fay"
"723","HORITA","Horita","Octopus","","","Horita"
"724","HORITA","Horita","Octopus","","","Horita"
"725","ZANGA TRONKENA","Zanga Trokena","Brownfish/ Actinopyga echinites","","","Zanga Trokena"
"726","ZANGA","Zanga","Sea Cucumber","","","Zanga"
"727","HORITA","Horita","Octopus","","","Horita"
"728","HORITA","Horita","Octopus","","","Horita"
"729","HORITA","Horita","Octopus","","","Horita"
"730","ZANGA","Zanga","Sea Cucumber","","","Zanga"
"731","HORITA","Horita","Octopus","","","Horita"
"732","ZANGA TRONKENA","Zanga Trokena","Brownfish/ Actinopyga echinites","","","Zanga Trokena"
"733","ZANGA PITIKE","Zanga","Sea Cucumber","","","Zanga"
"734","ZANGA TRONKENA","Zanga Trokena","Brownfish/ Actinopyga echinites","","","Zanga Trokena"
"735","HORITA","Horita","Octopus","","","Horita"
"736","HORITA","Horita","Octopus","","","Horita"
"737","ZANGA PITIKE","Zanga","Sea Cucumber","","","Zanga"
"738","ZANGA PITIKE","Zanga","Sea Cucumber","","","Zanga"
"739","FIA","Fia","Fish","","","Fia"
"740","FIA","Fia","Fish","","","Fia"
"741","HORITA","Horita","Octopus","","","Horita"
"742","ZANGA","Zanga","Sea Cucumber","","","Zanga"
"743","HORITA","Horita","Octopus","","","Horita"
"744","HORITA","Horita","Octopus","","","Horita"
"745","ZANGA","Zanga","Sea Cucumber","","","Zanga"
"746","HORITA","Horita","Octopus","","","Horita"
"747","HORITA","Horita","Octopus","","","Horita"
"748","ZANGA TRONKENA","Zanga Trokena","Brownfish/ Actinopyga echinites","","","Zanga Trokena"
"749","ZANGA","Zanga","Sea Cucumber","","","Zanga"
"750","ZANGA TRONKENA","Zanga Trokena","Brownfish/ Actinopyga echinites","","","Zanga Trokena"
"751","ZANGA","Zanga","Sea Cucumber","","","Zanga"
"752","ZOMALY","","Sea Cucumber","","","Sea Cucumber"
"753","ZANGA","Zanga","Sea Cucumber","","","Zanga"
"754","HORITA","Horita","Octopus","","","Horita"
"755","HORITA","Horita","Octopus","","","Horita"
"756","HORITA","Horita","Octopus","","","Horita"
"757","HORITA","Horita","Octopus","","","Horita"
"758","HORITA","Horita","Octopus","","","Horita"
"759","HORITA","Horita","Octopus","","","Horita"
"760","ZANGA","Zanga","Sea Cucumber","","","Zanga"
"761","HORITA","Horita","Octopus","","","Horita"
"762","DOROLISY","Zanga Dorilisy","Pink/black sea cucumber or black teatfish/ holothuria edulis or notabilis","","","Zanga Dorilisy"
"763","BENONO","Zanga Benono","White teatfish/ holothuria fuscogilva","","","Zanga Benono"
"764","HORITA","Horita","Octopus","","","Horita"
"765","HORITA","Horita","Octopus","","","Horita"
"766","HORITA","Horita","Octopus","","","Horita"
"767","FIA","Fia","Fish","","","Fia"
"768","DOROLISY","Zanga Dorilisy","Pink/black sea cucumber or black teatfish/ holothuria edulis or notabilis","","","Zanga Dorilisy"
"769","FIA","Fia","Fish","","","Fia"
"770","ZOMALY","","Sea Cucumber","","","Sea Cucumber"
"771","FIA","Fia","Fish","","","Fia"
"772","HORITA","Horita","Octopus","","","Horita"
"773","HORITA","Horita","Octopus","","","Horita"
"774","TSITSIKE","","","","",""
"775","BENONO","Zanga Benono","White teatfish/ holothuria fuscogilva","","","Zanga Benono"
"776","HORITA","Horita","Octopus","","","Horita"
"777","ZOMALY","","Sea Cucumber","","","Sea Cucumber"
"778","BENONO","Zanga Benono","White teatfish/ holothuria fuscogilva","","","Zanga Benono"
"779","BENONO","Zanga Benono","White teatfish/ holothuria fuscogilva","","","Zanga Benono"
"780","FIA","Fia","Fish","","","Fia"
"781","BENONO","Zanga Benono","White teatfish/ holothuria fuscogilva","","","Zanga Benono"
"782","HORITA","Horita","Octopus","","","Horita"
"783","HORITA","Horita","Octopus","","","Horita"
"784","FIA","Fia","Fish","","","Fia"
"785","HORITA","Horita","Octopus","","","Horita"
"786","HORITA","Horita","Octopus","","","Horita"
"787","FIA","Fia","Fish","","","Fia"
"788","HORITA","Horita","Octopus","","","Horita"
"789","ZANGA","Zanga","Sea Cucumber","","","Zanga"
"790","HORITA","Horita","Octopus","","","Horita"
"791","HORITA","Horita","Octopus","","","Horita"
"792","HORITA","Horita","Octopus","","","Horita"
"793","FIA","Fia","Fish","","","Fia"
"794","ANGISY","Angisy","Squid","","","Angisy"
"795","FIA","Fia","Fish","","","Fia"
"796","HORITA","Horita","Octopus","","","Horita"
"797","HORITA","Horita","Octopus","","","Horita"
"798","HORITA","Horita","Octopus","","","Horita"
"799","FIA","Fia","Fish","","","Fia"
"800","FIA","Fia","Fish","","","Fia"
"801","HORITA","Horita","Octopus","","","Horita"
"802","HORITA","Horita","Octopus","","","Horita"
"803","HORITA","Horita","Octopus","","","Horita"
"804","HORITA","Horita","Octopus","","","Horita"
"805","HORITA","Horita","Octopus","","","Horita"
"806","HORITA","Horita","Octopus","","","Horita"
"807","HORITA","Horita","Octopus","","","Horita"
"808","HORITA","Horita","Octopus","","","Horita"
"809","HORITA","Horita","Octopus","","","Horita"
"810","HORITA","Horita","Octopus","","","Horita"
"811","FIA","Fia","Fish","","","Fia"
"812","FIA","Fia","Fish","","","Fia"
"813","HORITA","Horita","Octopus","","","Horita"
"814","HORITA","Horita","Octopus","","","Horita"
"815","HORITA","Horita","Octopus","","","Horita"
"816","HORITA","Horita","Octopus","","","Horita"
"817","HORITA","Horita","Octopus","","","Horita"
"818","FIA","Fia","Fish","","","Fia"
"819","FIA","Fia","Fish","","","Fia"
"820","HORITA","Horita","Octopus","","","Horita"
"821","HORITA","Horita","Octopus","","","Horita"
"822","TSONTSO","Fia tsontso","White  banded triggerfish/ rhinecanthus aculeatus","TSONTSO,TSONTSO ALAOTSE,TSONTSO FANIA,TSONTSO FANIHY,TSONTSO SIKILY,TSONTSO TSIMALAHO,TSONTSOMBOLA,TSONTSOMKARA","CANTHIGASTER AMBOINENSIS, RHINECANTHUS ACULEATUS, MELICHTHYS NIGER, MELICHTHYS INDICUS, BALISTOIDES CONSPICILLUM, SUFFLAMEN BURSA, ODONUS NIGER, PSEUDOBALISTES FUSCUS, BALISTOIDES VIRIDESCENS, ABALISTES STELLATTUS, LETHRINUS OBSOLETUS, BALISTAPUS UNDULATUS, ABALISTES STELLATUS, CENTHEAHINES PARDELIS, PERVAGER JAUTHINOSOMA, CENTHEALUVRES DUMERILII, ALUTERUS SCRIPTUS, AMANSES SCOPES, ODUNUS NIGER, PSEUDOBALISTES FURCUS, PHINECANTHUS ACULEATUS, OXYMONOCANTHUS LONGIROSTRIS, BALISTOIDES VIRIDENSCENS","TSONTSO,TSONTSO ALAOTSE,TSONTSO FANIA,TSONTSO FANIHY,TSONTSO SIKILY,TSONTSO TSIMALAHO,TSONTSOMBOLA,TSONTSOMKARA"
"823","FIA","Fia","Fish","","","Fia"
"824","HORITA","Horita","Octopus","","","Horita"
"825","FIA","Fia","Fish","","","Fia"
"826","HORITA","Horita","Octopus","","","Horita"
"827","HORITA","Horita","Octopus","","","Horita"
"828","HORITA","Horita","Octopus","","","Horita"
"829","FIA","Fia","Fish","","","Fia"
"830","HORITA","Horita","Octopus","","","Horita"
"831","HORITA","Horita","Octopus","","","Horita"
"832","FIA","Fia","Fish","","","Fia"
"833","HORITA","Horita","Octopus","","","Horita"
"834","HORITA","Horita","Octopus","","","Horita"
"835","HORITA","Horita","Octopus","","","Horita"
"836","HORITA","Horita","Octopus","","","Horita"
"837","HORITA","Horita","Octopus","","","Horita"
"838","HORITA","Horita","Octopus","","","Horita"
"839","HORITA","Horita","Octopus","","","Horita"
"840","LAMERA","Lamera","eel","LAMAIRA,LAMAIRAKINA,LAMAIRA FESOTSE AMBATO,LAMAIRA KINA,LAMAIRANKENA","GYMNOTHORAX JAVANICUS, GYMNOMURAENA ZEBRA, ECHIDNA NEBULOSA, GYMNOTORAX JAVANICUS","LAMAIRA,LAMAIRAKINA,LAMAIRA FESOTSE AMBATO,LAMAIRA KINA,LAMAIRANKENA"
"841","HORITA","Horita","Octopus","","","Horita"
"842","HORITA","Horita","Octopus","","","Horita"
"843","HORITA","Horita","Octopus","","","Horita"
"844","HORITA","Horita","Octopus","","","Horita"
"845","HORITA","Horita","Octopus","","","Horita"
"846","HORITA","Horita","Octopus","","","Horita"
"847","FIA","Fia","Fish","","","Fia"
"848","LAMERA","Lamera","eel","LAMAIRA,LAMAIRAKINA,LAMAIRA FESOTSE AMBATO,LAMAIRA KINA,LAMAIRANKENA","GYMNOTHORAX JAVANICUS, GYMNOMURAENA ZEBRA, ECHIDNA NEBULOSA, GYMNOTORAX JAVANICUS","LAMAIRA,LAMAIRAKINA,LAMAIRA FESOTSE AMBATO,LAMAIRA KINA,LAMAIRANKENA"
"849","HORITA","Horita","Octopus","","","Horita"
"850","HORITA","Horita","Octopus","","","Horita"
"851","HORITA","Horita","Octopus","","","Horita"
"852","HORITA","Horita","Octopus","","","Horita"
"853","HORITA","Horita","Octopus","","","Horita"
"854","HORITA","Horita","Octopus","","","Horita"
"855","HORITA","Horita","Octopus","","","Horita"
"856","HORITA","Horita","Octopus","","","Horita"
"857","HORITA","Horita","Octopus","","","Horita"
"858","HORITA","Horita","Octopus","","","Horita"
"859","HORITA","Horita","Octopus","","","Horita"
"860","FIA","Fia","Fish","","","Fia"
"861","HORITA","Horita","Octopus","","","Horita"
"862","HORITA","Horita","Octopus","","","Horita"
"863","HORITA","Horita","Octopus","","","Horita"
"864","HORITA","Horita","Octopus","","","Horita"
"865","HORITA","Horita","Octopus","","","Horita"
"866","HORITA","Horita","Octopus","","","Horita"
"867","HORITA","Horita","Octopus","","","Horita"
"868","FIA","Fia","Fish","","","Fia"
"869","HORITA","Horita","Octopus","","","Horita"
"870","FIA","Fia","Fish","","","Fia"
"871","HORITA","Horita","Octopus","","","Horita"
"872","HORITA","Horita","Octopus","","","Horita"
"873","HORITA","Horita","Octopus","","","Horita"
"874","SOROBOA","Fia Soroboa","Giant or grayspotted Guitarfish/ rhynchobatus dijddensis or acroteriobatus leucospilus","","","Fia Soroboa"
"875","HORITA","Horita","Octopus","","","Horita"
"876","FIA","Fia","Fish","","","Fia"
"877","HORITA","Horita","Octopus","","","Horita"
"878","HORITA","Horita","Octopus","","","Horita"
"879","FIA","Fia","Fish","","","Fia"
"880","HORITA","Horita","Octopus","","","Horita"
"881","HORITA","Horita","Octopus","","","Horita"
"882","HORITA","Horita","Octopus","","","Horita"
"883","FIA","Fia","Fish","","","Fia"
"884","FIA","Fia","Fish","","","Fia"
"885","HORITA","Horita","Octopus","","","Horita"
"886","FAY","Fay","Ray","","","Fay"
"887","FIA","Fia","Fish","","","Fia"
"888","HORITA","Horita","Octopus","","","Horita"
"889","HORITA","Horita","Octopus","","","Horita"
"890","HORITA","Horita","Octopus","","","Horita"
"891","HORITA","Horita","Octopus","","","Horita"
"892","FIA","Fia","Fish","","","Fia"
"893","FIA","Fia","Fish","","","Fia"
"894","HORITA","Horita","Octopus","","","Horita"
"895","HORITA","Horita","Octopus","","","Horita"
"896","HORITA","Horita","Octopus","","","Horita"
"897","FIA","Fia","Fish","","","Fia"
"898","FIA","Fia","Fish","","","Fia"
"899","HORITA","Horita","Octopus","","","Horita"
"900","HORITA","Horita","Octopus","","","Horita"
"901","HORITA","Horita","Octopus","","","Horita"
"902","HORITA","Horita","Octopus","","","Horita"
"903","HORITA","Horita","Octopus","","","Horita"
"904","HORITA","Horita","Octopus","","","Horita"
"905","FIA","Fia","Fish","","","Fia"
"906","FIA","Fia","Fish","","","Fia"
"907","FIA","Fia","Fish","","","Fia"
"908","BOZIKE","Bozike","Chicoreus ramosus","","","Bozike"
"909","FIA","Fia","Fish","","","Fia"
"910","FIA","Fia","Fish","","","Fia"
"911","HORITA","Horita","Octopus","","","Horita"
"912","HORITA","Horita","Octopus","","","Horita"
"913","HORITA","Horita","Octopus","","","Horita"
"914","FIA","Fia","Fish","","","Fia"
"915","ZANGA","Zanga","Sea Cucumber","","","Zanga"
"916","HORITA","Horita","Octopus","","","Horita"
"917","FIA","Fia","Fish","","","Fia"
"918","FIA","Fia","Fish","","","Fia"
"919","FIA","Fia","Fish","","","Fia"
"920","HORITA","Horita","Octopus","","","Horita"
"921","HORITA","Horita","Octopus","","","Horita"
"922","HORITA","Horita","Octopus","","","Horita"
"923","HORITA","Horita","Octopus","","","Horita"
"924","HORITA","Horita","Octopus","","","Horita"
"925","FIA","Fia","Fish","","","Fia"
"926","FIA","Fia","Fish","","","Fia"
"927","HORITA","Horita","Octopus","","","Horita"
"928","HORITA","Horita","Octopus","","","Horita"
"929","FIA","Fia","Fish","","","Fia"
"930","FIA","Fia","Fish","","","Fia"
"931","HORITA","Horita","Octopus","","","Horita"
"932","HORITA","Horita","Octopus","","","Horita"
"933","FIA","Fia","Fish","","","Fia"
"934","FIA","Fia","Fish","","","Fia"
"935","FIA","Fia","Fish","","","Fia"
"936","HORITA","Horita","Octopus","","","Horita"
"937","HORITA","Horita","Octopus","","","Horita"
"938","FIA","Fia","Fish","","","Fia"
"939","HORITA","Horita","Octopus","","","Horita"
"940","HORITA","Horita","Octopus","","","Horita"
"941","HORITA","Horita","Octopus","","","Horita"
"942","HORITA","Horita","Octopus","","","Horita"
"943","FIA","Fia","Fish","","","Fia"
"944","HORITA","Horita","Octopus","","","Horita"
"945","HORITA","Horita","Octopus","","","Horita"
"946","FIA","Fia","Fish","","","Fia"
"947","HORITA","Horita","Octopus","","","Horita"
"948","HORITA","Horita","Octopus","","","Horita"
"949","HORITA","Horita","Octopus","","","Horita"
"950","FIA","Fia","Fish","","","Fia"
"951","FIA","Fia","Fish","","","Fia"
"952","FIA","Fia","Fish","","","Fia"
"953","HORITA","Horita","Octopus","","","Horita"
"954","LANGOUSTA","Langousta","Lobster","","","Langousta"
"955","FIA","Fia","Fish","","","Fia"
"956","FIA","Fia","Fish","","","Fia"
"957","ANGISY","Angisy","Squid","","","Angisy"
"958","HORITA","Horita","Octopus","","","Horita"
"959","HORITA","Horita","Octopus","","","Horita"
"960","HORITA","Horita","Octopus","","","Horita"
"961","HORITA","Horita","Octopus","","","Horita"
"962","HORITA","Horita","Octopus","","","Horita"
"963","HORITA","Horita","Octopus","","","Horita"
"964","HORITA","Horita","Octopus","","","Horita"
"965","ANGISY","Angisy","Squid","","","Angisy"
"966","FIA","Fia","Fish","","","Fia"
"967","HORITA","Horita","Octopus","","","Horita"
"968","HORITA","Horita","Octopus","","","Horita"
"969","FIA","Fia","Fish","","","Fia"
"970","FIA","Fia","Fish","","","Fia"
"971","LANGOUSTA","Langousta","Lobster","","","Langousta"
"972","FIA","Fia","Fish","","","Fia"
"973","FIA","Fia","Fish","","","Fia"
"974","HORITA","Horita","Octopus","","","Horita"
"975","FIA","Fia","Fish","","","Fia"
"976","HORITA","Horita","Octopus","","","Horita"
"977","HORITA","Horita","Octopus","","","Horita"
"978","FIA","Fia","Fish","","","Fia"
"979","HORITA","Horita","Octopus","","","Horita"
"980","HORITA","Horita","Octopus","","","Horita"
"981","FIA","Fia","Fish","","","Fia"
"982","BETAMPY","","Shell","","","Shell"
"983","HORITA","Horita","Octopus","","","Horita"
"984","FIA","Fia","Fish","","","Fia"
"985","FIA","Fia","Fish","","","Fia"
"986","FIA","Fia","Fish","","","Fia"
"987","FIA","Fia","Fish","","","Fia"
"988","HORITA","Horita","Octopus","","","Horita"
"989","FIA","Fia","Fish","","","Fia"
"990","HORITA","Horita","Octopus","","","Horita"
"991","HORITA","Horita","Octopus","","","Horita"
"992","FIA","Fia","Fish","","","Fia"
"993","FIA","Fia","Fish","","","Fia"
"994","FIA","Fia","Fish","","","Fia"
"995","LANGOUSTA","Langousta","Lobster","","","Langousta"
"996","HORITA","Horita","Octopus","","","Horita"
"997","FIA","Fia","Fish","","","Fia"
"998","HORITA","Horita","Octopus","","","Horita"
"999","HORITA","Horita","Octopus","","","Horita"
"1000","FIA","Fia","Fish","","","Fia"
"1001","FIA","Fia","Fish","","","Fia"
"1002","HORITA","Horita","Octopus","","","Horita"
"1003","HORITA","Horita","Octopus","","","Horita"
"1004","HORITA","Horita","Octopus","","","Horita"
"1005","HORITA","Horita","Octopus","","","Horita"
"1006","HORITA","Horita","Octopus","","","Horita"
"1007","HORITA","Horita","Octopus","","","Horita"
"1008","HORITA","Horita","Octopus","","","Horita"
"1009","HORITA","Horita","Octopus","","","Horita"
"1010","HORITA","Horita","Octopus","","","Horita"
"1011","FIA","Fia","Fish","","","Fia"
"1012","FIA","Fia","Fish","","","Fia"
"1013","HORITA","Horita","Octopus","","","Horita"
"1014","HORITA","Horita","Octopus","","","Horita"
"1015","ANGISY","Angisy","Squid","","","Angisy"
"1016","HORITA","Horita","Octopus","","","Horita"
"1017","FIA","Fia","Fish","","","Fia"
"1018","FIA","Fia","Fish","","","Fia"
"1019","HORITA","Horita","Octopus","","","Horita"
"1020","HORITA","Horita","Octopus","","","Horita"
"1021","HORITA","Horita","Octopus","","","Horita"
"1022","FIA","Fia","Fish","","","Fia"
"1023","ANGISY","Angisy","Squid","","","Angisy"
"1024","ANGISY","Angisy","Squid","","","Angisy"
"1025","ANGISY","Angisy","Squid","","","Angisy"
"1026","FIA","Fia","Fish","","","Fia"
"1027","HORITA","Horita","Octopus","","","Horita"
"1028","FIA","Fia","Fish","","","Fia"
"1029","FIA","Fia","Fish","","","Fia"
"1030","LAMERA","Lamera","eel","LAMAIRA,LAMAIRAKINA,LAMAIRA FESOTSE AMBATO,LAMAIRA KINA,LAMAIRANKENA","GYMNOTHORAX JAVANICUS, GYMNOMURAENA ZEBRA, ECHIDNA NEBULOSA, GYMNOTORAX JAVANICUS","LAMAIRA,LAMAIRAKINA,LAMAIRA FESOTSE AMBATO,LAMAIRA KINA,LAMAIRANKENA"
"1031","FIA","Fia","Fish","","","Fia"
"1032","LAMATSA","Lamatra","Kanadi Kingfish/ scombermorus plurilineatus","LAMATSA,LAMATRA,LAMANTRA,LAMANTRA","SCOMBEROMORUS COMMERSON, SCOMBEROIDES LYSAN, SCOBEROIDES LYSAN","LAMATSA,LAMATRA,LAMANTRA,LAMANTRA"
"1033","HORITA","Horita","Octopus","","","Horita"
"1034","HORITA","Horita","Octopus","","","Horita"
"1035","HORITA","Horita","Octopus","","","Horita"
"1036","HORITA","Horita","Octopus","","","Horita"
"1037","HORITA","Horita","Octopus","","","Horita"
"1038","HORITA","Horita","Octopus","","","Horita"
"1039","HORITA","Horita","Octopus","","","Horita"
"1040","FIA","Fia","Fish","","","Fia"
"1041","FIA","Fia","Fish","","","Fia"
"1042","FIA","Fia","Fish","","","Fia"
"1043","HORITA","Horita","Octopus","","","Horita"
"1044","HORITA","Horita","Octopus","","","Horita"
"1045","HORITA","Horita","Octopus","","","Horita"
"1046","HORITA","Horita","Octopus","","","Horita"
"1047","HORITA","Horita","Octopus","","","Horita"
"1048","HORITA","Horita","Octopus","","","Horita"
"1049","HORITA","Horita","Octopus","","","Horita"
"1050","HORITA","Horita","Octopus","","","Horita"
"1051","HORITA","Horita","Octopus","","","Horita"
"1052","HORITA","Horita","Octopus","","","Horita"
"1053","HORITA","Horita","Octopus","","","Horita"
"1054","HORITA","Horita","Octopus","","","Horita"
"1055","HORITA","Horita","Octopus","","","Horita"
"1056","HORITA","Horita","Octopus","","","Horita"
"1057","FIA","Fia","Fish","","","Fia"
"1058","HORITA","Horita","Octopus","","","Horita"
"1059","HORITA","Horita","Octopus","","","Horita"
"1060","FIA","Fia","Fish","","","Fia"
"1061","GOGO","Fia gogo","Madagascar sea catfish/ Arius madagascariensis","","","Fia gogo"
"1062","HORITA","Horita","Octopus","","","Horita"
"1063","HORITA","Horita","Octopus","","","Horita"
"1064","HORITA","Horita","Octopus","","","Horita"
"1065","HORITA","Horita","Octopus","","","Horita"
"1066","HORITA","Horita","Octopus","","","Horita"
"1067","FIA","Fia","Fish","","","Fia"
"1068","HORITA","Horita","Octopus","","","Horita"
"1069","HORITA","Horita","Octopus","","","Horita"
"1070","HORITA","Horita","Octopus","","","Horita"
"1071","FIA","Fia","Fish","","","Fia"
"1072","FIA","Fia","Fish","","","Fia"
"1073","FIA","Fia","Fish","","","Fia"
"1074","HORITA","Horita","Octopus","","","Horita"
"1075","FIA","Fia","Fish","","","Fia"
"1076","FIA","Fia","Fish","","","Fia"
"1077","HORITA","Horita","Octopus","","","Horita"
"1078","FIA","Fia","Fish","","","Fia"
"1079","FIA","Fia","Fish","","","Fia"
"1080","FIA","Fia","Fish","","","Fia"
"1081","FIA","Fia","Fish","","","Fia"
"1082","FIA","Fia","Fish","","","Fia"
"1083","HORITA","Horita","Octopus","","","Horita"
"1084","HORITA","Horita","Octopus","","","Horita"
"1085","FIA","Fia","Fish","","","Fia"
"1086","FIA","Fia","Fish","","","Fia"
"1087","FIA","Fia","Fish","","","Fia"
"1088","FIA","Fia","Fish","","","Fia"
"1089","HORITA","Horita","Octopus","","","Horita"
"1090","HORITA","Horita","Octopus","","","Horita"
"1091","FIA","Fia","Fish","","","Fia"
"1092","FIA","Fia","Fish","","","Fia"
"1093","FIA","Fia","Fish","","","Fia"
"1094","FIA","Fia","Fish","","","Fia"
"1095","HORITA","Horita","Octopus","","","Horita"
"1096","FIA","Fia","Fish","","","Fia"
"1097","HORITA","Horita","Octopus","","","Horita"
"1098","HORITA","Horita","Octopus","","","Horita"
"1099","HORITA","Horita","Octopus","","","Horita"
"1100","HORITA","Horita","Octopus","","","Horita"
"1101","HORITA","Horita","Octopus","","","Horita"
"1102","HORITA","Horita","Octopus","","","Horita"
"1103","HORITA","Horita","Octopus","","","Horita"
"1104","HORITA","Horita","Octopus","","","Horita"
"1105","FIA","Fia","Fish","","","Fia"
"1106","FIA","Fia","Fish","","","Fia"
"1107","FIA","Fia","Fish","","","Fia"
"1108","HORITA","Horita","Octopus","","","Horita"
"1109","HORITA","Horita","Octopus","","","Horita"
"1110","FIA","Fia","Fish","","","Fia"
"1111","FIA","Fia","Fish","","","Fia"
"1112","FIA","Fia","Fish","","","Fia"
"1113","HORITA","Horita","Octopus","","","Horita"
"1114","FIA","Fia","Fish","","","Fia"
"1115","FIA","Fia","Fish","","","Fia"
"1116","HORITA","Horita","Octopus","","","Horita"
"1117","HORITA","Horita","Octopus","","","Horita"
"1118","HORITA","Horita","Octopus","","","Horita"
"1119","HORITA","Horita","Octopus","","","Horita"
"1120","HORITA","Horita","Octopus","","","Horita"
"1121","HORITA","Horita","Octopus","","","Horita"
"1122","FIA","Fia","Fish","","","Fia"
"1123","FIA","Fia","Fish","","","Fia"
"1124","FIA","Fia","Fish","","","Fia"
"1125","HORITA","Horita","Octopus","","","Horita"
"1126","HORITA","Horita","Octopus","","","Horita"
"1127","HORITA","Horita","Octopus","","","Horita"
"1128","HORITA","Horita","Octopus","","","Horita"
"1129","HORITA","Horita","Octopus","","","Horita"
"1130","HORITA","Horita","Octopus","","","Horita"
"1131","HORITA","Horita","Octopus","","","Horita"
"1132","FIA","Fia","Fish","","","Fia"
"1133","HORITA","Horita","Octopus","","","Horita"
"1134","HORITA","Horita","Octopus","","","Horita"
"1135","HORITA","Horita","Octopus","","","Horita"
"1136","HORITA","Horita","Octopus","","","Horita"
"1137","HORITA","Horita","Octopus","","","Horita"
"1138","FIA","Fia","Fish","","","Fia"
"1139","HORITA","Horita","Octopus","","","Horita"
"1140","HORITA","Horita","Octopus","","","Horita"
"1141","FIA","Fia","Fish","","","Fia"
"1142","FIA","Fia","Fish","","","Fia"
"1143","FIA","Fia","Fish","","","Fia"
"1144","HORITA","Horita","Octopus","","","Horita"
"1145","HORITA","Horita","Octopus","","","Horita"
"1146","FIA","Fia","Fish","","","Fia"
"1147","HORITA","Horita","Octopus","","","Horita"
"1148","FIA","Fia","Fish","","","Fia"
"1149","FIA","Fia","Fish","","","Fia"
"1150","FIA","Fia","Fish","","","Fia"
"1151","HORITA","Horita","Octopus","","","Horita"
"1152","HORITA","Horita","Octopus","","","Horita"
"1153","HORITA","Horita","Octopus","","","Horita"
"1154","HORITA","Horita","Octopus","","","Horita"
"1155","FIA","Fia","Fish","","","Fia"
"1156","FIA","Fia","Fish","","","Fia"
"1157","FIA","Fia","Fish","","","Fia"
"1158","HORITA","Horita","Octopus","","","Horita"
"1159","FIA","Fia","Fish","","","Fia"
"1160","HORITA","Horita","Octopus","","","Horita"
"1161","HORITA","Horita","Octopus","","","Horita"
"1162","FIA","Fia","Fish","","","Fia"
"1163","FIA","Fia","Fish","","","Fia"
"1164","FIA","Fia","Fish","","","Fia"
"1165","FIA","Fia","Fish","","","Fia"
"1166","HORITA","Horita","Octopus","","","Horita"
"1167","HORITA","Horita","Octopus","","","Horita"
"1168","FIA","Fia","Fish","","","Fia"
"1169","HORITA","Horita","Octopus","","","Horita"
"1170","HORITA","Horita","Octopus","","","Horita"
"1171","FIA","Fia","Fish","","","Fia"
"1172","FIA","Fia","Fish","","","Fia"
"1173","TSITSIKE","","","","",""
"1174","HORITA","Horita","Octopus","","","Horita"
"1175","HORITA","Horita","Octopus","","","Horita"
"1176","FIA","Fia","Fish","","","Fia"
"1177","FIA","Fia","Fish","","","Fia"
"1178","FIA","Fia","Fish","","","Fia"
"1179","FIA","Fia","Fish","","","Fia"
"1180","FIA","Fia","Fish","","","Fia"
"1181","FIA","Fia","Fish","","","Fia"
"1182","HORITA","Horita","Octopus","","","Horita"
"1183","FIA","Fia","Fish","","","Fia"
"1184","FIA","Fia","Fish","","","Fia"
"1185","HORITA","Horita","Octopus","","","Horita"
"1186","HORITA","Horita","Octopus","","","Horita"
"1187","HORITA","Horita","Octopus","","","Horita"
"1188","HORITA","Horita","Octopus","","","Horita"
"1189","FIA","Fia","Fish","","","Fia"
"1190","FIA","Fia","Fish","","","Fia"
"1191","LOVO","Fia Lovo","Bluespotted or coral grouper / cephalopholis argus or cephalopholis miniata","LOVO","EPINEPHELUS FUSCOGUTTATUS, CEPHALOPHOLIS SEXMACULATA, CEPHALOPHOLIS MINIATA, ANYPERADON LEUCOGRAMMICUS, EPINEPHELUS CAERULEOPUNCTATUS, EPINEPHELUS FASCIATUS, PLECTROPOMUS PUNCTATUS, CEPHALOPHOLIS URODETA, CEPHALOPHOLIS SONNERATI, PLECTROPOMUS LAEVIS, EPINEPHELUS MULTINOTATUS, PLECTORHINCHUS ALBOVITTATUS, ANYPERODON LEUCOGRAMMICUS, CEPHALOPHOLIS SONNERATI<A0>, PLECTOPOMUS PUNCTATUS, PLECTOPOMUS LAEVIS, PLECTORHINCHUS ALBOVITATUS","LOVO"
"1192","HORITA","Horita","Octopus","","","Horita"
"1193","HORITA","Horita","Octopus","","","Horita"
"1194","LAMERA","Lamera","eel","LAMAIRA,LAMAIRAKINA,LAMAIRA FESOTSE AMBATO,LAMAIRA KINA,LAMAIRANKENA","GYMNOTHORAX JAVANICUS, GYMNOMURAENA ZEBRA, ECHIDNA NEBULOSA, GYMNOTORAX JAVANICUS","LAMAIRA,LAMAIRAKINA,LAMAIRA FESOTSE AMBATO,LAMAIRA KINA,LAMAIRANKENA"
"1195","FIA","Fia","Fish","","","Fia"
"1196","LAMERA","Lamera","eel","LAMAIRA,LAMAIRAKINA,LAMAIRA FESOTSE AMBATO,LAMAIRA KINA,LAMAIRANKENA","GYMNOTHORAX JAVANICUS, GYMNOMURAENA ZEBRA, ECHIDNA NEBULOSA, GYMNOTORAX JAVANICUS","LAMAIRA,LAMAIRAKINA,LAMAIRA FESOTSE AMBATO,LAMAIRA KINA,LAMAIRANKENA"
"1197","HORITA","Horita","Octopus","","","Horita"
"1198","HORITA","Horita","Octopus","","","Horita"
"1199","HORITA","Horita","Octopus","","","Horita"
"1200","FIA","Fia","Fish","","","Fia"
"1201","FIA","Fia","Fish","","","Fia"
"1202","HORITA","Horita","Octopus","","","Horita"
"1203","HORITA","Horita","Octopus","","","Horita"
"1204","ANGISY","Angisy","Squid","","","Angisy"
"1205","FIA","Fia","Fish","","","Fia"
"1206","FIA","Fia","Fish","","","Fia"
"1207","FIA","Fia","Fish","","","Fia"
"1208","HORITA","Horita","Octopus","","","Horita"
"1209","HORITA","Horita","Octopus","","","Horita"
"1210","HORITA","Horita","Octopus","","","Horita"
"1211","FAY","Fay","Ray","","","Fay"
"1212","FIA","Fia","Fish","","","Fia"
"1213","FIA","Fia","Fish","","","Fia"
"1214","HORITA","Horita","Octopus","","","Horita"
"1215","HORITA","Horita","Octopus","","","Horita"
"1216","HORITA","Horita","Octopus","","","Horita"
"1217","FAY","Fay","Ray","","","Fay"
"1218","FIA","Fia","Fish","","","Fia"
"1219","HORITA","Horita","Octopus","","","Horita"
"1220","FAY","Fay","Ray","","","Fay"
"1221","HORITA","Horita","Octopus","","","Horita"
"1222","HORITA","Horita","Octopus","","","Horita"
"1223","HORITA","Horita","Octopus","","","Horita"
"1224","FIA","Fia","Fish","","","Fia"
"1225","HORITA","Horita","Octopus","","","Horita"
"1226","FIA","Fia","Fish","","","Fia"
"1227","FIA","Fia","Fish","","","Fia"
"1228","FIA","Fia","Fish","","","Fia"
"1229","LAFO","Fia Lafo","Red lionfish/ pterois volitans","LAFO","PTEROIS VOLITANS, NOTOLABRUS PARILUS, PTERAGOGUS FLAGELLIFERA, NOTOLABRU SPARLUS","LAFO"
"1230","HORITA","Horita","Octopus","","","Horita"
"1231","FIA","Fia","Fish","","","Fia"
"1232","FIA","Fia","Fish","","","Fia"
"1233","HORITA","Horita","Octopus","","","Horita"
"1234","HORITA","Horita","Octopus","","","Horita"
"1235","HORITA","Horita","Octopus","","","Horita"
"1236","FAY","Fay","Ray","","","Fay"
"1237","LAMERA","Lamera","eel","LAMAIRA,LAMAIRAKINA,LAMAIRA FESOTSE AMBATO,LAMAIRA KINA,LAMAIRANKENA","GYMNOTHORAX JAVANICUS, GYMNOMURAENA ZEBRA, ECHIDNA NEBULOSA, GYMNOTORAX JAVANICUS","LAMAIRA,LAMAIRAKINA,LAMAIRA FESOTSE AMBATO,LAMAIRA KINA,LAMAIRANKENA"
"1238","HORITA","Horita","Octopus","","","Horita"
"1239","HORITA","Horita","Octopus","","","Horita"
"1240","HORITA","Horita","Octopus","","","Horita"
"1241","HORITA","Horita","Octopus","","","Horita"
"1242","HORITA","Horita","Octopus","","","Horita"
"1243","HORITA","Horita","Octopus","","","Horita"
"1244","HORITA","Horita","Octopus","","","Horita"
"1245","HORITA","Horita","Octopus","","","Horita"
"1246","HORITA","Horita","Octopus","","","Horita"
"1247","HORITA","Horita","Octopus","","","Horita"
"1248","FIA","Fia","Fish","","","Fia"
"1249","HORITA","Horita","Octopus","","","Horita"
"1250","HORITA","Horita","Octopus","","","Horita"
"1251","HORITA","Horita","Octopus","","","Horita"
"1252","FIA","Fia","Fish","","","Fia"
"1253","HORITA","Horita","Octopus","","","Horita"
"1254","HORITA","Horita","Octopus","","","Horita"
"1255","FIA","Fia","Fish","","","Fia"
"1256","FIA","Fia","Fish","","","Fia"
"1257","FIA","Fia","Fish","","","Fia"
"1258","FIA","Fia","Fish","","","Fia"
"1259","FIA","Fia","Fish","","","Fia"
"1260","HORITA","Horita","Octopus","","","Horita"
"1261","HORITA","Horita","Octopus","","","Horita"
"1262","HORITA","Horita","Octopus","","","Horita"
"1263","HORITA","Horita","Octopus","","","Horita"
"1264","HORITA","Horita","Octopus","","","Horita"
"1265","HORITA","Horita","Octopus","","","Horita"
"1266","HORITA","Horita","Octopus","","","Horita"
"1267","FIA","Fia","Fish","","","Fia"
"1268","FIA","Fia","Fish","","","Fia"
"1269","HORITA","Horita","Octopus","","","Horita"
"1270","HORITA","Horita","Octopus","","","Horita"
"1271","HORITA","Horita","Octopus","","","Horita"
"1272","HORITA","Horita","Octopus","","","Horita"
"1273","HORITA","Horita","Octopus","","","Horita"
"1274","HORITA","Horita","Octopus","","","Horita"
"1275","FIA","Fia","Fish","","","Fia"
"1276","FIA","Fia","Fish","","","Fia"
"1277","FIA","Fia","Fish","","","Fia"
"1278","HORITA","Horita","Octopus","","","Horita"
"1279","HORITA","Horita","Octopus","","","Horita"
"1280","HORITA","Horita","Octopus","","","Horita"
"1281","FIA","Fia","Fish","","","Fia"
"1282","HORITA","Horita","Octopus","","","Horita"
"1283","HORITA","Horita","Octopus","","","Horita"
"1284","FIA","Fia","Fish","","","Fia"
"1285","HORITA","Horita","Octopus","","","Horita"
"1286","FIA","Fia","Fish","","","Fia"
"1287","HORITA","Horita","Octopus","","","Horita"
"1288","HORITA","Horita","Octopus","","","Horita"
"1289","HORITA","Horita","Octopus","","","Horita"
"1290","FIA","Fia","Fish","","","Fia"
"1291","FIA","Fia","Fish","","","Fia"
"1292","HORITA","Horita","Octopus","","","Horita"
"1293","HORITA","Horita","Octopus","","","Horita"
"1294","HORITA","Horita","Octopus","","","Horita"
"1295","FIA","Fia","Fish","","","Fia"
"1296","FIA","Fia","Fish","","","Fia"
"1297","FIA","Fia","Fish","","","Fia"
"1298","FIA","Fia","Fish","","","Fia"
"1299","FIA","Fia","Fish","","","Fia"
"1300","FIA","Fia","Fish","","","Fia"
"1301","HORITA","Horita","Octopus","","","Horita"
"1302","HORITA","Horita","Octopus","","","Horita"
"1303","HORITA","Horita","Octopus","","","Horita"
"1304","FIA","Fia","Fish","","","Fia"
"1305","FIA","Fia","Fish","","","Fia"
"1306","LAMERA","Lamera","eel","LAMAIRA,LAMAIRAKINA,LAMAIRA FESOTSE AMBATO,LAMAIRA KINA,LAMAIRANKENA","GYMNOTHORAX JAVANICUS, GYMNOMURAENA ZEBRA, ECHIDNA NEBULOSA, GYMNOTORAX JAVANICUS","LAMAIRA,LAMAIRAKINA,LAMAIRA FESOTSE AMBATO,LAMAIRA KINA,LAMAIRANKENA"
"1307","HORITA","Horita","Octopus","","","Horita"
"1308","TSITSIKE","","","","",""
"1309","FIA","Fia","Fish","","","Fia"
"1310","FIA","Fia","Fish","","","Fia"
"1311","HORITA","Horita","Octopus","","","Horita"
"1312","HORITA","Horita","Octopus","","","Horita"
"1313","HORITA","Horita","Octopus","","","Horita"
"1314","FAY","Fay","Ray","","","Fay"
"1315","TAKALO","","","TAKALO","OSTRACION MELEAGRIS, OSTRACION CUBICUS","TAKALO"
"1316","HORITA","Horita","Octopus","","","Horita"
"1317","LOVO","Fia Lovo","Bluespotted or coral grouper / cephalopholis argus or cephalopholis miniata","LOVO","EPINEPHELUS FUSCOGUTTATUS, CEPHALOPHOLIS SEXMACULATA, CEPHALOPHOLIS MINIATA, ANYPERADON LEUCOGRAMMICUS, EPINEPHELUS CAERULEOPUNCTATUS, EPINEPHELUS FASCIATUS, PLECTROPOMUS PUNCTATUS, CEPHALOPHOLIS URODETA, CEPHALOPHOLIS SONNERATI, PLECTROPOMUS LAEVIS, EPINEPHELUS MULTINOTATUS, PLECTORHINCHUS ALBOVITTATUS, ANYPERODON LEUCOGRAMMICUS, CEPHALOPHOLIS SONNERATI<A0>, PLECTOPOMUS PUNCTATUS, PLECTOPOMUS LAEVIS, PLECTORHINCHUS ALBOVITATUS","LOVO"
"1318","LANORA","Fia Lanora","Yellowspotted or giant trevally/ caragoides fulvoguttatus or Caranx ignobilis","LANORA","CARANX PAPUENSIS, CARANX MELAMPYGUS, CARANX IGNOBILIS, CARANGOIDES FULVOGUTTATUS, CARANGOIDES FERDAU, CARANX IGNOBILIS<A0>","LANORA"
"1319","FIA","Fia","Fish","","","Fia"
"1320","HORITA","Horita","Octopus","","","Horita"
"1321","HORITA","Horita","Octopus","","","Horita"
"1322","HORITA","Horita","Octopus","","","Horita"
"1323","FIA","Fia","Fish","","","Fia"
"1324","FIA","Fia","Fish","","","Fia"
"1325","FIA","Fia","Fish","","","Fia"
"1326","FIA","Fia","Fish","","","Fia"
"1327","HORITA","Horita","Octopus","","","Horita"
"1328","LAMATSA","Lamatra","Kanadi Kingfish/ scombermorus plurilineatus","LAMATSA,LAMATRA,LAMANTRA,LAMANTRA","SCOMBEROMORUS COMMERSON, SCOMBEROIDES LYSAN, SCOBEROIDES LYSAN","LAMATSA,LAMATRA,LAMANTRA,LAMANTRA"
"1329","HORITA","Horita","Octopus","","","Horita"
"1330","FIA","Fia","Fish","","","Fia"
"1331","FIA","Fia","Fish","","","Fia"
"1332","HORITA","Horita","Octopus","","","Horita"
"1333","HORITA","Horita","Octopus","","","Horita"
"1334","HORITA","Horita","Octopus","","","Horita"
"1335","HORITA","Horita","Octopus","","","Horita"
"1336","FIA","Fia","Fish","","","Fia"
"1337","HORITA","Horita","Octopus","","","Horita"
"1338","HORITA","Horita","Octopus","","","Horita"
"1339","HORITA","Horita","Octopus","","","Horita"
"1340","HORITA","Horita","Octopus","","","Horita"
"1341","HORITA","Horita","Octopus","","","Horita"
"1342","FIA","Fia","Fish","","","Fia"
"1343","FIA","Fia","Fish","","","Fia"
"1344","HORITA","Horita","Octopus","","","Horita"
"1345","HORITA","Horita","Octopus","","","Horita"
"1346","HORITA","Horita","Octopus","","","Horita"
"1347","HORITA","Horita","Octopus","","","Horita"
"1348","FIA","Fia","Fish","","","Fia"
"1349","FIA","Fia","Fish","","","Fia"
"1350","HORITA","Horita","Octopus","","","Horita"
"1351","HORITA","Horita","Octopus","","","Horita"
"1352","FIA","Fia","Fish","","","Fia"
"1353","FIA","Fia","Fish","","","Fia"
"1354","FIA","Fia","Fish","","","Fia"
"1355","HORITA","Horita","Octopus","","","Horita"
"1356","FIA","Fia","Fish","","","Fia"
"1357","FIA","Fia","Fish","","","Fia"
"1358","HORITA","Horita","Octopus","","","Horita"
"1359","FAY","Fay","Ray","","","Fay"
"1360","HORITA","Horita","Octopus","","","Horita"
"1361","LAMERA","Lamera","eel","LAMAIRA,LAMAIRAKINA,LAMAIRA FESOTSE AMBATO,LAMAIRA KINA,LAMAIRANKENA","GYMNOTHORAX JAVANICUS, GYMNOMURAENA ZEBRA, ECHIDNA NEBULOSA, GYMNOTORAX JAVANICUS","LAMAIRA,LAMAIRAKINA,LAMAIRA FESOTSE AMBATO,LAMAIRA KINA,LAMAIRANKENA"
"1362","FIA","Fia","Fish","","","Fia"
"1363","HORITA","Horita","Octopus","","","Horita"
"1364","HORITA","Horita","Octopus","","","Horita"
"1365","HORITA","Horita","Octopus","","","Horita"
"1366","FIA","Fia","Fish","","","Fia"
"1367","TSONTSO","Fia tsontso","White  banded triggerfish/ rhinecanthus aculeatus","TSONTSO,TSONTSO ALAOTSE,TSONTSO FANIA,TSONTSO FANIHY,TSONTSO SIKILY,TSONTSO TSIMALAHO,TSONTSOMBOLA,TSONTSOMKARA","CANTHIGASTER AMBOINENSIS, RHINECANTHUS ACULEATUS, MELICHTHYS NIGER, MELICHTHYS INDICUS, BALISTOIDES CONSPICILLUM, SUFFLAMEN BURSA, ODONUS NIGER, PSEUDOBALISTES FUSCUS, BALISTOIDES VIRIDESCENS, ABALISTES STELLATTUS, LETHRINUS OBSOLETUS, BALISTAPUS UNDULATUS, ABALISTES STELLATUS, CENTHEAHINES PARDELIS, PERVAGER JAUTHINOSOMA, CENTHEALUVRES DUMERILII, ALUTERUS SCRIPTUS, AMANSES SCOPES, ODUNUS NIGER, PSEUDOBALISTES FURCUS, PHINECANTHUS ACULEATUS, OXYMONOCANTHUS LONGIROSTRIS, BALISTOIDES VIRIDENSCENS","TSONTSO,TSONTSO ALAOTSE,TSONTSO FANIA,TSONTSO FANIHY,TSONTSO SIKILY,TSONTSO TSIMALAHO,TSONTSOMBOLA,TSONTSOMKARA"
"1368","VOTSANJA","Fia Votosandra?","No idea but these seem to go together","VOTSANDRA,VOTSANJA,VOTSANDRA SAMPA","PSEUDOBALISTES FUSCUS, BALISTOIDES VIRIDESCENS, ABALISTES STELLATUS, BALISTAPUS UNDULATUS, ODONUS NIGER, BALISTOIDES VIRIDESENS, PSEUDOBALISTES FURCUS, ODUNUS NIGER, SUFFLAMEN BURSA","VOTSANDRA,VOTSANJA,VOTSANDRA SAMPA"
"1369","HORITA","Horita","Octopus","","","Horita"
"1370","HORITA","Horita","Octopus","","","Horita"
"1371","FIA","Fia","Fish","","","Fia"
"1372","LAMERA","Lamera","eel","LAMAIRA,LAMAIRAKINA,LAMAIRA FESOTSE AMBATO,LAMAIRA KINA,LAMAIRANKENA","GYMNOTHORAX JAVANICUS, GYMNOMURAENA ZEBRA, ECHIDNA NEBULOSA, GYMNOTORAX JAVANICUS","LAMAIRA,LAMAIRAKINA,LAMAIRA FESOTSE AMBATO,LAMAIRA KINA,LAMAIRANKENA"
"1373","HORITA","Horita","Octopus","","","Horita"
"1374","FIA","Fia","Fish","","","Fia"
"1375","FIA","Fia","Fish","","","Fia"
"1376","FIA","Fia","Fish","","","Fia"
"1377","HORITA","Horita","Octopus","","","Horita"
"1378","HORITA","Horita","Octopus","","","Horita"
"1379","FIA","Fia","Fish","","","Fia"
"1380","HORITA","Horita","Octopus","","","Horita"
"1381","HORITA","Horita","Octopus","","","Horita"
"1382","FIA","Fia","Fish","","","Fia"
"1383","FIA","Fia","Fish","","","Fia"
"1384","HORITA","Horita","Octopus","","","Horita"
"1385","HORITA","Horita","Octopus","","","Horita"
"1386","FIA","Fia","Fish","","","Fia"
"1387","HORITA","Horita","Octopus","","","Horita"
"1388","FIA","Fia","Fish","","","Fia"
"1389","FIA","Fia","Fish","","","Fia"
"1390","FIA","Fia","Fish","","","Fia"
"1391","HORITA","Horita","Octopus","","","Horita"
"1392","LAMERA","Lamera","eel","LAMAIRA,LAMAIRAKINA,LAMAIRA FESOTSE AMBATO,LAMAIRA KINA,LAMAIRANKENA","GYMNOTHORAX JAVANICUS, GYMNOMURAENA ZEBRA, ECHIDNA NEBULOSA, GYMNOTORAX JAVANICUS","LAMAIRA,LAMAIRAKINA,LAMAIRA FESOTSE AMBATO,LAMAIRA KINA,LAMAIRANKENA"
"1393","FAY","Fay","Ray","","","Fay"
"1394","FIA","Fia","Fish","","","Fia"
"1395","FIA","Fia","Fish","","","Fia"
"1396","HORITA","Horita","Octopus","","","Horita"
"1397","SORONALY","Soronale","Fish","SORONALE","LUTJANUS FULVIFLAMMA, LUTJANUS KASMIRA","SORONALE"
"1398","LOVO","Fia Lovo","Bluespotted or coral grouper / cephalopholis argus or cephalopholis miniata","LOVO","EPINEPHELUS FUSCOGUTTATUS, CEPHALOPHOLIS SEXMACULATA, CEPHALOPHOLIS MINIATA, ANYPERADON LEUCOGRAMMICUS, EPINEPHELUS CAERULEOPUNCTATUS, EPINEPHELUS FASCIATUS, PLECTROPOMUS PUNCTATUS, CEPHALOPHOLIS URODETA, CEPHALOPHOLIS SONNERATI, PLECTROPOMUS LAEVIS, EPINEPHELUS MULTINOTATUS, PLECTORHINCHUS ALBOVITTATUS, ANYPERODON LEUCOGRAMMICUS, CEPHALOPHOLIS SONNERATI<A0>, PLECTOPOMUS PUNCTATUS, PLECTOPOMUS LAEVIS, PLECTORHINCHUS ALBOVITATUS","LOVO"
"1399","LAMATSA","Lamatra","Kanadi Kingfish/ scombermorus plurilineatus","LAMATSA,LAMATRA,LAMANTRA,LAMANTRA","SCOMBEROMORUS COMMERSON, SCOMBEROIDES LYSAN, SCOBEROIDES LYSAN","LAMATSA,LAMATRA,LAMANTRA,LAMANTRA"
"1400","HORITA","Horita","Octopus","","","Horita"
"1401","HORITA","Horita","Octopus","","","Horita"
"1402","FIA","Fia","Fish","","","Fia"
"1403","FIA","Fia","Fish","","","Fia"
"1404","HORITA","Horita","Octopus","","","Horita"
"1405","HORITA","Horita","Octopus","","","Horita"
"1406","HORITA","Horita","Octopus","","","Horita"
"1407","HORITA","Horita","Octopus","","","Horita"
"1408","FIA","Fia","Fish","","","Fia"
"1409","HORITA","Horita","Octopus","","","Horita"
"1410","HORITA","Horita","Octopus","","","Horita"
"1411","TAMBOKY","","","","",""
"1412","HORITA","Horita","Octopus","","","Horita"
"1413","HORITA","Horita","Octopus","","","Horita"
"1414","FIA","Fia","Fish","","","Fia"
"1415","HORITA","Horita","Octopus","","","Horita"
"1416","HORITA","Horita","Octopus","","","Horita"
"1417","FIA","Fia","Fish","","","Fia"
"1418","FIA","Fia","Fish","","","Fia"
"1419","FIA","Fia","Fish","","","Fia"
"1420","HORITA","Horita","Octopus","","","Horita"
"1421","FIA","Fia","Fish","","","Fia"
"1422","FIA","Fia","Fish","","","Fia"
"1423","ANTSERAKE","Antseraky","Black-barred halfbeak/ hemiramphus far","","","Antseraky"
"1424","FIA","Fia","Fish","","","Fia"
"1425","FIA","Fia","Fish","","","Fia"
"1426","LAMATSA","Lamatra","Kanadi Kingfish/ scombermorus plurilineatus","LAMATSA,LAMATRA,LAMANTRA,LAMANTRA","SCOMBEROMORUS COMMERSON, SCOMBEROIDES LYSAN, SCOBEROIDES LYSAN","LAMATSA,LAMATRA,LAMANTRA,LAMANTRA"
"1427","FAY","Fay","Ray","","","Fay"
"1428","LAMERA","Lamera","eel","LAMAIRA,LAMAIRAKINA,LAMAIRA FESOTSE AMBATO,LAMAIRA KINA,LAMAIRANKENA","GYMNOTHORAX JAVANICUS, GYMNOMURAENA ZEBRA, ECHIDNA NEBULOSA, GYMNOTORAX JAVANICUS","LAMAIRA,LAMAIRAKINA,LAMAIRA FESOTSE AMBATO,LAMAIRA KINA,LAMAIRANKENA"
"1429","FIA","Fia","Fish","","","Fia"
"1430","HORITA","Horita","Octopus","","","Horita"
"1431","HORITA","Horita","Octopus","","","Horita"
"1432","FIA","Fia","Fish","","","Fia"
"1433","TSITSIKE","","","","",""
"1434","FIA","Fia","Fish","","","Fia"
"1435","FIA","Fia","Fish","","","Fia"
"1436","ANGISY","Angisy","Squid","","","Angisy"
"1437","ANGISY","Angisy","Squid","","","Angisy"
"1438","FIA","Fia","Fish","","","Fia"
"1439","FIA","Fia","Fish","","","Fia"
"1440","FIA","Fia","Fish","","","Fia"
"1441","FIA","Fia","Fish","","","Fia"
"1442","FIA","Fia","Fish","","","Fia"
"1443","FIA","Fia","Fish","","","Fia"
"1444","FIA","Fia","Fish","","","Fia"
"1445","FIA","Fia","Fish","","","Fia"
"1446","FIA","Fia","Fish","","","Fia"
"1447","FIA","Fia","Fish","","","Fia"
"1448","FIA","Fia","Fish","","","Fia"
"1449","FIA","Fia","Fish","","","Fia"
"1450","ANGISY","Angisy","Squid","","","Angisy"
"1451","ANGISY","Angisy","Squid","","","Angisy"
"1452","ANGISY","Angisy","Squid","","","Angisy"
"1453","FIA","Fia","Fish","","","Fia"
"1454","FIA","Fia","Fish","","","Fia"
"1455","FIA","Fia","Fish","","","Fia"
"1456","FIA","Fia","Fish","","","Fia"
"1457","FIA","Fia","Fish","","","Fia"
"1458","FIA","Fia","Fish","","","Fia"
"1459","FIA","Fia","Fish","","","Fia"
"1460","FIA","Fia","Fish","","","Fia"
"1461","FIA","Fia","Fish","","","Fia"
"1462","ANGISY","Angisy","Squid","","","Angisy"
"1463","ANGISY","Angisy","Squid","","","Angisy"
"1464","FIA","Fia","Fish","","","Fia"
"1465","FIA","Fia","Fish","","","Fia"
"1466","FIA","Fia","Fish","","","Fia"
"1467","FIA","Fia","Fish","","","Fia"
"1468","FIA","Fia","Fish","","","Fia"
"1469","FIA","Fia","Fish","","","Fia"
"1470","FIA","Fia","Fish","","","Fia"
"1471","FIA","Fia","Fish","","","Fia"
"1472","FIA","Fia","Fish","","","Fia"
"1473","FIA","Fia","Fish","","","Fia"
"1474","FIA","Fia","Fish","","","Fia"
"1475","FIA","Fia","Fish","","","Fia"
"1476","FIA","Fia","Fish","","","Fia"
"1477","FIA","Fia","Fish","","","Fia"
"1478","FIA","Fia","Fish","","","Fia"
"1479","FIA","Fia","Fish","","","Fia"
"1480","FIA KIMBOROKE","","Fish","","","Fish"
"1481","FIA","Fia","Fish","","","Fia"
"1482","FIA","Fia","Fish","","","Fia"
"1483","FIA","Fia","Fish","","","Fia"
"1484","FIA","Fia","Fish","","","Fia"
"1485","FIA","Fia","Fish","","","Fia"
"1486","FIA","Fia","Fish","","","Fia"
"1487","LOVOHARA","Fia Lovo","Bluespotted or coral grouper / cephalopholis argus or cephalopholis miniata","LOVO","EPINEPHELUS FUSCOGUTTATUS, CEPHALOPHOLIS SEXMACULATA, CEPHALOPHOLIS MINIATA, ANYPERADON LEUCOGRAMMICUS, EPINEPHELUS CAERULEOPUNCTATUS, EPINEPHELUS FASCIATUS, PLECTROPOMUS PUNCTATUS, CEPHALOPHOLIS URODETA, CEPHALOPHOLIS SONNERATI, PLECTROPOMUS LAEVIS, EPINEPHELUS MULTINOTATUS, PLECTORHINCHUS ALBOVITTATUS, ANYPERODON LEUCOGRAMMICUS, CEPHALOPHOLIS SONNERATI<A0>, PLECTOPOMUS PUNCTATUS, PLECTOPOMUS LAEVIS, PLECTORHINCHUS ALBOVITATUS","LOVO"
"1488","FAY","Fay","Ray","","","Fay"
"1489","FIA","Fia","Fish","","","Fia"
"1490","FIA","Fia","Fish","","","Fia"
"1491","FIA","Fia","Fish","","","Fia"
"1492","FIA","Fia","Fish","","","Fia"
"1493","FIA","Fia","Fish","","","Fia"
"1494","FIA","Fia","Fish","","","Fia"
"1495","FIA","Fia","Fish","","","Fia"
"1496","FIA","Fia","Fish","","","Fia"
"1497","BODOLOHA","Fia Bodoloha","Blue Barred parrotfish/ scarus ghobban","BODOLOHA","HIPPOSCARUS HARID, SCARUS PRASIOGNATHUS, SCARUS NIGER, CALOTOMUS SPINIDENS, SCARUS GHOBBAN, CALOTOMUS CAROLINUS, CHLORURUS STRONGYLOCEPHALUS, SCARUS TRICOLOR, SCARUS SCABER, SCARUS RUSSELLI, SCARUS RUBROVIOLACEUS, SCARUS PSITTACUS, SCARUS FRENATUS, CHLORURUS SORDIDUS, CHLORURUS ATRILUNULA, CETOSCARUS BICOLOR, THALASSOMA QUINQUEVITTATUM, SCARUS GHOBBAN<A0>, SCARUS CAUDOFASCIATUS, POMACENTRUS PAVO, PRISTOTIS OBTUSIROSTRIS","BODOLOHA"
"1498","FIA","Fia","Fish","","","Fia"
"1499","FIA","Fia","Fish","","","Fia"
"1500","FIA","Fia","Fish","","","Fia"
"1501","FIA","Fia","Fish","","","Fia"
"1502","FIA","Fia","Fish","","","Fia"
"1503","FIA","Fia","Fish","","","Fia"
"1504","LOVO","Fia Lovo","Bluespotted or coral grouper / cephalopholis argus or cephalopholis miniata","LOVO","EPINEPHELUS FUSCOGUTTATUS, CEPHALOPHOLIS SEXMACULATA, CEPHALOPHOLIS MINIATA, ANYPERADON LEUCOGRAMMICUS, EPINEPHELUS CAERULEOPUNCTATUS, EPINEPHELUS FASCIATUS, PLECTROPOMUS PUNCTATUS, CEPHALOPHOLIS URODETA, CEPHALOPHOLIS SONNERATI, PLECTROPOMUS LAEVIS, EPINEPHELUS MULTINOTATUS, PLECTORHINCHUS ALBOVITTATUS, ANYPERODON LEUCOGRAMMICUS, CEPHALOPHOLIS SONNERATI<A0>, PLECTOPOMUS PUNCTATUS, PLECTOPOMUS LAEVIS, PLECTORHINCHUS ALBOVITATUS","LOVO"
"1505","LANORA","Fia Lanora","Yellowspotted or giant trevally/ caragoides fulvoguttatus or Caranx ignobilis","LANORA","CARANX PAPUENSIS, CARANX MELAMPYGUS, CARANX IGNOBILIS, CARANGOIDES FULVOGUTTATUS, CARANGOIDES FERDAU, CARANX IGNOBILIS<A0>","LANORA"
"1506","FIA","Fia","Fish","","","Fia"
"1507","LAMERA","Lamera","eel","LAMAIRA,LAMAIRAKINA,LAMAIRA FESOTSE AMBATO,LAMAIRA KINA,LAMAIRANKENA","GYMNOTHORAX JAVANICUS, GYMNOMURAENA ZEBRA, ECHIDNA NEBULOSA, GYMNOTORAX JAVANICUS","LAMAIRA,LAMAIRAKINA,LAMAIRA FESOTSE AMBATO,LAMAIRA KINA,LAMAIRANKENA"
"1508","FIA","Fia","Fish","","","Fia"
"1509","FIA","Fia","Fish","","","Fia"
"1510","FIA","Fia","Fish","","","Fia"
"1511","FIA","Fia","Fish","","","Fia"
"1512","FIA","Fia","Fish","","","Fia"
"1513","FIA","Fia","Fish","","","Fia"
"1514","FIA","Fia","Fish","","","Fia"
"1515","FIA","Fia","Fish","","","Fia"
"1516","FIA","Fia","Fish","","","Fia"
"1517","FIA","Fia","Fish","","","Fia"
"1518","GOGO","Fia gogo","Madagascar sea catfish/ Arius madagascariensis","","","Fia gogo"
"1519","FIA","Fia","Fish","","","Fia"
"1520","FIA","Fia","Fish","","","Fia"
"1521","ANGISY","Angisy","Squid","","","Angisy"
"1522","ANGISY","Angisy","Squid","","","Angisy"
"1523","ANGISY","Angisy","Squid","","","Angisy"
"1524","FIA","Fia","Fish","","","Fia"
"1525","FIA","Fia","Fish","","","Fia"
"1526","ANGISY","Angisy","Squid","","","Angisy"
"1527","ANGISY","Angisy","Squid","","","Angisy"
"1528","ANGISY","Angisy","Squid","","","Angisy"
"1529","ANGISY","Angisy","Squid","","","Angisy"
"1530","FIA","Fia","Fish","","","Fia"
"1531","FIA","Fia","Fish","","","Fia"
"1532","FIA","Fia","Fish","","","Fia"
"1533","FIA","Fia","Fish","","","Fia"
"1534","LOVO","Fia Lovo","Bluespotted or coral grouper / cephalopholis argus or cephalopholis miniata","LOVO","EPINEPHELUS FUSCOGUTTATUS, CEPHALOPHOLIS SEXMACULATA, CEPHALOPHOLIS MINIATA, ANYPERADON LEUCOGRAMMICUS, EPINEPHELUS CAERULEOPUNCTATUS, EPINEPHELUS FASCIATUS, PLECTROPOMUS PUNCTATUS, CEPHALOPHOLIS URODETA, CEPHALOPHOLIS SONNERATI, PLECTROPOMUS LAEVIS, EPINEPHELUS MULTINOTATUS, PLECTORHINCHUS ALBOVITTATUS, ANYPERODON LEUCOGRAMMICUS, CEPHALOPHOLIS SONNERATI<A0>, PLECTOPOMUS PUNCTATUS, PLECTOPOMUS LAEVIS, PLECTORHINCHUS ALBOVITATUS","LOVO"
"1535","FIA","Fia","Fish","","","Fia"
"1536","FAY","Fay","Ray","","","Fay"
"1537","FIA","Fia","Fish","","","Fia"
"1538","FIA","Fia","Fish","","","Fia"
"1539","FIA","Fia","Fish","","","Fia"
"1540","FIA","Fia","Fish","","","Fia"
"1541","FIA","Fia","Fish","","","Fia"
"1542","FIA","Fia","Fish","","","Fia"
"1543","FIA","Fia","Fish","","","Fia"
"1544","FIA","Fia","Fish","","","Fia"
"1545","FIA","Fia","Fish","","","Fia"
"1546","FIA","Fia","Fish","","","Fia"
"1547","FIA","Fia","Fish","","","Fia"
"1548","FIA","Fia","Fish","","","Fia"
"1549","FIA","Fia","Fish","","","Fia"
"1550","FIA","Fia","Fish","","","Fia"
"1551","FIA","Fia","Fish","","","Fia"
"1552","ANGISY","Angisy","Squid","","","Angisy"
"1553","ANGISY","Angisy","Squid","","","Angisy"
"1554","ANGISY","Angisy","Squid","","","Angisy"
"1555","FIA","Fia","Fish","","","Fia"
"1556","ANGISY","Angisy","Squid","","","Angisy"
"1557","ANGISY","Angisy","Squid","","","Angisy"
"1558","FIA","Fia","Fish","","","Fia"
"1559","FIA","Fia","Fish","","","Fia"
"1560","FIA","Fia","Fish","","","Fia"
"1561","FIA","Fia","Fish","","","Fia"
"1562","ANGISY","Angisy","Squid","","","Angisy"
"1563","ANGISY","Angisy","Squid","","","Angisy"
"1564","ANGISY","Angisy","Squid","","","Angisy"
"1565","FIA","Fia","Fish","","","Fia"
"1566","FIA","Fia","Fish","","","Fia"
"1567","FIA ANGY","Fia Angy","Zebra angelfish/ genicanthus caudovittatus","","","Fia Angy"
"1568","ANGISY","Angisy","Squid","","","Angisy"
"1569","FIA","Fia","Fish","","","Fia"
"1570","LAMERA","Lamera","eel","LAMAIRA,LAMAIRAKINA,LAMAIRA FESOTSE AMBATO,LAMAIRA KINA,LAMAIRANKENA","GYMNOTHORAX JAVANICUS, GYMNOMURAENA ZEBRA, ECHIDNA NEBULOSA, GYMNOTORAX JAVANICUS","LAMAIRA,LAMAIRAKINA,LAMAIRA FESOTSE AMBATO,LAMAIRA KINA,LAMAIRANKENA"
"1571","FIA","Fia","Fish","","","Fia"
"1572","LANORA","Fia Lanora","Yellowspotted or giant trevally/ caragoides fulvoguttatus or Caranx ignobilis","LANORA","CARANX PAPUENSIS, CARANX MELAMPYGUS, CARANX IGNOBILIS, CARANGOIDES FULVOGUTTATUS, CARANGOIDES FERDAU, CARANX IGNOBILIS<A0>","LANORA"
"1573","FIA","Fia","Fish","","","Fia"
"1574","ANGISY","Angisy","Squid","","","Angisy"
"1575","ANGISY","Angisy","Squid","","","Angisy"
"1576","LAMATSA","Lamatra","Kanadi Kingfish/ scombermorus plurilineatus","LAMATSA,LAMATRA,LAMANTRA,LAMANTRA","SCOMBEROMORUS COMMERSON, SCOMBEROIDES LYSAN, SCOBEROIDES LYSAN","LAMATSA,LAMATRA,LAMANTRA,LAMANTRA"
"1577","LOVO","Fia Lovo","Bluespotted or coral grouper / cephalopholis argus or cephalopholis miniata","LOVO","EPINEPHELUS FUSCOGUTTATUS, CEPHALOPHOLIS SEXMACULATA, CEPHALOPHOLIS MINIATA, ANYPERADON LEUCOGRAMMICUS, EPINEPHELUS CAERULEOPUNCTATUS, EPINEPHELUS FASCIATUS, PLECTROPOMUS PUNCTATUS, CEPHALOPHOLIS URODETA, CEPHALOPHOLIS SONNERATI, PLECTROPOMUS LAEVIS, EPINEPHELUS MULTINOTATUS, PLECTORHINCHUS ALBOVITTATUS, ANYPERODON LEUCOGRAMMICUS, CEPHALOPHOLIS SONNERATI<A0>, PLECTOPOMUS PUNCTATUS, PLECTOPOMUS LAEVIS, PLECTORHINCHUS ALBOVITATUS","LOVO"
"1578","ANGISY","Angisy","Squid","","","Angisy"
"1579","SARIGEBA",NA,NA,NA,NA,NA
"1580","SARIGEBA",NA,NA,NA,NA,NA
"1581","VARILAVA","Varilava","Fish, small, like shrimp","","","Varilava"
"1582","FIA","Fia","Fish","","","Fia"
"1583","FIA","Fia","Fish","","","Fia"
"1584","ANGISY","Angisy","Squid","","","Angisy"
"1585","ANGISY","Angisy","Squid","","","Angisy"
"1586","ANGISY","Angisy","Squid","","","Angisy"
"1587","ANGISY","Angisy","Squid","","","Angisy"
"1588","ANGISY","Angisy","Squid","","","Angisy"
"1589","FIA","Fia","Fish","","","Fia"
"1590","FIA","Fia","Fish","","","Fia"
"1591","FIA","Fia","Fish","","","Fia"
"1592","TSITSIKE","","","","",""
"1593","ANGISY","Angisy","Squid","","","Angisy"
"1594","ANGISY","Angisy","Squid","","","Angisy"
"1595","FIA","Fia","Fish","","","Fia"
"1596","FIA","Fia","Fish","","","Fia"
"1597","FIA","Fia","Fish","","","Fia"
"1598","FIA","Fia","Fish","","","Fia"
"1599","FAY","Fay","Ray","","","Fay"
"1600","LANORA","Fia Lanora","Yellowspotted or giant trevally/ caragoides fulvoguttatus or Caranx ignobilis","LANORA","CARANX PAPUENSIS, CARANX MELAMPYGUS, CARANX IGNOBILIS, CARANGOIDES FULVOGUTTATUS, CARANGOIDES FERDAU, CARANX IGNOBILIS<A0>","LANORA"
"1601","FIA","Fia","Fish","","","Fia"
"1602","ANGISY","Angisy","Squid","","","Angisy"
"1603","ANGISY","Angisy","Squid","","","Angisy"
"1604","ANGISY","Angisy","Squid","","","Angisy"
"1605","ANGISY","Angisy","Squid","","","Angisy"
"1606","ANGISY","Angisy","Squid","","","Angisy"
"1607","FIA","Fia","Fish","","","Fia"
"1608","FAY","Fay","Ray","","","Fay"
"1609","MOROY","Fia Moroy","Lionfish","","","Fia Moroy"
"1610","FIA","Fia","Fish","","","Fia"
"1611","FIA","Fia","Fish","","","Fia"
"1612","FAY","Fay","Ray","","","Fay"
"1613","ANGISY","Angisy","Squid","","","Angisy"
"1614","ANGISY","Angisy","Squid","","","Angisy"
"1615","ANGISY","Angisy","Squid","","","Angisy"
"1616","FIA","Fia","Fish","","","Fia"
"1617","ANGISY","Angisy","Squid","","","Angisy"
"1618","ANGISY","Angisy","Squid","","","Angisy"
"1619","ANGISY","Angisy","Squid","","","Angisy"
"1620","FIA","Fia","Fish","","","Fia"
"1621","FIA","Fia","Fish","","","Fia"
"1622","ANGISY","Angisy","Squid","","","Angisy"
"1623","ANGISY","Angisy","Squid","","","Angisy"
"1624","ANGISY","Angisy","Squid","","","Angisy"
"1625","ANGISY","Angisy","Squid","","","Angisy"
"1626","ANGISY","Angisy","Squid","","","Angisy"
"1627","FAY","Fay","Ray","","","Fay"
"1628","SOROBOA","Fia Soroboa","Giant or grayspotted Guitarfish/ rhynchobatus dijddensis or acroteriobatus leucospilus","","","Fia Soroboa"
"1629","LOVO","Fia Lovo","Bluespotted or coral grouper / cephalopholis argus or cephalopholis miniata","LOVO","EPINEPHELUS FUSCOGUTTATUS, CEPHALOPHOLIS SEXMACULATA, CEPHALOPHOLIS MINIATA, ANYPERADON LEUCOGRAMMICUS, EPINEPHELUS CAERULEOPUNCTATUS, EPINEPHELUS FASCIATUS, PLECTROPOMUS PUNCTATUS, CEPHALOPHOLIS URODETA, CEPHALOPHOLIS SONNERATI, PLECTROPOMUS LAEVIS, EPINEPHELUS MULTINOTATUS, PLECTORHINCHUS ALBOVITTATUS, ANYPERODON LEUCOGRAMMICUS, CEPHALOPHOLIS SONNERATI<A0>, PLECTOPOMUS PUNCTATUS, PLECTOPOMUS LAEVIS, PLECTORHINCHUS ALBOVITATUS","LOVO"
"1630","ANGISY","Angisy","Squid","","","Angisy"
"1631","ANGISY","Angisy","Squid","","","Angisy"
"1632","ANGISY","Angisy","Squid","","","Angisy"
"1633","LANILANY","Lani Lani?","","LANILANY","BOTHUS MANCUS","LANILANY"
"1634","FIA","Fia","Fish","","","Fia"
"1635","FIA","Fia","Fish","","","Fia"
"1636","FIA ANGY","Fia Angy","Zebra angelfish/ genicanthus caudovittatus","","","Fia Angy"
"1637","FIA","Fia","Fish","","","Fia"
"1638","ANGISY","Angisy","Squid","","","Angisy"
"1639","FAY","Fay","Ray","","","Fay"
"1640","ANGISY","Angisy","Squid","","","Angisy"
"1641","LAMERA","Lamera","eel","LAMAIRA,LAMAIRAKINA,LAMAIRA FESOTSE AMBATO,LAMAIRA KINA,LAMAIRANKENA","GYMNOTHORAX JAVANICUS, GYMNOMURAENA ZEBRA, ECHIDNA NEBULOSA, GYMNOTORAX JAVANICUS","LAMAIRA,LAMAIRAKINA,LAMAIRA FESOTSE AMBATO,LAMAIRA KINA,LAMAIRANKENA"
"1642","FIA","Fia","Fish","","","Fia"
"1643","FIA","Fia","Fish","","","Fia"
"1644","FIA","Fia","Fish","","","Fia"
"1645","FIA","Fia","Fish","","","Fia"
"1646","FIA","Fia","Fish","","","Fia"
"1647","ANGISY","Angisy","Squid","","","Angisy"
"1648","ANGISY","Angisy","Squid","","","Angisy"
"1649","HORITA","Horita","Octopus","","","Horita"
"1650","ANGISY","Angisy","Squid","","","Angisy"
"1651","ANGISY","Angisy","Squid","","","Angisy"
"1652","FIA","Fia","Fish","","","Fia"
"1653","FIA","Fia","Fish","","","Fia"
"1654","FIA","Fia","Fish","","","Fia"
"1655","FIA","Fia","Fish","","","Fia"
"1656","FIA","Fia","Fish","","","Fia"
"1657","FIA","Fia","Fish","","","Fia"
"1658","LAMERA","Lamera","eel","LAMAIRA,LAMAIRAKINA,LAMAIRA FESOTSE AMBATO,LAMAIRA KINA,LAMAIRANKENA","GYMNOTHORAX JAVANICUS, GYMNOMURAENA ZEBRA, ECHIDNA NEBULOSA, GYMNOTORAX JAVANICUS","LAMAIRA,LAMAIRAKINA,LAMAIRA FESOTSE AMBATO,LAMAIRA KINA,LAMAIRANKENA"
"1659","FIA","Fia","Fish","","","Fia"
"1660","FIA","Fia","Fish","","","Fia"
"1661","FIA","Fia","Fish","","","Fia"
"1662","FIA","Fia","Fish","","","Fia"
"1663","ANGISY","Angisy","Squid","","","Angisy"
"1664","ANGISY","Angisy","Squid","","","Angisy"
"1665","FIA","Fia","Fish","","","Fia"
"1666","FIA","Fia","Fish","","","Fia"
"1667","FIA","Fia","Fish","","","Fia"
"1668","ANGISY","Angisy","Squid","","","Angisy"
"1669","ANGISY","Angisy","Squid","","","Angisy"
"1670","ANGISY","Angisy","Squid","","","Angisy"
"1671","ANGISY","Angisy","Squid","","","Angisy"
"1672","LANORA","Fia Lanora","Yellowspotted or giant trevally/ caragoides fulvoguttatus or Caranx ignobilis","LANORA","CARANX PAPUENSIS, CARANX MELAMPYGUS, CARANX IGNOBILIS, CARANGOIDES FULVOGUTTATUS, CARANGOIDES FERDAU, CARANX IGNOBILIS<A0>","LANORA"
"1673","LOVO","Fia Lovo","Bluespotted or coral grouper / cephalopholis argus or cephalopholis miniata","LOVO","EPINEPHELUS FUSCOGUTTATUS, CEPHALOPHOLIS SEXMACULATA, CEPHALOPHOLIS MINIATA, ANYPERADON LEUCOGRAMMICUS, EPINEPHELUS CAERULEOPUNCTATUS, EPINEPHELUS FASCIATUS, PLECTROPOMUS PUNCTATUS, CEPHALOPHOLIS URODETA, CEPHALOPHOLIS SONNERATI, PLECTROPOMUS LAEVIS, EPINEPHELUS MULTINOTATUS, PLECTORHINCHUS ALBOVITTATUS, ANYPERODON LEUCOGRAMMICUS, CEPHALOPHOLIS SONNERATI<A0>, PLECTOPOMUS PUNCTATUS, PLECTOPOMUS LAEVIS, PLECTORHINCHUS ALBOVITATUS","LOVO"
"1674","VARAVARA","Fia varavara","Mangrove red snapper/ Lutjanus argentimaculatus","VARAVARA,VARAVARAMAHOZATSE","LUTJANUS ARGENTIMACULATUS, PRISTIPOMOIDES FILAMENTOSUS, LUTJANUS SANGUINEUS, LUTJANUS BOHAR, LUTJANU ARGENTIMACULATUS","VARAVARA,VARAVARAMAHOZATSE"
"1675","ANGISY","Angisy","Squid","","","Angisy"
"1676","ANGISY","Angisy","Squid","","","Angisy"
"1677","ANGISY","Angisy","Squid","","","Angisy"
"1678","ANGISY","Angisy","Squid","","","Angisy"
"1679","ANGISY","Angisy","Squid","","","Angisy"
"1680","ANGISY","Angisy","Squid","","","Angisy"
"1681","FIA","Fia","Fish","","","Fia"
"1682","FIA","Fia","Fish","","","Fia"
"1683","FIA","Fia","Fish","","","Fia"
"1684","LANORA","Fia Lanora","Yellowspotted or giant trevally/ caragoides fulvoguttatus or Caranx ignobilis","LANORA","CARANX PAPUENSIS, CARANX MELAMPYGUS, CARANX IGNOBILIS, CARANGOIDES FULVOGUTTATUS, CARANGOIDES FERDAU, CARANX IGNOBILIS<A0>","LANORA"
"1685","AMBARIAKE","Ambariake","Gerres acinaces/ strongspine silver biddy","AMBARIAKE,AMBARIAKA","GERRES ACINACES, GYMNOCRANIUS GRISEUS, GYMNOCRANIUS GRANDOCULIS, MONOTAXIS GRANDOCULIS, LETHRINUS HARAK, GERE ACINACES","AMBARIAKE,AMBARIAKA"
"1686","FAY","Fay","Ray","","","Fay"
"1687","ANGISY","Angisy","Squid","","","Angisy"
"1688","LANORA","Fia Lanora","Yellowspotted or giant trevally/ caragoides fulvoguttatus or Caranx ignobilis","LANORA","CARANX PAPUENSIS, CARANX MELAMPYGUS, CARANX IGNOBILIS, CARANGOIDES FULVOGUTTATUS, CARANGOIDES FERDAU, CARANX IGNOBILIS<A0>","LANORA"
"1689","LANORA","Fia Lanora","Yellowspotted or giant trevally/ caragoides fulvoguttatus or Caranx ignobilis","LANORA","CARANX PAPUENSIS, CARANX MELAMPYGUS, CARANX IGNOBILIS, CARANGOIDES FULVOGUTTATUS, CARANGOIDES FERDAU, CARANX IGNOBILIS<A0>","LANORA"
"1690","FIANTSOFA","","Fish","","","Fish"
"1691","ANGISY","Angisy","Squid","","","Angisy"
"1692","FIA","Fia","Fish","","","Fia"
"1693","SOROBOA","Fia Soroboa","Giant or grayspotted Guitarfish/ rhynchobatus dijddensis or acroteriobatus leucospilus","","","Fia Soroboa"
"1694","FIA","Fia","Fish","","","Fia"
"1695","FIA","Fia","Fish","","","Fia"
"1696","ANGISY","Angisy","Squid","","","Angisy"
"1697","ANGISY","Angisy","Squid","","","Angisy"
"1698","FIA","Fia","Fish","","","Fia"
"1699","AMATO","Amato","Redaxil emperor/ Lethrinus conchyliatus","AMATO","APRION VIRESCENS, LUTJANUS ARGENTIMACULATUS, LETHRINUS MAHSENA, LUTJANUS MONASTIGMA","AMATO"
"1700","ANGISY","Angisy","Squid","","","Angisy"
"1701","FIA","Fia","Fish","","","Fia"
"1702","FIA","Fia","Fish","","","Fia"
"1703","FIA","Fia","Fish","","","Fia"
"1704","ANGISY","Angisy","Squid","","","Angisy"
"1705","FIA","Fia","Fish","","","Fia"
"1706","FIA","Fia","Fish","","","Fia"
"1707","FIA","Fia","Fish","","","Fia"
"1708","FIA","Fia","Fish","","","Fia"
"1709","FIA","Fia","Fish","","","Fia"
"1710","TSABEAKE","","","TSABEAKE","GNATHODENTEX AUROLINEATUS, LETHRINUS NEBULOSUS, LETHEINUS NEBULOSUS","TSABEAKE"
"1711","ANGISY","Angisy","Squid","","","Angisy"
"1712","SORONALE","Soronale","Fish","SORONALE","LUTJANUS FULVIFLAMMA, LUTJANUS KASMIRA","SORONALE"
"1713","FIA","Fia","Fish","","","Fia"
"1714","ANGISY","Angisy","Squid","","","Angisy"
"1715","ANGISY","Angisy","Squid","","","Angisy"
"1716","LAMERA","Lamera","eel","LAMAIRA,LAMAIRAKINA,LAMAIRA FESOTSE AMBATO,LAMAIRA KINA,LAMAIRANKENA","GYMNOTHORAX JAVANICUS, GYMNOMURAENA ZEBRA, ECHIDNA NEBULOSA, GYMNOTORAX JAVANICUS","LAMAIRA,LAMAIRAKINA,LAMAIRA FESOTSE AMBATO,LAMAIRA KINA,LAMAIRANKENA"
"1717","VOTSANJA","Fia Votosandra?","No idea but these seem to go together","VOTSANDRA,VOTSANJA,VOTSANDRA SAMPA","PSEUDOBALISTES FUSCUS, BALISTOIDES VIRIDESCENS, ABALISTES STELLATUS, BALISTAPUS UNDULATUS, ODONUS NIGER, BALISTOIDES VIRIDESENS, PSEUDOBALISTES FURCUS, ODUNUS NIGER, SUFFLAMEN BURSA","VOTSANDRA,VOTSANJA,VOTSANDRA SAMPA"
"1718","FIA","Fia","Fish","","","Fia"
"1719","FIA","Fia","Fish","","","Fia"
"1720","ANGISY","Angisy","Squid","","","Angisy"
"1721","ANGISY","Angisy","Squid","","","Angisy"
"1722","ANGISY","Angisy","Squid","","","Angisy"
"1723","ANGISY","Angisy","Squid","","","Angisy"
"1724","FAY","Fay","Ray","","","Fay"
"1725","FIA","Fia","Fish","","","Fia"
"1726","FIA","Fia","Fish","","","Fia"
"1727","ANGISY","Angisy","Squid","","","Angisy"
"1728","ANGISY","Angisy","Squid","","","Angisy"
"1729","LANORA","Fia Lanora","Yellowspotted or giant trevally/ caragoides fulvoguttatus or Caranx ignobilis","LANORA","CARANX PAPUENSIS, CARANX MELAMPYGUS, CARANX IGNOBILIS, CARANGOIDES FULVOGUTTATUS, CARANGOIDES FERDAU, CARANX IGNOBILIS<A0>","LANORA"
"1730","AMBARIAKE","Ambariake","Gerres acinaces/ strongspine silver biddy","AMBARIAKE,AMBARIAKA","GERRES ACINACES, GYMNOCRANIUS GRISEUS, GYMNOCRANIUS GRANDOCULIS, MONOTAXIS GRANDOCULIS, LETHRINUS HARAK, GERE ACINACES","AMBARIAKE,AMBARIAKA"
"1731","FIA","Fia","Fish","","","Fia"
"1732","FIA MAINTY","Fia Mainte?","","","","Fia Mainte?"
"1733","FIA","Fia","Fish","","","Fia"
"1734","FIA","Fia","Fish","","","Fia"
"1735","ANGISY","Angisy","Squid","","","Angisy"
"1736","ANGISY","Angisy","Squid","","","Angisy"
"1737","ANGISY","Angisy","Squid","","","Angisy"
"1738","FIA","Fia","Fish","","","Fia"
"1739","FIA","Fia","Fish","","","Fia"
"1740","FIA","Fia","Fish","","","Fia"
"1741","FIA","Fia","Fish","","","Fia"
"1742","ANGISY","Angisy","Squid","","","Angisy"
"1743","ANGISY","Angisy","Squid","","","Angisy"
"1744","ANGISY","Angisy","Squid","","","Angisy"
"1745","ANGISY","Angisy","Squid","","","Angisy"
"1746","FIA","Fia","Fish","","","Fia"
"1747","FIA","Fia","Fish","","","Fia"
"1748","FIA","Fia","Fish","","","Fia"
"1749","ANGISY","Angisy","Squid","","","Angisy"
"1750","ANGISY","Angisy","Squid","","","Angisy"
"1751","FIA","Fia","Fish","","","Fia"
"1752","FIA","Fia","Fish","","","Fia"
"1753","FIA","Fia","Fish","","","Fia"
"1754","FIA","Fia","Fish","","","Fia"
"1755","ANGISY","Angisy","Squid","","","Angisy"
"1756","ANGISY","Angisy","Squid","","","Angisy"
"1757","ANGISY","Angisy","Squid","","","Angisy"
"1758","FIA","Fia","Fish","","","Fia"
"1759","FIA","Fia","Fish","","","Fia"
"1760","FIA","Fia","Fish","","","Fia"
"1761","ANGISY","Angisy","Squid","","","Angisy"
"1762","ANGISY","Angisy","Squid","","","Angisy"
"1763","ANGISY","Angisy","Squid","","","Angisy"
"1764","FIA","Fia","Fish","","","Fia"
"1765","FIA","Fia","Fish","","","Fia"
"1766","FIA","Fia","Fish","","","Fia"
"1767","FIA","Fia","Fish","","","Fia"
"1768","FIA","Fia","Fish","","","Fia"
"1769","FIA","Fia","Fish","","","Fia"
"1770","FIA","Fia","Fish","","","Fia"
"1771","FIA","Fia","Fish","","","Fia"
"1772","FIA","Fia","Fish","","","Fia"
"1773","FIA","Fia","Fish","","","Fia"
"1774","FIA","Fia","Fish","","","Fia"
"1775","ANGISY","Angisy","Squid","","","Angisy"
"1776","ANGISY","Angisy","Squid","","","Angisy"
"1777","ANGISY","Angisy","Squid","","","Angisy"
"1778","FIA","Fia","Fish","","","Fia"
"1779","FIA","Fia","Fish","","","Fia"
"1780","ANGISY","Angisy","Squid","","","Angisy"
"1781","ANGISY","Angisy","Squid","","","Angisy"
"1782","ANGISY","Angisy","Squid","","","Angisy"
"1783","BODOLOHA","Fia Bodoloha","Blue Barred parrotfish/ scarus ghobban","BODOLOHA","HIPPOSCARUS HARID, SCARUS PRASIOGNATHUS, SCARUS NIGER, CALOTOMUS SPINIDENS, SCARUS GHOBBAN, CALOTOMUS CAROLINUS, CHLORURUS STRONGYLOCEPHALUS, SCARUS TRICOLOR, SCARUS SCABER, SCARUS RUSSELLI, SCARUS RUBROVIOLACEUS, SCARUS PSITTACUS, SCARUS FRENATUS, CHLORURUS SORDIDUS, CHLORURUS ATRILUNULA, CETOSCARUS BICOLOR, THALASSOMA QUINQUEVITTATUM, SCARUS GHOBBAN<A0>, SCARUS CAUDOFASCIATUS, POMACENTRUS PAVO, PRISTOTIS OBTUSIROSTRIS","BODOLOHA"
"1784","ANGISY","Angisy","Squid","","","Angisy"
"1785","FIA","Fia","Fish","","","Fia"
"1786","ANGY","","Fish","ANGY","SIGNANUS CARALLINUS, CTENOCHAETUS TRUNCATUS, ACANTHURUS THOMPSONI, ACANTHURUS LEUCOSTERNON, CTENOCHAETUS BINOTATUS, ACANTHURUS NIGROFUSCUS, ACANTHURUS MATA, ACANTHURUS XANTHOPTERUS, ACANTHURUS NIGRICAUDA, ACANTHURUS TENNENTI, SIGANUS CORALLINUS, CTENOSCHRETUS STUATUS","ANGY"
"1787","FIA","Fia","Fish","","","Fia"
"1788","FIA","Fia","Fish","","","Fia"
"1789","FIA","Fia","Fish","","","Fia"
"1790","ANGISY","Angisy","Squid","","","Angisy"
"1791","FIA","Fia","Fish","","","Fia"
"1792","FIA","Fia","Fish","","","Fia"
"1793","ANGISY","Angisy","Squid","","","Angisy"
"1794","FIA","Fia","Fish","","","Fia"
"1795","FIA","Fia","Fish","","","Fia"
"1796","FIA","Fia","Fish","","","Fia"
"1797","ANGISY","Angisy","Squid","","","Angisy"
"1798","ANGISY","Angisy","Squid","","","Angisy"
"1799","FIA","Fia","Fish","","","Fia"
"1800","FIA","Fia","Fish","","","Fia"
"1801","FIA","Fia","Fish","","","Fia"
"1802","FIA","Fia","Fish","","","Fia"
"1803","FIA","Fia","Fish","","","Fia"
"1804","ANGISY","Angisy","Squid","","","Angisy"
"1805","FIA","Fia","Fish","","","Fia"
"1806","FIA","Fia","Fish","","","Fia"
"1807","ANGISY","Angisy","Squid","","","Angisy"
"1808","H","Horita","Octopus","","","Horita"
"1809","F","Fia","Fish","","","Fia"
"1810","H","Horita","Octopus","","","Horita"
"1811","A","Angisy","Squid","","","Angisy"
"1812","F","Fia","Fish","","","Fia"
"1813","F","Fia","Fish","","","Fia"
"1814","F","Fia","Fish","","","Fia"
"1815","H","Horita","Octopus","","","Horita"
"1816","F","Fia","Fish","","","Fia"
"1817","A","Angisy","Squid","","","Angisy"
"1818","F","Fia","Fish","","","Fia"
"1819","A","Angisy","Squid","","","Angisy"
"1820","H","Horita","Octopus","","","Horita"
"1821","H","Horita","Octopus","","","Horita"
"1822","H","Horita","Octopus","","","Horita"
"1823","H","Horita","Octopus","","","Horita"
"1824","F","Fia","Fish","","","Fia"
"1825","L","Lamera","eel","LAMAIRA,LAMAIRAKINA,LAMAIRA FESOTSE AMBATO,LAMAIRA KINA,LAMAIRANKENA","GYMNOTHORAX JAVANICUS, GYMNOMURAENA ZEBRA, ECHIDNA NEBULOSA, GYMNOTORAX JAVANICUS","LAMAIRA,LAMAIRAKINA,LAMAIRA FESOTSE AMBATO,LAMAIRA KINA,LAMAIRANKENA"
"1826","H","Horita","Octopus","","","Horita"
"1827","H","Horita","Octopus","","","Horita"
"1828","F","Fia","Fish","","","Fia"
"1829","Z","","Sea Cucumber","","","Sea Cucumber"
"1830","HF","Horita","Octopus","","","Horita"
"1831","H","Horita","Octopus","","","Horita"
"1832","A","Angisy","Squid","","","Angisy"
"1833","F","Fia","Fish","","","Fia"
"1834","F","Fia","Fish","","","Fia"
"1835","H","Horita","Octopus","","","Horita"
"1836","F","Fia","Fish","","","Fia"
"1837","F","Fia","Fish","","","Fia"
"1838","H","Horita","Octopus","","","Horita"
"1839","H","Horita","Octopus","","","Horita"
"1840","H","Horita","Octopus","","","Horita"
"1841","F","Fia","Fish","","","Fia"
"1842","H","Horita","Octopus","","","Horita"
"1843","F","Fia","Fish","","","Fia"
"1844","F","Fia","Fish","","","Fia"
"1845","F","Fia","Fish","","","Fia"
"1846","H","Horita","Octopus","","","Horita"
"1847","H","Horita","Octopus","","","Horita"
"1848","H","Horita","Octopus","","","Horita"
"1849","H","Horita","Octopus","","","Horita"
"1850","H","Horita","Octopus","","","Horita"
"1851","F","Fia","Fish","","","Fia"
"1852","L","Lamera","eel","LAMAIRA,LAMAIRAKINA,LAMAIRA FESOTSE AMBATO,LAMAIRA KINA,LAMAIRANKENA","GYMNOTHORAX JAVANICUS, GYMNOMURAENA ZEBRA, ECHIDNA NEBULOSA, GYMNOTORAX JAVANICUS","LAMAIRA,LAMAIRAKINA,LAMAIRA FESOTSE AMBATO,LAMAIRA KINA,LAMAIRANKENA"
"1853","H","Horita","Octopus","","","Horita"
"1854","H","Horita","Octopus","","","Horita"
"1855","H","Horita","Octopus","","","Horita"
"1856","F","Fia","Fish","","","Fia"
"1857","F","Fia","Fish","","","Fia"
"1858","H","Horita","Octopus","","","Horita"
"1859","H","Horita","Octopus","","","Horita"
"1860","H","Horita","Octopus","","","Horita"
"1861","F","Fia","Fish","","","Fia"
"1862","A","Angisy","Squid","","","Angisy"
"1863","H","Horita","Octopus","","","Horita"
"1864","H","Horita","Octopus","","","Horita"
"1865","F","Fia","Fish","","","Fia"
"1866","H","Horita","Octopus","","","Horita"
"1867","H","Horita","Octopus","","","Horita"
"1868","H","Horita","Octopus","","","Horita"
"1869","H","Horita","Octopus","","","Horita"
"1870","A","Angisy","Squid","","","Angisy"
"1871","H","Horita","Octopus","","","Horita"
"1872","F","Fia","Fish","","","Fia"
"1873","F","Fia","Fish","","","Fia"
"1874","F","Fia","Fish","","","Fia"
"1875","F","Fia","Fish","","","Fia"
"1876","F","Fia","Fish","","","Fia"
"1877","F","Fia","Fish","","","Fia"
"1878","H","Horita","Octopus","","","Horita"
"1879","Z","","Sea Cucumber","","","Sea Cucumber"
"1880","F","Fia","Fish","","","Fia"
"1881","A","Angisy","Squid","","","Angisy"
"1882","H","Horita","Octopus","","","Horita"
"1883","H","Horita","Octopus","","","Horita"
"1884","H","Horita","Octopus","","","Horita"
"1885","H","Horita","Octopus","","","Horita"
"1886","H","Horita","Octopus","","","Horita"
"1887","H","Horita","Octopus","","","Horita"
"1888","F","Fia","Fish","","","Fia"
"1889","F","Fia","Fish","","","Fia"
"1890","F","Fia","Fish","","","Fia"
"1891","H","Horita","Octopus","","","Horita"
"1892","F","Fia","Fish","","","Fia"
"1893","H","Horita","Octopus","","","Horita"
"1894","H","Horita","Octopus","","","Horita"
"1895","L","Lamera","eel","LAMAIRA,LAMAIRAKINA,LAMAIRA FESOTSE AMBATO,LAMAIRA KINA,LAMAIRANKENA","GYMNOTHORAX JAVANICUS, GYMNOMURAENA ZEBRA, ECHIDNA NEBULOSA, GYMNOTORAX JAVANICUS","LAMAIRA,LAMAIRAKINA,LAMAIRA FESOTSE AMBATO,LAMAIRA KINA,LAMAIRANKENA"
"1896","H","Horita","Octopus","","","Horita"
"1897","F","Fia","Fish","","","Fia"
"1898","H","Horita","Octopus","","","Horita"
"1899","H","Horita","Octopus","","","Horita"
"1900","F","Fia","Fish","","","Fia"
"1901","F","Fia","Fish","","","Fia"
"1902","H","Horita","Octopus","","","Horita"
"1903","H","Horita","Octopus","","","Horita"
"1904","H","Horita","Octopus","","","Horita"
"1905","H","Horita","Octopus","","","Horita"
"1906","F","Fia","Fish","","","Fia"
"1907","H","Horita","Octopus","","","Horita"
"1908","H","Horita","Octopus","","","Horita"
"1909","F","Fia","Fish","","","Fia"
"1910","F","Fia","Fish","","","Fia"
"1911","F","Fia","Fish","","","Fia"
"1912","L","Lamera","eel","LAMAIRA,LAMAIRAKINA,LAMAIRA FESOTSE AMBATO,LAMAIRA KINA,LAMAIRANKENA","GYMNOTHORAX JAVANICUS, GYMNOMURAENA ZEBRA, ECHIDNA NEBULOSA, GYMNOTORAX JAVANICUS","LAMAIRA,LAMAIRAKINA,LAMAIRA FESOTSE AMBATO,LAMAIRA KINA,LAMAIRANKENA"
"1913","H","Horita","Octopus","","","Horita"
"1914","F","Fia","Fish","","","Fia"
"1915","F","Fia","Fish","","","Fia"
"1916","F","Fia","Fish","","","Fia"
"1917","F","Fia","Fish","","","Fia"
"1918","H","Horita","Octopus","","","Horita"
"1919","H","Horita","Octopus","","","Horita"
"1920","L","Lamera","eel","LAMAIRA,LAMAIRAKINA,LAMAIRA FESOTSE AMBATO,LAMAIRA KINA,LAMAIRANKENA","GYMNOTHORAX JAVANICUS, GYMNOMURAENA ZEBRA, ECHIDNA NEBULOSA, GYMNOTORAX JAVANICUS","LAMAIRA,LAMAIRAKINA,LAMAIRA FESOTSE AMBATO,LAMAIRA KINA,LAMAIRANKENA"
"1921","H","Horita","Octopus","","","Horita"
"1922","H","Horita","Octopus","","","Horita"
"1923","H","Horita","Octopus","","","Horita"
"1924","F","Fia","Fish","","","Fia"
"1925","H","Horita","Octopus","","","Horita"
"1926","A","Angisy","Squid","","","Angisy"
"1927","F","Fia","Fish","","","Fia"
"1928","F","Fia","Fish","","","Fia"
"1929","F","Fia","Fish","","","Fia"
"1930","H","Horita","Octopus","","","Horita"
"1931","H","Horita","Octopus","","","Horita"
"1932","H","Horita","Octopus","","","Horita"
"1933","A","Angisy","Squid","","","Angisy"
"1934","F","Fia","Fish","","","Fia"
"1935","F","Fia","Fish","","","Fia"
"1936","H","Horita","Octopus","","","Horita"
"1937","H","Horita","Octopus","","","Horita"
"1938","H","Horita","Octopus","","","Horita"
"1939","F","Fia","Fish","","","Fia"
"1940","H","Horita","Octopus","","","Horita"
"1941","F","Fia","Fish","","","Fia"
"1942","H","Horita","Octopus","","","Horita"
"1943","H","Horita","Octopus","","","Horita"
"1944","H","Horita","Octopus","","","Horita"
"1945","",NA,NA,NA,NA,NA
"1946","H","Horita","Octopus","","","Horita"
"1947","F","Fia","Fish","","","Fia"
"1948","H","Horita","Octopus","","","Horita"
"1949","F","Fia","Fish","","","Fia"
"1950","H","Horita","Octopus","","","Horita"
"1951","H","Horita","Octopus","","","Horita"
"1952","H","Horita","Octopus","","","Horita"
"1953","H","Horita","Octopus","","","Horita"
"1954","F","Fia","Fish","","","Fia"
"1955","F","Fia","Fish","","","Fia"
"1956","F","Fia","Fish","","","Fia"
"1957","F","Fia","Fish","","","Fia"
"1958","F","Fia","Fish","","","Fia"
"1959","H","Horita","Octopus","","","Horita"
"1960","F","Fia","Fish","","","Fia"
"1961","H","Horita","Octopus","","","Horita"
"1962","H","Horita","Octopus","","","Horita"
"1963","",NA,NA,NA,NA,NA
"1964","H","Horita","Octopus","","","Horita"
"1965","F","Fia","Fish","","","Fia"
"1966","A","Angisy","Squid","","","Angisy"
"1967","H","Horita","Octopus","","","Horita"
"1968","H","Horita","Octopus","","","Horita"
"1969","F","Fia","Fish","","","Fia"
"1970","H","Horita","Octopus","","","Horita"
"1971","F","Fia","Fish","","","Fia"
"1972","H","Horita","Octopus","","","Horita"
"1973","F","Fia","Fish","","","Fia"
"1974","L","Lamera","eel","LAMAIRA,LAMAIRAKINA,LAMAIRA FESOTSE AMBATO,LAMAIRA KINA,LAMAIRANKENA","GYMNOTHORAX JAVANICUS, GYMNOMURAENA ZEBRA, ECHIDNA NEBULOSA, GYMNOTORAX JAVANICUS","LAMAIRA,LAMAIRAKINA,LAMAIRA FESOTSE AMBATO,LAMAIRA KINA,LAMAIRANKENA"
"1975","L","Lamera","eel","LAMAIRA,LAMAIRAKINA,LAMAIRA FESOTSE AMBATO,LAMAIRA KINA,LAMAIRANKENA","GYMNOTHORAX JAVANICUS, GYMNOMURAENA ZEBRA, ECHIDNA NEBULOSA, GYMNOTORAX JAVANICUS","LAMAIRA,LAMAIRAKINA,LAMAIRA FESOTSE AMBATO,LAMAIRA KINA,LAMAIRANKENA"
"1976","L","Lamera","eel","LAMAIRA,LAMAIRAKINA,LAMAIRA FESOTSE AMBATO,LAMAIRA KINA,LAMAIRANKENA","GYMNOTHORAX JAVANICUS, GYMNOMURAENA ZEBRA, ECHIDNA NEBULOSA, GYMNOTORAX JAVANICUS","LAMAIRA,LAMAIRAKINA,LAMAIRA FESOTSE AMBATO,LAMAIRA KINA,LAMAIRANKENA"
"1977","L","Lamera","eel","LAMAIRA,LAMAIRAKINA,LAMAIRA FESOTSE AMBATO,LAMAIRA KINA,LAMAIRANKENA","GYMNOTHORAX JAVANICUS, GYMNOMURAENA ZEBRA, ECHIDNA NEBULOSA, GYMNOTORAX JAVANICUS","LAMAIRA,LAMAIRAKINA,LAMAIRA FESOTSE AMBATO,LAMAIRA KINA,LAMAIRANKENA"
"1978","L","Lamera","eel","LAMAIRA,LAMAIRAKINA,LAMAIRA FESOTSE AMBATO,LAMAIRA KINA,LAMAIRANKENA","GYMNOTHORAX JAVANICUS, GYMNOMURAENA ZEBRA, ECHIDNA NEBULOSA, GYMNOTORAX JAVANICUS","LAMAIRA,LAMAIRAKINA,LAMAIRA FESOTSE AMBATO,LAMAIRA KINA,LAMAIRANKENA"
"1979","H","Horita","Octopus","","","Horita"
"1980","F","Fia","Fish","","","Fia"
"1981","F","Fia","Fish","","","Fia"
"1982","",NA,NA,NA,NA,NA
"1983","A","Angisy","Squid","","","Angisy"
"1984","H","Horita","Octopus","","","Horita"
"1985","",NA,NA,NA,NA,NA
"1986","H","Horita","Octopus","","","Horita"
"1987","H","Horita","Octopus","","","Horita"
"1988","H","Horita","Octopus","","","Horita"
"1989","F","Fia","Fish","","","Fia"
"1990","F","Fia","Fish","","","Fia"
"1991","H","Horita","Octopus","","","Horita"
"1992","F","Fia","Fish","","","Fia"
"1993","H","Horita","Octopus","","","Horita"
"1994","H","Horita","Octopus","","","Horita"
"1995","H","Horita","Octopus","","","Horita"
"1996","L","Lamera","eel","LAMAIRA,LAMAIRAKINA,LAMAIRA FESOTSE AMBATO,LAMAIRA KINA,LAMAIRANKENA","GYMNOTHORAX JAVANICUS, GYMNOMURAENA ZEBRA, ECHIDNA NEBULOSA, GYMNOTORAX JAVANICUS","LAMAIRA,LAMAIRAKINA,LAMAIRA FESOTSE AMBATO,LAMAIRA KINA,LAMAIRANKENA"
"1997","F","Fia","Fish","","","Fia"
"1998","B","Bozike","Chicoreus ramosus","","","Bozike"
"1999","A","Angisy","Squid","","","Angisy"
"2000","H","Horita","Octopus","","","Horita"
"2001","L","Lamera","eel","LAMAIRA,LAMAIRAKINA,LAMAIRA FESOTSE AMBATO,LAMAIRA KINA,LAMAIRANKENA","GYMNOTHORAX JAVANICUS, GYMNOMURAENA ZEBRA, ECHIDNA NEBULOSA, GYMNOTORAX JAVANICUS","LAMAIRA,LAMAIRAKINA,LAMAIRA FESOTSE AMBATO,LAMAIRA KINA,LAMAIRANKENA"
"2002","F","Fia","Fish","","","Fia"
"2003","A","Angisy","Squid","","","Angisy"
"2004","H","Horita","Octopus","","","Horita"
"2005","H","Horita","Octopus","","","Horita"
"2006","H","Horita","Octopus","","","Horita"
"2007","L","Lamera","eel","LAMAIRA,LAMAIRAKINA,LAMAIRA FESOTSE AMBATO,LAMAIRA KINA,LAMAIRANKENA","GYMNOTHORAX JAVANICUS, GYMNOMURAENA ZEBRA, ECHIDNA NEBULOSA, GYMNOTORAX JAVANICUS","LAMAIRA,LAMAIRAKINA,LAMAIRA FESOTSE AMBATO,LAMAIRA KINA,LAMAIRANKENA"
"2008","H","Horita","Octopus","","","Horita"
"2009","H","Horita","Octopus","","","Horita"
"2010","B","Bozike","Chicoreus ramosus","","","Bozike"
"2011","F","Fia","Fish","","","Fia"
"2012","H","Horita","Octopus","","","Horita"
"2013","H","Horita","Octopus","","","Horita"
"2014","F","Fia","Fish","","","Fia"
"2015","F","Fia","Fish","","","Fia"
"2016","F","Fia","Fish","","","Fia"
"2017","F","Fia","Fish","","","Fia"
"2018","A","Angisy","Squid","","","Angisy"
"2019","F","Fia","Fish","","","Fia"
"2020","H","Horita","Octopus","","","Horita"
"2021","F","Fia","Fish","","","Fia"
"2022","H","Horita","Octopus","","","Horita"
"2023","H","Horita","Octopus","","","Horita"
"2024","H","Horita","Octopus","","","Horita"
"2025","F","Fia","Fish","","","Fia"
"2026","L","Lamera","eel","LAMAIRA,LAMAIRAKINA,LAMAIRA FESOTSE AMBATO,LAMAIRA KINA,LAMAIRANKENA","GYMNOTHORAX JAVANICUS, GYMNOMURAENA ZEBRA, ECHIDNA NEBULOSA, GYMNOTORAX JAVANICUS","LAMAIRA,LAMAIRAKINA,LAMAIRA FESOTSE AMBATO,LAMAIRA KINA,LAMAIRANKENA"
"2027","F","Fia","Fish","","","Fia"
"2028","F","Fia","Fish","","","Fia"
"2029","H","Horita","Octopus","","","Horita"
"2030","H","Horita","Octopus","","","Horita"
"2031","L","Lamera","eel","LAMAIRA,LAMAIRAKINA,LAMAIRA FESOTSE AMBATO,LAMAIRA KINA,LAMAIRANKENA","GYMNOTHORAX JAVANICUS, GYMNOMURAENA ZEBRA, ECHIDNA NEBULOSA, GYMNOTORAX JAVANICUS","LAMAIRA,LAMAIRAKINA,LAMAIRA FESOTSE AMBATO,LAMAIRA KINA,LAMAIRANKENA"
"2032","L","Lamera","eel","LAMAIRA,LAMAIRAKINA,LAMAIRA FESOTSE AMBATO,LAMAIRA KINA,LAMAIRANKENA","GYMNOTHORAX JAVANICUS, GYMNOMURAENA ZEBRA, ECHIDNA NEBULOSA, GYMNOTORAX JAVANICUS","LAMAIRA,LAMAIRAKINA,LAMAIRA FESOTSE AMBATO,LAMAIRA KINA,LAMAIRANKENA"
"2033","H","Horita","Octopus","","","Horita"
"2034","H","Horita","Octopus","","","Horita"
"2035","F","Fia","Fish","","","Fia"
"2036","F","Fia","Fish","","","Fia"
"2037","F","Fia","Fish","","","Fia"
"2038","F","Fia","Fish","","","Fia"
"2039","H","Horita","Octopus","","","Horita"
"2040","F","Fia","Fish","","","Fia"
"2041","F","Fia","Fish","","","Fia"
"2042","F","Fia","Fish","","","Fia"
"2043","H","Horita","Octopus","","","Horita"
"2044","",NA,NA,NA,NA,NA
"2045","A","Angisy","Squid","","","Angisy"
"2046","F","Fia","Fish","","","Fia"
"2047","B","Bozike","Chicoreus ramosus","","","Bozike"
"2048","H","Horita","Octopus","","","Horita"
"2049","A","Angisy","Squid","","","Angisy"
"2050","H","Horita","Octopus","","","Horita"
"2051","L","Lamera","eel","LAMAIRA,LAMAIRAKINA,LAMAIRA FESOTSE AMBATO,LAMAIRA KINA,LAMAIRANKENA","GYMNOTHORAX JAVANICUS, GYMNOMURAENA ZEBRA, ECHIDNA NEBULOSA, GYMNOTORAX JAVANICUS","LAMAIRA,LAMAIRAKINA,LAMAIRA FESOTSE AMBATO,LAMAIRA KINA,LAMAIRANKENA"
"2052","F","Fia","Fish","","","Fia"
"2053","A","Angisy","Squid","","","Angisy"
"2054","H","Horita","Octopus","","","Horita"
"2055","H","Horita","Octopus","","","Horita"
"2056","L","Lamera","eel","LAMAIRA,LAMAIRAKINA,LAMAIRA FESOTSE AMBATO,LAMAIRA KINA,LAMAIRANKENA","GYMNOTHORAX JAVANICUS, GYMNOMURAENA ZEBRA, ECHIDNA NEBULOSA, GYMNOTORAX JAVANICUS","LAMAIRA,LAMAIRAKINA,LAMAIRA FESOTSE AMBATO,LAMAIRA KINA,LAMAIRANKENA"
"2057","B","Bozike","Chicoreus ramosus","","","Bozike"
"2058","A","Angisy","Squid","","","Angisy"
"2059","H","Horita","Octopus","","","Horita"
"2060","",NA,NA,NA,NA,NA
"2061","",NA,NA,NA,NA,NA
"2062","",NA,NA,NA,NA,NA
"2063","H","Horita","Octopus","","","Horita"
"2064","F","Fia","Fish","","","Fia"
"2065","H","Horita","Octopus","","","Horita"
"2066","A","Angisy","Squid","","","Angisy"
"2067","H","Horita","Octopus","","","Horita"
"2068","H","Horita","Octopus","","","Horita"
"2069","H","Horita","Octopus","","","Horita"
"2070","H","Horita","Octopus","","","Horita"
"2071","F","Fia","Fish","","","Fia"
"2072","",NA,NA,NA,NA,NA
"2073","F","Fia","Fish","","","Fia"
"2074","F","Fia","Fish","","","Fia"
"2075","F","Fia","Fish","","","Fia"
"2076","H","Horita","Octopus","","","Horita"
"2077","H","Horita","Octopus","","","Horita"
"2078","F","Fia","Fish","","","Fia"
"2079","H","Horita","Octopus","","","Horita"
"2080","F","Fia","Fish","","","Fia"
"2081","H","Horita","Octopus","","","Horita"
"2082","H","Horita","Octopus","","","Horita"
"2083","H","Horita","Octopus","","","Horita"
"2084","F","Fia","Fish","","","Fia"
"2085","F","Fia","Fish","","","Fia"
"2086","F","Fia","Fish","","","Fia"
"2087","F","Fia","Fish","","","Fia"
"2088","H","Horita","Octopus","","","Horita"
"2089","F","Fia","Fish","","","Fia"
"2090","H","Horita","Octopus","","","Horita"
"2091","F","Fia","Fish","","","Fia"
"2092","H","Horita","Octopus","","","Horita"
"2093","H","Horita","Octopus","","","Horita"
"2094","B","Bozike","Chicoreus ramosus","","","Bozike"
"2095","",NA,NA,NA,NA,NA
"2096","F","Fia","Fish","","","Fia"
"2097","F","Fia","Fish","","","Fia"
"2098","F","Fia","Fish","","","Fia"
"2099","F","Fia","Fish","","","Fia"
"2100","",NA,NA,NA,NA,NA
"2101","H","Horita","Octopus","","","Horita"
"2102","H","Horita","Octopus","","","Horita"
"2103","H","Horita","Octopus","","","Horita"
"2104","H","Horita","Octopus","","","Horita"
"2105","F","Fia","Fish","","","Fia"
"2106","A","Angisy","Squid","","","Angisy"
"2107","F","Fia","Fish","","","Fia"
"2108","H","Horita","Octopus","","","Horita"
"2109","H","Horita","Octopus","","","Horita"
"2110","H","Horita","Octopus","","","Horita"
"2111","H","Horita","Octopus","","","Horita"
"2112","H","Horita","Octopus","","","Horita"
"2113","F","Fia","Fish","","","Fia"
"2114","",NA,NA,NA,NA,NA
"2115","F","Fia","Fish","","","Fia"
"2116","F","Fia","Fish","","","Fia"
"2117","F","Fia","Fish","","","Fia"
"2118","H","Horita","Octopus","","","Horita"
"2119","H","Horita","Octopus","","","Horita"
"2120","F","Fia","Fish","","","Fia"
"2121","F","Fia","Fish","","","Fia"
"2122","H","Horita","Octopus","","","Horita"
"2123","F","Fia","Fish","","","Fia"
"2124","B","Bozike","Chicoreus ramosus","","","Bozike"
"2125","H","Horita","Octopus","","","Horita"
"2126","H","Horita","Octopus","","","Horita"
"2127","H","Horita","Octopus","","","Horita"
"2128","H","Horita","Octopus","","","Horita"
"2129","F","Fia","Fish","","","Fia"
"2130","F","Fia","Fish","","","Fia"
"2131","H","Horita","Octopus","","","Horita"
"2132","H","Horita","Octopus","","","Horita"
"2133","F","Fia","Fish","","","Fia"
"2134","A","Angisy","Squid","","","Angisy"
"2135","F","Fia","Fish","","","Fia"
"2136","",NA,NA,NA,NA,NA
"2137","F","Fia","Fish","","","Fia"
"2138","B","Bozike","Chicoreus ramosus","","","Bozike"
"2139","F","Fia","Fish","","","Fia"
"2140","B","Bozike","Chicoreus ramosus","","","Bozike"
"2141","L","Lamera","eel","LAMAIRA,LAMAIRAKINA,LAMAIRA FESOTSE AMBATO,LAMAIRA KINA,LAMAIRANKENA","GYMNOTHORAX JAVANICUS, GYMNOMURAENA ZEBRA, ECHIDNA NEBULOSA, GYMNOTORAX JAVANICUS","LAMAIRA,LAMAIRAKINA,LAMAIRA FESOTSE AMBATO,LAMAIRA KINA,LAMAIRANKENA"
"2142","H","Horita","Octopus","","","Horita"
"2143","H","Horita","Octopus","","","Horita"
"2144","F","Fia","Fish","","","Fia"
"2145","H","Horita","Octopus","","","Horita"
"2146","",NA,NA,NA,NA,NA
"2147","A","Angisy","Squid","","","Angisy"
"2148","F","Fia","Fish","","","Fia"
"2149","",NA,NA,NA,NA,NA
"2150","H","Horita","Octopus","","","Horita"
"2151","F","Fia","Fish","","","Fia"
"2152","H","Horita","Octopus","","","Horita"
"2153","",NA,NA,NA,NA,NA
"2154","H","Horita","Octopus","","","Horita"
"2155","L","Lamera","eel","LAMAIRA,LAMAIRAKINA,LAMAIRA FESOTSE AMBATO,LAMAIRA KINA,LAMAIRANKENA","GYMNOTHORAX JAVANICUS, GYMNOMURAENA ZEBRA, ECHIDNA NEBULOSA, GYMNOTORAX JAVANICUS","LAMAIRA,LAMAIRAKINA,LAMAIRA FESOTSE AMBATO,LAMAIRA KINA,LAMAIRANKENA"
"2156","B","Bozike","Chicoreus ramosus","","","Bozike"
"2157","F","Fia","Fish","","","Fia"
"2158","F","Fia","Fish","","","Fia"
"2159","F","Fia","Fish","","","Fia"
"2160","L","Lamera","eel","LAMAIRA,LAMAIRAKINA,LAMAIRA FESOTSE AMBATO,LAMAIRA KINA,LAMAIRANKENA","GYMNOTHORAX JAVANICUS, GYMNOMURAENA ZEBRA, ECHIDNA NEBULOSA, GYMNOTORAX JAVANICUS","LAMAIRA,LAMAIRAKINA,LAMAIRA FESOTSE AMBATO,LAMAIRA KINA,LAMAIRANKENA"
"2161","H","Horita","Octopus","","","Horita"
"2162","",NA,NA,NA,NA,NA
"2163","",NA,NA,NA,NA,NA
"2164","H","Horita","Octopus","","","Horita"
"2165","B","Bozike","Chicoreus ramosus","","","Bozike"
"2166","H","Horita","Octopus","","","Horita"
"2167","A","Angisy","Squid","","","Angisy"
"2168","",NA,NA,NA,NA,NA
"2169","",NA,NA,NA,NA,NA
"2170","H","Horita","Octopus","","","Horita"
"2171","F","Fia","Fish","","","Fia"
"2172","A","Angisy","Squid","","","Angisy"
"2173","A","Angisy","Squid","","","Angisy"
"2174","H","Horita","Octopus","","","Horita"
"2175","F","Fia","Fish","","","Fia"
"2176","F","Fia","Fish","","","Fia"
"2177","L","Lamera","eel","LAMAIRA,LAMAIRAKINA,LAMAIRA FESOTSE AMBATO,LAMAIRA KINA,LAMAIRANKENA","GYMNOTHORAX JAVANICUS, GYMNOMURAENA ZEBRA, ECHIDNA NEBULOSA, GYMNOTORAX JAVANICUS","LAMAIRA,LAMAIRAKINA,LAMAIRA FESOTSE AMBATO,LAMAIRA KINA,LAMAIRANKENA"
"2178","F","Fia","Fish","","","Fia"
"2179","H","Horita","Octopus","","","Horita"
"2180","H","Horita","Octopus","","","Horita"
"2181","H","Horita","Octopus","","","Horita"
"2182","F","Fia","Fish","","","Fia"
"2183","H","Horita","Octopus","","","Horita"
"2184","L","Lamera","eel","LAMAIRA,LAMAIRAKINA,LAMAIRA FESOTSE AMBATO,LAMAIRA KINA,LAMAIRANKENA","GYMNOTHORAX JAVANICUS, GYMNOMURAENA ZEBRA, ECHIDNA NEBULOSA, GYMNOTORAX JAVANICUS","LAMAIRA,LAMAIRAKINA,LAMAIRA FESOTSE AMBATO,LAMAIRA KINA,LAMAIRANKENA"
"2185","H","Horita","Octopus","","","Horita"
"2186","H","Horita","Octopus","","","Horita"
"2187","F","Fia","Fish","","","Fia"
"2188","H","Horita","Octopus","","","Horita"
"2189","",NA,NA,NA,NA,NA
"2190","H","Horita","Octopus","","","Horita"
"2191","",NA,NA,NA,NA,NA
"2192","H","Horita","Octopus","","","Horita"
"2193","F","Fia","Fish","","","Fia"
"2194","H","Horita","Octopus","","","Horita"
"2195","H","Horita","Octopus","","","Horita"
"2196","F","Fia","Fish","","","Fia"
"2197","H","Horita","Octopus","","","Horita"
"2198","",NA,NA,NA,NA,NA
"2199","",NA,NA,NA,NA,NA
"2200","H","Horita","Octopus","","","Horita"
"2201","H","Horita","Octopus","","","Horita"
"2202","F","Fia","Fish","","","Fia"
"2203","",NA,NA,NA,NA,NA
"2204","H","Horita","Octopus","","","Horita"
"2205","F","Fia","Fish","","","Fia"
"2206","F","Fia","Fish","","","Fia"
"2207","F","Fia","Fish","","","Fia"
"2208","H","Horita","Octopus","","","Horita"
"2209","H","Horita","Octopus","","","Horita"
"2210","H","Horita","Octopus","","","Horita"
"2211","H","Horita","Octopus","","","Horita"
"2212","F","Fia","Fish","","","Fia"
"2213","H","Horita","Octopus","","","Horita"
"2214","H","Horita","Octopus","","","Horita"
"2215","H","Horita","Octopus","","","Horita"
"2216","F","Fia","Fish","","","Fia"
"2217","H","Horita","Octopus","","","Horita"
"2218","H","Horita","Octopus","","","Horita"
"2219","F","Fia","Fish","","","Fia"
"2220","F","Fia","Fish","","","Fia"
"2221","A","Angisy","Squid","","","Angisy"
"2222","L","Lamera","eel","LAMAIRA,LAMAIRAKINA,LAMAIRA FESOTSE AMBATO,LAMAIRA KINA,LAMAIRANKENA","GYMNOTHORAX JAVANICUS, GYMNOMURAENA ZEBRA, ECHIDNA NEBULOSA, GYMNOTORAX JAVANICUS","LAMAIRA,LAMAIRAKINA,LAMAIRA FESOTSE AMBATO,LAMAIRA KINA,LAMAIRANKENA"
"2223","",NA,NA,NA,NA,NA
"2224","A","Angisy","Squid","","","Angisy"
"2225","F","Fia","Fish","","","Fia"
"2226","F","Fia","Fish","","","Fia"
"2227","L","Lamera","eel","LAMAIRA,LAMAIRAKINA,LAMAIRA FESOTSE AMBATO,LAMAIRA KINA,LAMAIRANKENA","GYMNOTHORAX JAVANICUS, GYMNOMURAENA ZEBRA, ECHIDNA NEBULOSA, GYMNOTORAX JAVANICUS","LAMAIRA,LAMAIRAKINA,LAMAIRA FESOTSE AMBATO,LAMAIRA KINA,LAMAIRANKENA"
"2228","F","Fia","Fish","","","Fia"
"2229","H","Horita","Octopus","","","Horita"
"2230","",NA,NA,NA,NA,NA
"2231","",NA,NA,NA,NA,NA
"2232","H","Horita","Octopus","","","Horita"
"2233","H","Horita","Octopus","","","Horita"
"2234","H","Horita","Octopus","","","Horita"
"2235","H","Horita","Octopus","","","Horita"
"2236","H","Horita","Octopus","","","Horita"
"2237","H","Horita","Octopus","","","Horita"
"2238","H","Horita","Octopus","","","Horita"
"2239","H","Horita","Octopus","","","Horita"
"2240","H","Horita","Octopus","","","Horita"
"2241","F","Fia","Fish","","","Fia"
"2242","H","Horita","Octopus","","","Horita"
"2243","H","Horita","Octopus","","","Horita"
"2244","F","Fia","Fish","","","Fia"
"2245","F","Fia","Fish","","","Fia"
"2246","",NA,NA,NA,NA,NA
"2247","H","Horita","Octopus","","","Horita"
"2248","H","Horita","Octopus","","","Horita"
"2249","H","Horita","Octopus","","","Horita"
"2250","H","Horita","Octopus","","","Horita"
"2251","H","Horita","Octopus","","","Horita"
"2252","",NA,NA,NA,NA,NA
"2253","H","Horita","Octopus","","","Horita"
"2254","H","Horita","Octopus","","","Horita"
"2255","F","Fia","Fish","","","Fia"
"2256","F","Fia","Fish","","","Fia"
"2257","H","Horita","Octopus","","","Horita"
"2258","",NA,NA,NA,NA,NA
"2259","H","Horita","Octopus","","","Horita"
"2260","H","Horita","Octopus","","","Horita"
"2261","H","Horita","Octopus","","","Horita"
"2262","F","Fia","Fish","","","Fia"
"2263","F","Fia","Fish","","","Fia"
"2264","F","Fia","Fish","","","Fia"
"2265","H","Horita","Octopus","","","Horita"
"2266","H","Horita","Octopus","","","Horita"
"2267","",NA,NA,NA,NA,NA
"2268","H","Horita","Octopus","","","Horita"
"2269","F","Fia","Fish","","","Fia"
"2270","H","Horita","Octopus","","","Horita"
"2271","H","Horita","Octopus","","","Horita"
"2272","L","Lamera","eel","LAMAIRA,LAMAIRAKINA,LAMAIRA FESOTSE AMBATO,LAMAIRA KINA,LAMAIRANKENA","GYMNOTHORAX JAVANICUS, GYMNOMURAENA ZEBRA, ECHIDNA NEBULOSA, GYMNOTORAX JAVANICUS","LAMAIRA,LAMAIRAKINA,LAMAIRA FESOTSE AMBATO,LAMAIRA KINA,LAMAIRANKENA"
"2273","H","Horita","Octopus","","","Horita"
"2274","H","Horita","Octopus","","","Horita"
"2275","H","Horita","Octopus","","","Horita"
"2276","H","Horita","Octopus","","","Horita"
"2277","",NA,NA,NA,NA,NA
"2278","H","Horita","Octopus","","","Horita"
"2279","H","Horita","Octopus","","","Horita"
"2280","F","Fia","Fish","","","Fia"
"2281","A","Angisy","Squid","","","Angisy"
"2282","F","Fia","Fish","","","Fia"
"2283","L","Lamera","eel","LAMAIRA,LAMAIRAKINA,LAMAIRA FESOTSE AMBATO,LAMAIRA KINA,LAMAIRANKENA","GYMNOTHORAX JAVANICUS, GYMNOMURAENA ZEBRA, ECHIDNA NEBULOSA, GYMNOTORAX JAVANICUS","LAMAIRA,LAMAIRAKINA,LAMAIRA FESOTSE AMBATO,LAMAIRA KINA,LAMAIRANKENA"
"2284","A","Angisy","Squid","","","Angisy"
"2285","",NA,NA,NA,NA,NA
"2286","A","Angisy","Squid","","","Angisy"
"2287","H","Horita","Octopus","","","Horita"
"2288","H","Horita","Octopus","","","Horita"
"2289","F","Fia","Fish","","","Fia"
"2290","H","Horita","Octopus","","","Horita"
"2291","F","Fia","Fish","","","Fia"
"2292","F","Fia","Fish","","","Fia"
"2293","H","Horita","Octopus","","","Horita"
"2294","F","Fia","Fish","","","Fia"
"2295","",NA,NA,NA,NA,NA
"2296","",NA,NA,NA,NA,NA
"2297","F","Fia","Fish","","","Fia"
"2298","H","Horita","Octopus","","","Horita"
"2299","F","Fia","Fish","","","Fia"
"2300","F","Fia","Fish","","","Fia"
"2301","F","Fia","Fish","","","Fia"
"2302","A","Angisy","Squid","","","Angisy"
"2303","H","Horita","Octopus","","","Horita"
"2304","H","Horita","Octopus","","","Horita"
"2305","Z","","Sea Cucumber","","","Sea Cucumber"
"2306","F","Fia","Fish","","","Fia"
"2307","H","Horita","Octopus","","","Horita"
"2308","H","Horita","Octopus","","","Horita"
"2309","H","Horita","Octopus","","","Horita"
"2310","H","Horita","Octopus","","","Horita"
"2311","H","Horita","Octopus","","","Horita"
"2312","H","Horita","Octopus","","","Horita"
"2313","",NA,NA,NA,NA,NA
"2314","B","Bozike","Chicoreus ramosus","","","Bozike"
"2315","F","Fia","Fish","","","Fia"
"2316","F","Fia","Fish","","","Fia"
"2317","F","Fia","Fish","","","Fia"
"2318","H","Horita","Octopus","","","Horita"
"2319","F","Fia","Fish","","","Fia"
"2320","F","Fia","Fish","","","Fia"
"2321","F","Fia","Fish","","","Fia"
"2322","B","Bozike","Chicoreus ramosus","","","Bozike"
"2323","A","Angisy","Squid","","","Angisy"
"2324","",NA,NA,NA,NA,NA
"2325","",NA,NA,NA,NA,NA
"2326","H","Horita","Octopus","","","Horita"
"2327","H","Horita","Octopus","","","Horita"
"2328","F","Fia","Fish","","","Fia"
"2329","F","Fia","Fish","","","Fia"
"2330","H","Horita","Octopus","","","Horita"
"2331","H","Horita","Octopus","","","Horita"
"2332","H","Horita","Octopus","","","Horita"
"2333","H","Horita","Octopus","","","Horita"
"2334","H","Horita","Octopus","","","Horita"
"2335","H","Horita","Octopus","","","Horita"
"2336","H","Horita","Octopus","","","Horita"
"2337","F","Fia","Fish","","","Fia"
"2338","B","Bozike","Chicoreus ramosus","","","Bozike"
"2339","F","Fia","Fish","","","Fia"
"2340","H","Horita","Octopus","","","Horita"
"2341","L","Lamera","eel","LAMAIRA,LAMAIRAKINA,LAMAIRA FESOTSE AMBATO,LAMAIRA KINA,LAMAIRANKENA","GYMNOTHORAX JAVANICUS, GYMNOMURAENA ZEBRA, ECHIDNA NEBULOSA, GYMNOTORAX JAVANICUS","LAMAIRA,LAMAIRAKINA,LAMAIRA FESOTSE AMBATO,LAMAIRA KINA,LAMAIRANKENA"
"2342","B","Bozike","Chicoreus ramosus","","","Bozike"
"2343","L","Lamera","eel","LAMAIRA,LAMAIRAKINA,LAMAIRA FESOTSE AMBATO,LAMAIRA KINA,LAMAIRANKENA","GYMNOTHORAX JAVANICUS, GYMNOMURAENA ZEBRA, ECHIDNA NEBULOSA, GYMNOTORAX JAVANICUS","LAMAIRA,LAMAIRAKINA,LAMAIRA FESOTSE AMBATO,LAMAIRA KINA,LAMAIRANKENA"
"2344","H","Horita","Octopus","","","Horita"
"2345","",NA,NA,NA,NA,NA
"2346","H","Horita","Octopus","","","Horita"
"2347","H","Horita","Octopus","","","Horita"
"2348","H","Horita","Octopus","","","Horita"
"2349","H","Horita","Octopus","","","Horita"
"2350","H","Horita","Octopus","","","Horita"
"2351","H","Horita","Octopus","","","Horita"
"2352","F","Fia","Fish","","","Fia"
"2353","F","Fia","Fish","","","Fia"
"2354","H","Horita","Octopus","","","Horita"
"2355","A","Angisy","Squid","","","Angisy"
"2356","",NA,NA,NA,NA,NA
"2357","",NA,NA,NA,NA,NA
"2358","A","Angisy","Squid","","","Angisy"
"2359","",NA,NA,NA,NA,NA
"2360","F","Fia","Fish","","","Fia"
"2361","F","Fia","Fish","","","Fia"
"2362","F","Fia","Fish","","","Fia"
"2363","A","Angisy","Squid","","","Angisy"
"2364","F","Fia","Fish","","","Fia"
"2365","F","Fia","Fish","","","Fia"
"2366","",NA,NA,NA,NA,NA
"2367","",NA,NA,NA,NA,NA
"2368","F","Fia","Fish","","","Fia"
"2369","H","Horita","Octopus","","","Horita"
"2370","",NA,NA,NA,NA,NA
"2371","F","Fia","Fish","","","Fia"
"2372","H","Horita","Octopus","","","Horita"
"2373","F","Fia","Fish","","","Fia"
"2374","H","Horita","Octopus","","","Horita"
"2375","",NA,NA,NA,NA,NA
"2376","",NA,NA,NA,NA,NA
"2377","",NA,NA,NA,NA,NA
"2378","H","Horita","Octopus","","","Horita"
"2379","H","Horita","Octopus","","","Horita"
"2380","F","Fia","Fish","","","Fia"
"2381","H","Horita","Octopus","","","Horita"
"2382","L","Lamera","eel","LAMAIRA,LAMAIRAKINA,LAMAIRA FESOTSE AMBATO,LAMAIRA KINA,LAMAIRANKENA","GYMNOTHORAX JAVANICUS, GYMNOMURAENA ZEBRA, ECHIDNA NEBULOSA, GYMNOTORAX JAVANICUS","LAMAIRA,LAMAIRAKINA,LAMAIRA FESOTSE AMBATO,LAMAIRA KINA,LAMAIRANKENA"
"2383","H","Horita","Octopus","","","Horita"
"2384","H","Horita","Octopus","","","Horita"
"2385","A","Angisy","Squid","","","Angisy"
"2386","F","Fia","Fish","","","Fia"
"2387","F","Fia","Fish","","","Fia"
"2388","H","Horita","Octopus","","","Horita"
"2389","H","Horita","Octopus","","","Horita"
"2390","H","Horita","Octopus","","","Horita"
"2391","F","Fia","Fish","","","Fia"
"2392","F","Fia","Fish","","","Fia"
"2393","F","Fia","Fish","","","Fia"
"2394","F","Fia","Fish","","","Fia"
"2395","H","Horita","Octopus","","","Horita"
"2396","H","Horita","Octopus","","","Horita"
"2397","F","Fia","Fish","","","Fia"
"2398","B","Bozike","Chicoreus ramosus","","","Bozike"
"2399","F","Fia","Fish","","","Fia"
"2400","B","Bozike","Chicoreus ramosus","","","Bozike"
"2401","L","Lamera","eel","LAMAIRA,LAMAIRAKINA,LAMAIRA FESOTSE AMBATO,LAMAIRA KINA,LAMAIRANKENA","GYMNOTHORAX JAVANICUS, GYMNOMURAENA ZEBRA, ECHIDNA NEBULOSA, GYMNOTORAX JAVANICUS","LAMAIRA,LAMAIRAKINA,LAMAIRA FESOTSE AMBATO,LAMAIRA KINA,LAMAIRANKENA"
"2402","A","Angisy","Squid","","","Angisy"
"2403","",NA,NA,NA,NA,NA
"2404","H","Horita","Octopus","","","Horita"
"2405","H","Horita","Octopus","","","Horita"
"2406","H","Horita","Octopus","","","Horita"
"2407","B","Bozike","Chicoreus ramosus","","","Bozike"
"2408","H","Horita","Octopus","","","Horita"
"2409","H","Horita","Octopus","","","Horita"
"2410","H","Horita","Octopus","","","Horita"
"2411","",NA,NA,NA,NA,NA
"2412","",NA,NA,NA,NA,NA
"2413","H","Horita","Octopus","","","Horita"
"2414","H","Horita","Octopus","","","Horita"
"2415","L","Lamera","eel","LAMAIRA,LAMAIRAKINA,LAMAIRA FESOTSE AMBATO,LAMAIRA KINA,LAMAIRANKENA","GYMNOTHORAX JAVANICUS, GYMNOMURAENA ZEBRA, ECHIDNA NEBULOSA, GYMNOTORAX JAVANICUS","LAMAIRA,LAMAIRAKINA,LAMAIRA FESOTSE AMBATO,LAMAIRA KINA,LAMAIRANKENA"
"2416","F","Fia","Fish","","","Fia"
"2417","H","Horita","Octopus","","","Horita"
"2418","",NA,NA,NA,NA,NA
"2419","F","Fia","Fish","","","Fia"
"2420","F","Fia","Fish","","","Fia"
"2421","A","Angisy","Squid","","","Angisy"
"2422","H","Horita","Octopus","","","Horita"
"2423","H","Horita","Octopus","","","Horita"
"2424","H","Horita","Octopus","","","Horita"
"2425","H","Horita","Octopus","","","Horita"
"2426","F","Fia","Fish","","","Fia"
"2427","F","Fia","Fish","","","Fia"
"2428","H","Horita","Octopus","","","Horita"
"2429","H","Horita","Octopus","","","Horita"
"2430","F","Fia","Fish","","","Fia"
"2431","H","Horita","Octopus","","","Horita"
"2432","H","Horita","Octopus","","","Horita"
"2433","F","Fia","Fish","","","Fia"
"2434","F","Fia","Fish","","","Fia"
"2435","",NA,NA,NA,NA,NA
"2436","",NA,NA,NA,NA,NA
"2437","",NA,NA,NA,NA,NA
"2438","F","Fia","Fish","","","Fia"
"2439","F","Fia","Fish","","","Fia"
"2440","F","Fia","Fish","","","Fia"
"2441","B","Bozike","Chicoreus ramosus","","","Bozike"
"2442","H","Horita","Octopus","","","Horita"
"2443","H","Horita","Octopus","","","Horita"
"2444","A","Angisy","Squid","","","Angisy"
"2445","H","Horita","Octopus","","","Horita"
"2446","H","Horita","Octopus","","","Horita"
"2447","B","Bozike","Chicoreus ramosus","","","Bozike"
"2448","F","Fia","Fish","","","Fia"
"2449","F","Fia","Fish","","","Fia"
"2450","F","Fia","Fish","","","Fia"
"2451","L","Lamera","eel","LAMAIRA,LAMAIRAKINA,LAMAIRA FESOTSE AMBATO,LAMAIRA KINA,LAMAIRANKENA","GYMNOTHORAX JAVANICUS, GYMNOMURAENA ZEBRA, ECHIDNA NEBULOSA, GYMNOTORAX JAVANICUS","LAMAIRA,LAMAIRAKINA,LAMAIRA FESOTSE AMBATO,LAMAIRA KINA,LAMAIRANKENA"
"2452","",NA,NA,NA,NA,NA
"2453","",NA,NA,NA,NA,NA
"2454","",NA,NA,NA,NA,NA
"2455","F","Fia","Fish","","","Fia"
"2456","F","Fia","Fish","","","Fia"
"2457","H","Horita","Octopus","","","Horita"
"2458","F","Fia","Fish","","","Fia"
"2459","L","Lamera","eel","LAMAIRA,LAMAIRAKINA,LAMAIRA FESOTSE AMBATO,LAMAIRA KINA,LAMAIRANKENA","GYMNOTHORAX JAVANICUS, GYMNOMURAENA ZEBRA, ECHIDNA NEBULOSA, GYMNOTORAX JAVANICUS","LAMAIRA,LAMAIRAKINA,LAMAIRA FESOTSE AMBATO,LAMAIRA KINA,LAMAIRANKENA"
"2460","F","Fia","Fish","","","Fia"
"2461","F","Fia","Fish","","","Fia"
"2462","F","Fia","Fish","","","Fia"
"2463","F","Fia","Fish","","","Fia"
"2464","H","Horita","Octopus","","","Horita"
"2465","F","Fia","Fish","","","Fia"
"2466","F","Fia","Fish","","","Fia"
"2467","A","Angisy","Squid","","","Angisy"
"2468","H","Horita","Octopus","","","Horita"
"2469","A","Angisy","Squid","","","Angisy"
"2470","H","Horita","Octopus","","","Horita"
"2471","H","Horita","Octopus","","","Horita"
"2472","B","Bozike","Chicoreus ramosus","","","Bozike"
"2473","F","Fia","Fish","","","Fia"
"2474","F","Fia","Fish","","","Fia"
"2475","H","Horita","Octopus","","","Horita"
"2476","",NA,NA,NA,NA,NA
"2477","",NA,NA,NA,NA,NA
"2478","",NA,NA,NA,NA,NA
"2479","F","Fia","Fish","","","Fia"
"2480","B","Bozike","Chicoreus ramosus","","","Bozike"
"2481","H","Horita","Octopus","","","Horita"
"2482","H","Horita","Octopus","","","Horita"
"2483","A","Angisy","Squid","","","Angisy"
"2484","",NA,NA,NA,NA,NA
"2485","F","Fia","Fish","","","Fia"
"2486","H","Horita","Octopus","","","Horita"
"2487","H","Horita","Octopus","","","Horita"
"2488","F","Fia","Fish","","","Fia"
"2489","F","Fia","Fish","","","Fia"
"2490","H","Horita","Octopus","","","Horita"
"2491","F","Fia","Fish","","","Fia"
"2492","H","Horita","Octopus","","","Horita"
"2493","B","Bozike","Chicoreus ramosus","","","Bozike"
"2494","H","Horita","Octopus","","","Horita"
"2495","H","Horita","Octopus","","","Horita"
"2496","F","Fia","Fish","","","Fia"
"2497","A","Angisy","Squid","","","Angisy"
"2498","F","Fia","Fish","","","Fia"
"2499","F","Fia","Fish","","","Fia"
"2500","B","Bozike","Chicoreus ramosus","","","Bozike"
"2501","A","Angisy","Squid","","","Angisy"
"2502","",NA,NA,NA,NA,NA
"2503","L","Lamera","eel","LAMAIRA,LAMAIRAKINA,LAMAIRA FESOTSE AMBATO,LAMAIRA KINA,LAMAIRANKENA","GYMNOTHORAX JAVANICUS, GYMNOMURAENA ZEBRA, ECHIDNA NEBULOSA, GYMNOTORAX JAVANICUS","LAMAIRA,LAMAIRAKINA,LAMAIRA FESOTSE AMBATO,LAMAIRA KINA,LAMAIRANKENA"
"2504","H","Horita","Octopus","","","Horita"
"2505","H","Horita","Octopus","","","Horita"
"2506","H","Horita","Octopus","","","Horita"
"2507","H","Horita","Octopus","","","Horita"
"2508","F","Fia","Fish","","","Fia"
"2509","F","Fia","Fish","","","Fia"
"2510","F","Fia","Fish","","","Fia"
"2511","H","Horita","Octopus","","","Horita"
"2512","",NA,NA,NA,NA,NA
"2513","",NA,NA,NA,NA,NA
"2514","H","Horita","Octopus","","","Horita"
"2515","F","Fia","Fish","","","Fia"
"2516","H","Horita","Octopus","","","Horita"
"2517","H","Horita","Octopus","","","Horita"
"2518","F","Fia","Fish","","","Fia"
"2519","F","Fia","Fish","","","Fia"
"2520","B","Bozike","Chicoreus ramosus","","","Bozike"
"2521","F","Fia","Fish","","","Fia"
"2522","A","Angisy","Squid","","","Angisy"
"2523","F","Fia","Fish","","","Fia"
"2524","H","Horita","Octopus","","","Horita"
"2525","F","Fia","Fish","","","Fia"
"2526","H","Horita","Octopus","","","Horita"
"2527","H","Horita","Octopus","","","Horita"
"2528","H","Horita","Octopus","","","Horita"
"2529","H","Horita","Octopus","","","Horita"
"2530","H","Horita","Octopus","","","Horita"
"2531","F","Fia","Fish","","","Fia"
"2532","H","Horita","Octopus","","","Horita"
"2533","",NA,NA,NA,NA,NA
"2534","H","Horita","Octopus","","","Horita"
"2535","H","Horita","Octopus","","","Horita"
"2536","H","Horita","Octopus","","","Horita"
"2537","H","Horita","Octopus","","","Horita"
"2538","F","Fia","Fish","","","Fia"
"2539","L","Lamera","eel","LAMAIRA,LAMAIRAKINA,LAMAIRA FESOTSE AMBATO,LAMAIRA KINA,LAMAIRANKENA","GYMNOTHORAX JAVANICUS, GYMNOMURAENA ZEBRA, ECHIDNA NEBULOSA, GYMNOTORAX JAVANICUS","LAMAIRA,LAMAIRAKINA,LAMAIRA FESOTSE AMBATO,LAMAIRA KINA,LAMAIRANKENA"
"2540","F","Fia","Fish","","","Fia"
"2541","A","Angisy","Squid","","","Angisy"
"2542","H","Horita","Octopus","","","Horita"
"2543","",NA,NA,NA,NA,NA
"2544","H","Horita","Octopus","","","Horita"
"2545","",NA,NA,NA,NA,NA
"2546","",NA,NA,NA,NA,NA
"2547","",NA,NA,NA,NA,NA
"2548","",NA,NA,NA,NA,NA
"2549","H","Horita","Octopus","","","Horita"
"2550","H","Horita","Octopus","","","Horita"
"2551","H","Horita","Octopus","","","Horita"
"2552","H","Horita","Octopus","","","Horita"
"2553","H","Horita","Octopus","","","Horita"
"2554","",NA,NA,NA,NA,NA
"2555","F","Fia","Fish","","","Fia"
"2556","H","Horita","Octopus","","","Horita"
"2557","L","Lamera","eel","LAMAIRA,LAMAIRAKINA,LAMAIRA FESOTSE AMBATO,LAMAIRA KINA,LAMAIRANKENA","GYMNOTHORAX JAVANICUS, GYMNOMURAENA ZEBRA, ECHIDNA NEBULOSA, GYMNOTORAX JAVANICUS","LAMAIRA,LAMAIRAKINA,LAMAIRA FESOTSE AMBATO,LAMAIRA KINA,LAMAIRANKENA"
"2558","F","Fia","Fish","","","Fia"
"2559","F","Fia","Fish","","","Fia"
"2560","H","Horita","Octopus","","","Horita"
"2561","H","Horita","Octopus","","","Horita"
"2562","H","Horita","Octopus","","","Horita"
"2563","",NA,NA,NA,NA,NA
"2564","F","Fia","Fish","","","Fia"
"2565","H","Horita","Octopus","","","Horita"
"2566","F","Fia","Fish","","","Fia"
"2567","H","Horita","Octopus","","","Horita"
"2568","H","Horita","Octopus","","","Horita"
"2569","",NA,NA,NA,NA,NA
"2570","H","Horita","Octopus","","","Horita"
"2571","H","Horita","Octopus","","","Horita"
"2572","H","Horita","Octopus","","","Horita"
"2573","F","Fia","Fish","","","Fia"
"2574","H","Horita","Octopus","","","Horita"
"2575","H","Horita","Octopus","","","Horita"
"2576","F","Fia","Fish","","","Fia"
"2577","L","Lamera","eel","LAMAIRA,LAMAIRAKINA,LAMAIRA FESOTSE AMBATO,LAMAIRA KINA,LAMAIRANKENA","GYMNOTHORAX JAVANICUS, GYMNOMURAENA ZEBRA, ECHIDNA NEBULOSA, GYMNOTORAX JAVANICUS","LAMAIRA,LAMAIRAKINA,LAMAIRA FESOTSE AMBATO,LAMAIRA KINA,LAMAIRANKENA"
"2578","A","Angisy","Squid","","","Angisy"
"2579","F","Fia","Fish","","","Fia"
"2580","F","Fia","Fish","","","Fia"
"2581","H","Horita","Octopus","","","Horita"
"2582","H","Horita","Octopus","","","Horita"
"2583","",NA,NA,NA,NA,NA
"2584","H","Horita","Octopus","","","Horita"
"2585","H","Horita","Octopus","","","Horita"
"2586","B","Bozike","Chicoreus ramosus","","","Bozike"
"2587","",NA,NA,NA,NA,NA
"2588","H","Horita","Octopus","","","Horita"
"2589","H","Horita","Octopus","","","Horita"
"2590","F","Fia","Fish","","","Fia"
"2591","H","Horita","Octopus","","","Horita"
"2592","H","Horita","Octopus","","","Horita"
"2593","F","Fia","Fish","","","Fia"
"2594","H","Horita","Octopus","","","Horita"
"2595","F","Fia","Fish","","","Fia"
"2596","H","Horita","Octopus","","","Horita"
"2597","A","Angisy","Squid","","","Angisy"
"2598","H","Horita","Octopus","","","Horita"
"2599","H","Horita","Octopus","","","Horita"
"2600","H","Horita","Octopus","","","Horita"
"2601","H","Horita","Octopus","","","Horita"
"2602","L","Lamera","eel","LAMAIRA,LAMAIRAKINA,LAMAIRA FESOTSE AMBATO,LAMAIRA KINA,LAMAIRANKENA","GYMNOTHORAX JAVANICUS, GYMNOMURAENA ZEBRA, ECHIDNA NEBULOSA, GYMNOTORAX JAVANICUS","LAMAIRA,LAMAIRAKINA,LAMAIRA FESOTSE AMBATO,LAMAIRA KINA,LAMAIRANKENA"
"2603","H","Horita","Octopus","","","Horita"
"2604","F","Fia","Fish","","","Fia"
"2605","H","Horita","Octopus","","","Horita"
"2606","H","Horita","Octopus","","","Horita"
"2607","H","Horita","Octopus","","","Horita"
"2608","",NA,NA,NA,NA,NA
"2609","F","Fia","Fish","","","Fia"
"2610","F","Fia","Fish","","","Fia"
"2611","H","Horita","Octopus","","","Horita"
"2612","H","Horita","Octopus","","","Horita"
"2613","F","Fia","Fish","","","Fia"
"2614","L","Lamera","eel","LAMAIRA,LAMAIRAKINA,LAMAIRA FESOTSE AMBATO,LAMAIRA KINA,LAMAIRANKENA","GYMNOTHORAX JAVANICUS, GYMNOMURAENA ZEBRA, ECHIDNA NEBULOSA, GYMNOTORAX JAVANICUS","LAMAIRA,LAMAIRAKINA,LAMAIRA FESOTSE AMBATO,LAMAIRA KINA,LAMAIRANKENA"
"2615","F","Fia","Fish","","","Fia"
"2616","F","Fia","Fish","","","Fia"
"2617","",NA,NA,NA,NA,NA
"2618","H","Horita","Octopus","","","Horita"
"2619","F","Fia","Fish","","","Fia"
"2620","A","Angisy","Squid","","","Angisy"
"2621","",NA,NA,NA,NA,NA
"2622","H","Horita","Octopus","","","Horita"
"2623","H","Horita","Octopus","","","Horita"
"2624","H","Horita","Octopus","","","Horita"
"2625","H","Horita","Octopus","","","Horita"
"2626","H","Horita","Octopus","","","Horita"
"2627","H","Horita","Octopus","","","Horita"
"2628","H","Horita","Octopus","","","Horita"
"2629","H","Horita","Octopus","","","Horita"
"2630","F","Fia","Fish","","","Fia"
"2631","L","Lamera","eel","LAMAIRA,LAMAIRAKINA,LAMAIRA FESOTSE AMBATO,LAMAIRA KINA,LAMAIRANKENA","GYMNOTHORAX JAVANICUS, GYMNOMURAENA ZEBRA, ECHIDNA NEBULOSA, GYMNOTORAX JAVANICUS","LAMAIRA,LAMAIRAKINA,LAMAIRA FESOTSE AMBATO,LAMAIRA KINA,LAMAIRANKENA"
"2632","H","Horita","Octopus","","","Horita"
"2633","H","Horita","Octopus","","","Horita"
"2634","A","Angisy","Squid","","","Angisy"
"2635","F","Fia","Fish","","","Fia"
"2636","F","Fia","Fish","","","Fia"
"2637","F","Fia","Fish","","","Fia"
"2638","H","Horita","Octopus","","","Horita"
"2639","A","Angisy","Squid","","","Angisy"
"2640","H","Horita","Octopus","","","Horita"
"2641","F","Fia","Fish","","","Fia"
"2642","H","Horita","Octopus","","","Horita"
"2643","H","Horita","Octopus","","","Horita"
"2644","H","Horita","Octopus","","","Horita"
"2645","H","Horita","Octopus","","","Horita"
"2646","H","Horita","Octopus","","","Horita"
"2647","H","Horita","Octopus","","","Horita"
"2648","F","Fia","Fish","","","Fia"
"2649","H","Horita","Octopus","","","Horita"
"2650","H","Horita","Octopus","","","Horita"
"2651","L","Lamera","eel","LAMAIRA,LAMAIRAKINA,LAMAIRA FESOTSE AMBATO,LAMAIRA KINA,LAMAIRANKENA","GYMNOTHORAX JAVANICUS, GYMNOMURAENA ZEBRA, ECHIDNA NEBULOSA, GYMNOTORAX JAVANICUS","LAMAIRA,LAMAIRAKINA,LAMAIRA FESOTSE AMBATO,LAMAIRA KINA,LAMAIRANKENA"
"2652","F","Fia","Fish","","","Fia"
"2653","",NA,NA,NA,NA,NA
"2654","H","Horita","Octopus","","","Horita"
"2655","F","Fia","Fish","","","Fia"
"2656","F","Fia","Fish","","","Fia"
"2657","",NA,NA,NA,NA,NA
"2658","A","Angisy","Squid","","","Angisy"
"2659","H","Horita","Octopus","","","Horita"
"2660","H","Horita","Octopus","","","Horita"
"2661","H","Horita","Octopus","","","Horita"
"2662","B","Bozike","Chicoreus ramosus","","","Bozike"
"2663","B","Bozike","Chicoreus ramosus","","","Bozike"
"2664","H","Horita","Octopus","","","Horita"
"2665","H","Horita","Octopus","","","Horita"
"2666","L","Lamera","eel","LAMAIRA,LAMAIRAKINA,LAMAIRA FESOTSE AMBATO,LAMAIRA KINA,LAMAIRANKENA","GYMNOTHORAX JAVANICUS, GYMNOMURAENA ZEBRA, ECHIDNA NEBULOSA, GYMNOTORAX JAVANICUS","LAMAIRA,LAMAIRAKINA,LAMAIRA FESOTSE AMBATO,LAMAIRA KINA,LAMAIRANKENA"
"2667","",NA,NA,NA,NA,NA
"2668","",NA,NA,NA,NA,NA
"2669","H","Horita","Octopus","","","Horita"
"2670","B","Bozike","Chicoreus ramosus","","","Bozike"
"2671","H","Horita","Octopus","","","Horita"
"2672","H","Horita","Octopus","","","Horita"
"2673","L","Lamera","eel","LAMAIRA,LAMAIRAKINA,LAMAIRA FESOTSE AMBATO,LAMAIRA KINA,LAMAIRANKENA","GYMNOTHORAX JAVANICUS, GYMNOMURAENA ZEBRA, ECHIDNA NEBULOSA, GYMNOTORAX JAVANICUS","LAMAIRA,LAMAIRAKINA,LAMAIRA FESOTSE AMBATO,LAMAIRA KINA,LAMAIRANKENA"
"2674","F","Fia","Fish","","","Fia"
"2675","F","Fia","Fish","","","Fia"
"2676","A","Angisy","Squid","","","Angisy"
"2677","L","Lamera","eel","LAMAIRA,LAMAIRAKINA,LAMAIRA FESOTSE AMBATO,LAMAIRA KINA,LAMAIRANKENA","GYMNOTHORAX JAVANICUS, GYMNOMURAENA ZEBRA, ECHIDNA NEBULOSA, GYMNOTORAX JAVANICUS","LAMAIRA,LAMAIRAKINA,LAMAIRA FESOTSE AMBATO,LAMAIRA KINA,LAMAIRANKENA"
"2678","H","Horita","Octopus","","","Horita"
"2679","H","Horita","Octopus","","","Horita"
"2680","H","Horita","Octopus","","","Horita"
"2681","B","Bozike","Chicoreus ramosus","","","Bozike"
"2682","F","Fia","Fish","","","Fia"
"2683","H","Horita","Octopus","","","Horita"
"2684","L","Lamera","eel","LAMAIRA,LAMAIRAKINA,LAMAIRA FESOTSE AMBATO,LAMAIRA KINA,LAMAIRANKENA","GYMNOTHORAX JAVANICUS, GYMNOMURAENA ZEBRA, ECHIDNA NEBULOSA, GYMNOTORAX JAVANICUS","LAMAIRA,LAMAIRAKINA,LAMAIRA FESOTSE AMBATO,LAMAIRA KINA,LAMAIRANKENA"
"2685","",NA,NA,NA,NA,NA
"2686","H","Horita","Octopus","","","Horita"
"2687","H","Horita","Octopus","","","Horita"
"2688","H","Horita","Octopus","","","Horita"
"2689","H","Horita","Octopus","","","Horita"
"2690","F","Fia","Fish","","","Fia"
"2691","H","Horita","Octopus","","","Horita"
"2692","B","Bozike","Chicoreus ramosus","","","Bozike"
"2693","F","Fia","Fish","","","Fia"
"2694","F","Fia","Fish","","","Fia"
"2695","H","Horita","Octopus","","","Horita"
"2696","A","Angisy","Squid","","","Angisy"
"2697","",NA,NA,NA,NA,NA
"2698","",NA,NA,NA,NA,NA
"2699","H","Horita","Octopus","","","Horita"
"2700","H","Horita","Octopus","","","Horita"
"2701","F","Fia","Fish","","","Fia"
"2702","H","Horita","Octopus","","","Horita"
"2703","H","Horita","Octopus","","","Horita"
"2704","H","Horita","Octopus","","","Horita"
"2705","F","Fia","Fish","","","Fia"
"2706","H","Horita","Octopus","","","Horita"
"2707","H","Horita","Octopus","","","Horita"
"2708","H","Horita","Octopus","","","Horita"
"2709","H","Horita","Octopus","","","Horita"
"2710","L","Lamera","eel","LAMAIRA,LAMAIRAKINA,LAMAIRA FESOTSE AMBATO,LAMAIRA KINA,LAMAIRANKENA","GYMNOTHORAX JAVANICUS, GYMNOMURAENA ZEBRA, ECHIDNA NEBULOSA, GYMNOTORAX JAVANICUS","LAMAIRA,LAMAIRAKINA,LAMAIRA FESOTSE AMBATO,LAMAIRA KINA,LAMAIRANKENA"
"2711","H","Horita","Octopus","","","Horita"
"2712","H","Horita","Octopus","","","Horita"
"2713","F","Fia","Fish","","","Fia"
"2714","F","Fia","Fish","","","Fia"
"2715","B","Bozike","Chicoreus ramosus","","","Bozike"
"2716","H","Horita","Octopus","","","Horita"
"2717","A","Angisy","Squid","","","Angisy"
"2718","H","Horita","Octopus","","","Horita"
"2719","F","Fia","Fish","","","Fia"
"2720","",NA,NA,NA,NA,NA
"2721","H","Horita","Octopus","","","Horita"
"2722","H","Horita","Octopus","","","Horita"
"2723","F","Fia","Fish","","","Fia"
"2724","F","Fia","Fish","","","Fia"
"2725","H","Horita","Octopus","","","Horita"
"2726","H","Horita","Octopus","","","Horita"
"2727","F","Fia","Fish","","","Fia"
"2728","H","Horita","Octopus","","","Horita"
"2729","F","Fia","Fish","","","Fia"
"2730","H","Horita","Octopus","","","Horita"
"2731","H","Horita","Octopus","","","Horita"
"2732","",NA,NA,NA,NA,NA
"2733","H","Horita","Octopus","","","Horita"
"2734","F","Fia","Fish","","","Fia"
"2735","F","Fia","Fish","","","Fia"
"2736","B","Bozike","Chicoreus ramosus","","","Bozike"
"2737","H","Horita","Octopus","","","Horita"
"2738","H","Horita","Octopus","","","Horita"
"2739","H","Horita","Octopus","","","Horita"
"2740","H","Horita","Octopus","","","Horita"
"2741","A","Angisy","Squid","","","Angisy"
"2742","H","Horita","Octopus","","","Horita"
"2743","A","Angisy","Squid","","","Angisy"
"2744","H","Horita","Octopus","","","Horita"
"2745","H","Horita","Octopus","","","Horita"
"2746","H","Horita","Octopus","","","Horita"
"2747","H","Horita","Octopus","","","Horita"
"2748","H","Horita","Octopus","","","Horita"
"2749","H","Horita","Octopus","","","Horita"
"2750","H","Horita","Octopus","","","Horita"
"2751","H","Horita","Octopus","","","Horita"
"2752","H","Horita","Octopus","","","Horita"
"2753","H","Horita","Octopus","","","Horita"
"2754","H","Horita","Octopus","","","Horita"
"2755","F","Fia","Fish","","","Fia"
"2756","H","Horita","Octopus","","","Horita"
"2757","A","Angisy","Squid","","","Angisy"
"2758","F","Fia","Fish","","","Fia"
"2759","H","Horita","Octopus","","","Horita"
"2760","H","Horita","Octopus","","","Horita"
"2761","B","Bozike","Chicoreus ramosus","","","Bozike"
"2762","B","Bozike","Chicoreus ramosus","","","Bozike"
"2763","H","Horita","Octopus","","","Horita"
"2764","L","Lamera","eel","LAMAIRA,LAMAIRAKINA,LAMAIRA FESOTSE AMBATO,LAMAIRA KINA,LAMAIRANKENA","GYMNOTHORAX JAVANICUS, GYMNOMURAENA ZEBRA, ECHIDNA NEBULOSA, GYMNOTORAX JAVANICUS","LAMAIRA,LAMAIRAKINA,LAMAIRA FESOTSE AMBATO,LAMAIRA KINA,LAMAIRANKENA"
"2765","H","Horita","Octopus","","","Horita"
"2766","H","Horita","Octopus","","","Horita"
"2767","H","Horita","Octopus","","","Horita"
"2768","H","Horita","Octopus","","","Horita"
"2769","H","Horita","Octopus","","","Horita"
"2770","F","Fia","Fish","","","Fia"
"2771","F","Fia","Fish","","","Fia"
"2772","H","Horita","Octopus","","","Horita"
"2773","H","Horita","Octopus","","","Horita"
"2774","F","Fia","Fish","","","Fia"
"2775","F","Fia","Fish","","","Fia"
"2776","B","Bozike","Chicoreus ramosus","","","Bozike"
"2777","H","Horita","Octopus","","","Horita"
"2778","H","Horita","Octopus","","","Horita"
"2779","H","Horita","Octopus","","","Horita"
"2780","A","Angisy","Squid","","","Angisy"
"2781","H","Horita","Octopus","","","Horita"
"2782","H","Horita","Octopus","","","Horita"
"2783","L","Lamera","eel","LAMAIRA,LAMAIRAKINA,LAMAIRA FESOTSE AMBATO,LAMAIRA KINA,LAMAIRANKENA","GYMNOTHORAX JAVANICUS, GYMNOMURAENA ZEBRA, ECHIDNA NEBULOSA, GYMNOTORAX JAVANICUS","LAMAIRA,LAMAIRAKINA,LAMAIRA FESOTSE AMBATO,LAMAIRA KINA,LAMAIRANKENA"
"2784","",NA,NA,NA,NA,NA
"2785","",NA,NA,NA,NA,NA
"2786","F","Fia","Fish","","","Fia"
"2787","F","Fia","Fish","","","Fia"
"2788","H","Horita","Octopus","","","Horita"
"2789","H","Horita","Octopus","","","Horita"
"2790","H","Horita","Octopus","","","Horita"
"2791","",NA,NA,NA,NA,NA
"2792","F","Fia","Fish","","","Fia"
"2793","H","Horita","Octopus","","","Horita"
"2794","H","Horita","Octopus","","","Horita"
"2795","H","Horita","Octopus","","","Horita"
"2796","B","Bozike","Chicoreus ramosus","","","Bozike"
"2797","H","Horita","Octopus","","","Horita"
"2798","L","Lamera","eel","LAMAIRA,LAMAIRAKINA,LAMAIRA FESOTSE AMBATO,LAMAIRA KINA,LAMAIRANKENA","GYMNOTHORAX JAVANICUS, GYMNOMURAENA ZEBRA, ECHIDNA NEBULOSA, GYMNOTORAX JAVANICUS","LAMAIRA,LAMAIRAKINA,LAMAIRA FESOTSE AMBATO,LAMAIRA KINA,LAMAIRANKENA"
"2799","H","Horita","Octopus","","","Horita"
"2800","H","Horita","Octopus","","","Horita"
"2801","F","Fia","Fish","","","Fia"
"2802","",NA,NA,NA,NA,NA
"2803","H","Horita","Octopus","","","Horita"
"2804","F","Fia","Fish","","","Fia"
"2805","F","Fia","Fish","","","Fia"
"2806","B","Bozike","Chicoreus ramosus","","","Bozike"
"2807","H","Horita","Octopus","","","Horita"
"2808","H","Horita","Octopus","","","Horita"
"2809","H","Horita","Octopus","","","Horita"
"2810","H","Horita","Octopus","","","Horita"
"2811","",NA,NA,NA,NA,NA
"2812","",NA,NA,NA,NA,NA
"2813","B","Bozike","Chicoreus ramosus","","","Bozike"
"2814","F","Fia","Fish","","","Fia"
"2815","A","Angisy","Squid","","","Angisy"
"2816","L","Lamera","eel","LAMAIRA,LAMAIRAKINA,LAMAIRA FESOTSE AMBATO,LAMAIRA KINA,LAMAIRANKENA","GYMNOTHORAX JAVANICUS, GYMNOMURAENA ZEBRA, ECHIDNA NEBULOSA, GYMNOTORAX JAVANICUS","LAMAIRA,LAMAIRAKINA,LAMAIRA FESOTSE AMBATO,LAMAIRA KINA,LAMAIRANKENA"
"2817","F","Fia","Fish","","","Fia"
"2818","H","Horita","Octopus","","","Horita"
"2819","H","Horita","Octopus","","","Horita"
"2820","H","Horita","Octopus","","","Horita"
"2821","H","Horita","Octopus","","","Horita"
"2822","H","Horita","Octopus","","","Horita"
"2823","H","Horita","Octopus","","","Horita"
"2824","H","Horita","Octopus","","","Horita"
"2825","H","Horita","Octopus","","","Horita"
"2826","H","Horita","Octopus","","","Horita"
"2827","",NA,NA,NA,NA,NA
"2828","",NA,NA,NA,NA,NA
"2829","H","Horita","Octopus","","","Horita"
"2830","F","Fia","Fish","","","Fia"
"2831","H","Horita","Octopus","","","Horita"
"2832","",NA,NA,NA,NA,NA
"2833","F","Fia","Fish","","","Fia"
"2834","F","Fia","Fish","","","Fia"
"2835","B","Bozike","Chicoreus ramosus","","","Bozike"
"2836","",NA,NA,NA,NA,NA
"2837","A","Angisy","Squid","","","Angisy"
"2838","H","Horita","Octopus","","","Horita"
"2839","H","Horita","Octopus","","","Horita"
"2840","H","Horita","Octopus","","","Horita"
"2841","H","Horita","Octopus","","","Horita"
"2842","H","Horita","Octopus","","","Horita"
"2843","F","Fia","Fish","","","Fia"
"2844","F","Fia","Fish","","","Fia"
"2845","F","Fia","Fish","","","Fia"
"2846","H","Horita","Octopus","","","Horita"
"2847","H","Horita","Octopus","","","Horita"
"2848","",NA,NA,NA,NA,NA
"2849","H","Horita","Octopus","","","Horita"
"2850","H","Horita","Octopus","","","Horita"
"2851","B","Bozike","Chicoreus ramosus","","","Bozike"
"2852","F","Fia","Fish","","","Fia"
"2853","H","Horita","Octopus","","","Horita"
"2854","F","Fia","Fish","","","Fia"
"2855","B","Bozike","Chicoreus ramosus","","","Bozike"
"2856","A","Angisy","Squid","","","Angisy"
"2857","H","Horita","Octopus","","","Horita"
"2858","F","Fia","Fish","","","Fia"
"2859","B","Bozike","Chicoreus ramosus","","","Bozike"
"2860","F","Fia","Fish","","","Fia"
"2861","H","Horita","Octopus","","","Horita"
"2862","H","Horita","Octopus","","","Horita"
"2863","H","Horita","Octopus","","","Horita"
"2864","H","Horita","Octopus","","","Horita"
"2865","A","Angisy","Squid","","","Angisy"
"2866","A","Angisy","Squid","","","Angisy"
"2867","H","Horita","Octopus","","","Horita"
"2868","F","Fia","Fish","","","Fia"
"2869","H","Horita","Octopus","","","Horita"
"2870","B","Bozike","Chicoreus ramosus","","","Bozike"
"2871","H","Horita","Octopus","","","Horita"
"2872","B","Bozike","Chicoreus ramosus","","","Bozike"
"2873","F","Fia","Fish","","","Fia"
"2874","F","Fia","Fish","","","Fia"
"2875","F","Fia","Fish","","","Fia"
"2876","B","Bozike","Chicoreus ramosus","","","Bozike"
"2877","A","Angisy","Squid","","","Angisy"
"2878","",NA,NA,NA,NA,NA
"2879","H","Horita","Octopus","","","Horita"
"2880","H","Horita","Octopus","","","Horita"
"2881","H","Horita","Octopus","","","Horita"
"2882","H","Horita","Octopus","","","Horita"
"2883","H","Horita","Octopus","","","Horita"
"2884","H","Horita","Octopus","","","Horita"
"2885","H","Horita","Octopus","","","Horita"
"2886","F","Fia","Fish","","","Fia"
"2887","H","Horita","Octopus","","","Horita"
"2888","H","Horita","Octopus","","","Horita"
"2889","H","Horita","Octopus","","","Horita"
"2890","H","Horita","Octopus","","","Horita"
"2891","H","Horita","Octopus","","","Horita"
"2892","A","Angisy","Squid","","","Angisy"
"2893","A","Angisy","Squid","","","Angisy"
"2894","F","Fia","Fish","","","Fia"
"2895","H","Horita","Octopus","","","Horita"
"2896","F","Fia","Fish","","","Fia"
"2897","A","Angisy","Squid","","","Angisy"
"2898","A","Angisy","Squid","","","Angisy"
"2899","F","Fia","Fish","","","Fia"
"2900","B","Bozike","Chicoreus ramosus","","","Bozike"
"2901","H","Horita","Octopus","","","Horita"
"2902","H","Horita","Octopus","","","Horita"
"2903","",NA,NA,NA,NA,NA
"2904","H","Horita","Octopus","","","Horita"
"2905","H","Horita","Octopus","","","Horita"
"2906","H","Horita","Octopus","","","Horita"
"2907","H","Horita","Octopus","","","Horita"
"2908","H","Horita","Octopus","","","Horita"
"2909","F","Fia","Fish","","","Fia"
"2910","H","Horita","Octopus","","","Horita"
"2911","H","Horita","Octopus","","","Horita"
"2912","H","Horita","Octopus","","","Horita"
"2913","H","Horita","Octopus","","","Horita"
"2914","B","Bozike","Chicoreus ramosus","","","Bozike"
"2915","F","Fia","Fish","","","Fia"
"2916","B","Bozike","Chicoreus ramosus","","","Bozike"
"2917","H","Horita","Octopus","","","Horita"
"2918","F","Fia","Fish","","","Fia"
"2919","H","Horita","Octopus","","","Horita"
"2920","H","Horita","Octopus","","","Horita"
"2921","F","Fia","Fish","","","Fia"
"2922","B","Bozike","Chicoreus ramosus","","","Bozike"
"2923","F","Fia","Fish","","","Fia"
"2924","H","Horita","Octopus","","","Horita"
"2925","F","Fia","Fish","","","Fia"
"2926","H","Horita","Octopus","","","Horita"
"2927","H","Horita","Octopus","","","Horita"
"2928","H","Horita","Octopus","","","Horita"
"2929","H","Horita","Octopus","","","Horita"
"2930","H","Horita","Octopus","","","Horita"
"2931","H","Horita","Octopus","","","Horita"
"2932","H","Horita","Octopus","","","Horita"
"2933","H","Horita","Octopus","","","Horita"
"2934","H","Horita","Octopus","","","Horita"
"2935","H","Horita","Octopus","","","Horita"
"2936","H","Horita","Octopus","","","Horita"
"2937","H","Horita","Octopus","","","Horita"
"2938","H","Horita","Octopus","","","Horita"
"2939","H","Horita","Octopus","","","Horita"
"2940","H","Horita","Octopus","","","Horita"
"2941","H","Horita","Octopus","","","Horita"
"2942","H","Horita","Octopus","","","Horita"
"2943","H","Horita","Octopus","","","Horita"
"2944","H","Horita","Octopus","","","Horita"
"2945","F","Fia","Fish","","","Fia"
"2946","H","Horita","Octopus","","","Horita"
"2947","FIA BANA","","","","",""
"2948","F","Fia","Fish","","","Fia"
"2949","F","Fia","Fish","","","Fia"
"2950","B","Bozike","Chicoreus ramosus","","","Bozike"
"2951","B","Bozike","Chicoreus ramosus","","","Bozike"
"2952","H","Horita","Octopus","","","Horita"
"2953","F","Fia","Fish","","","Fia"
"2954","H","Horita","Octopus","","","Horita"
"2955","H","Horita","Octopus","","","Horita"
"2956","H","Horita","Octopus","","","Horita"
"2957","H","Horita","Octopus","","","Horita"
"2958","H","Horita","Octopus","","","Horita"
"2959","H","Horita","Octopus","","","Horita"
"2960","H","Horita","Octopus","","","Horita"
"2961","F","Fia","Fish","","","Fia"
"2962","F","Fia","Fish","","","Fia"
"2963","H","Horita","Octopus","","","Horita"
"2964","B","Bozike","Chicoreus ramosus","","","Bozike"
"2965","H","Horita","Octopus","","","Horita"
"2966","H","Horita","Octopus","","","Horita"
"2967","F","Fia","Fish","","","Fia"
"2968","H","Horita","Octopus","","","Horita"
"2969","H","Horita","Octopus","","","Horita"
"2970","F","Fia","Fish","","","Fia"
"2971","B","Bozike","Chicoreus ramosus","","","Bozike"
"2972","F","Fia","Fish","","","Fia"
"2973","B","Bozike","Chicoreus ramosus","","","Bozike"
"2974","F","Fia","Fish","","","Fia"
"2975","B","Bozike","Chicoreus ramosus","","","Bozike"
"2976","H","Horita","Octopus","","","Horita"
"2977","B","Bozike","Chicoreus ramosus","","","Bozike"
"2978","H","Horita","Octopus","","","Horita"
"2979","B","Bozike","Chicoreus ramosus","","","Bozike"
"2980","H","Horita","Octopus","","","Horita"
"2981","H","Horita","Octopus","","","Horita"
"2982","H","Horita","Octopus","","","Horita"
"2983","H","Horita","Octopus","","","Horita"
"2984","H","Horita","Octopus","","","Horita"
"2985","H","Horita","Octopus","","","Horita"
"2986","F","Fia","Fish","","","Fia"
"2987","F","Fia","Fish","","","Fia"
"2988","B","Bozike","Chicoreus ramosus","","","Bozike"
"2989","F","Fia","Fish","","","Fia"
"2990","B","Bozike","Chicoreus ramosus","","","Bozike"
"2991","H","Horita","Octopus","","","Horita"
"2992","H","Horita","Octopus","","","Horita"
"2993","A","Angisy","Squid","","","Angisy"
"2994","H","Horita","Octopus","","","Horita"
"2995","H","Horita","Octopus","","","Horita"
"2996","H","Horita","Octopus","","","Horita"
"2997","F","Fia","Fish","","","Fia"
"2998","F","Fia","Fish","","","Fia"
"2999","H","Horita","Octopus","","","Horita"
"3000","B","Bozike","Chicoreus ramosus","","","Bozike"
"3001","H","Horita","Octopus","","","Horita"
"3002","B","Bozike","Chicoreus ramosus","","","Bozike"
"3003","H","Horita","Octopus","","","Horita"
"3004","H","Horita","Octopus","","","Horita"
"3005","F","Fia","Fish","","","Fia"
"3006","B","Bozike","Chicoreus ramosus","","","Bozike"
"3007","F","Fia","Fish","","","Fia"
"3008","B","Bozike","Chicoreus ramosus","","","Bozike"
"3009","H","Horita","Octopus","","","Horita"
"3010","A","Angisy","Squid","","","Angisy"
"3011","H","Horita","Octopus","","","Horita"
"3012","B","Bozike","Chicoreus ramosus","","","Bozike"
"3013","H","Horita","Octopus","","","Horita"
"3014","A","Angisy","Squid","","","Angisy"
"3015","H","Horita","Octopus","","","Horita"
"3016","H","Horita","Octopus","","","Horita"
"3017","H","Horita","Octopus","","","Horita"
"3018","H","Horita","Octopus","","","Horita"
"3019","F","Fia","Fish","","","Fia"
"3020","H","Horita","Octopus","","","Horita"
"3021","H","Horita","Octopus","","","Horita"
"3022","H","Horita","Octopus","","","Horita"
"3023","F","Fia","Fish","","","Fia"
"3024","B","Bozike","Chicoreus ramosus","","","Bozike"
"3025","H","Horita","Octopus","","","Horita"
"3026","F","Fia","Fish","","","Fia"
"3027","B","Bozike","Chicoreus ramosus","","","Bozike"
"3028","H","Horita","Octopus","","","Horita"
"3029","H","Horita","Octopus","","","Horita"
"3030","H","Horita","Octopus","","","Horita"
"3031","H","Horita","Octopus","","","Horita"
"3032","H","Horita","Octopus","","","Horita"
"3033","F","Fia","Fish","","","Fia"
"3034","H","Horita","Octopus","","","Horita"
"3035","H","Horita","Octopus","","","Horita"
"3036","H","Horita","Octopus","","","Horita"
"3037","H","Horita","Octopus","","","Horita"
"3038","H","Horita","Octopus","","","Horita"
"3039","H","Horita","Octopus","","","Horita"
"3040","H","Horita","Octopus","","","Horita"
"3041","F","Fia","Fish","","","Fia"
"3042","H","Horita","Octopus","","","Horita"
"3043","H","Horita","Octopus","","","Horita"
"3044","B","Bozike","Chicoreus ramosus","","","Bozike"
"3045","F","Fia","Fish","","","Fia"
"3046","F","Fia","Fish","","","Fia"
"3047","B","Bozike","Chicoreus ramosus","","","Bozike"
"3048","F","Fia","Fish","","","Fia"
"3049","H","Horita","Octopus","","","Horita"
"3050","H","Horita","Octopus","","","Horita"
"3051","H","Horita","Octopus","","","Horita"
"3052","A","Angisy","Squid","","","Angisy"
"3053","H","Horita","Octopus","","","Horita"
"3054","A","Angisy","Squid","","","Angisy"
"3055","H","Horita","Octopus","","","Horita"
"3056","B","Bozike","Chicoreus ramosus","","","Bozike"
"3057","H","Horita","Octopus","","","Horita"
"3058","H","Horita","Octopus","","","Horita"
"3059","H","Horita","Octopus","","","Horita"
"3060","B","Bozike","Chicoreus ramosus","","","Bozike"
"3061","H","Horita","Octopus","","","Horita"
"3062","H","Horita","Octopus","","","Horita"
"3063","H","Horita","Octopus","","","Horita"
"3064","H","Horita","Octopus","","","Horita"
"3065","F","Fia","Fish","","","Fia"
"3066","B","Bozike","Chicoreus ramosus","","","Bozike"
"3067","B","Bozike","Chicoreus ramosus","","","Bozike"
"3068","H","Horita","Octopus","","","Horita"
"3069","F","Fia","Fish","","","Fia"
"3070","H","Horita","Octopus","","","Horita"
"3071","H","Horita","Octopus","","","Horita"
"3072","H","Horita","Octopus","","","Horita"
"3073","B","Bozike","Chicoreus ramosus","","","Bozike"
"3074","A","Angisy","Squid","","","Angisy"
"3075","A","Angisy","Squid","","","Angisy"
"3076","H","Horita","Octopus","","","Horita"
"3077","B","Bozike","Chicoreus ramosus","","","Bozike"
"3078","H","Horita","Octopus","","","Horita"
"3079","H","Horita","Octopus","","","Horita"
"3080","B","Bozike","Chicoreus ramosus","","","Bozike"
"3081","F","Fia","Fish","","","Fia"
"3082","H","Horita","Octopus","","","Horita"
"3083","H","Horita","Octopus","","","Horita"
"3084","F","Fia","Fish","","","Fia"
"3085","B","Bozike","Chicoreus ramosus","","","Bozike"
"3086","H","Horita","Octopus","","","Horita"
"3087","F","Fia","Fish","","","Fia"
"3088","B","Bozike","Chicoreus ramosus","","","Bozike"
"3089","F","Fia","Fish","","","Fia"
"3090","H","Horita","Octopus","","","Horita"
"3091","H","Horita","Octopus","","","Horita"
"3092","H","Horita","Octopus","","","Horita"
"3093","H","Horita","Octopus","","","Horita"
"3094","H","Horita","Octopus","","","Horita"
"3095","A","Angisy","Squid","","","Angisy"
"3096","A","Angisy","Squid","","","Angisy"
"3097","H","Horita","Octopus","","","Horita"
"3098","H","Horita","Octopus","","","Horita"
"3099","H","Horita","Octopus","","","Horita"
"3100","H","Horita","Octopus","","","Horita"
"3101","H","Horita","Octopus","","","Horita"
"3102","F","Fia","Fish","","","Fia"
"3103","H","Horita","Octopus","","","Horita"
"3104","B","Bozike","Chicoreus ramosus","","","Bozike"
"3105","H","Horita","Octopus","","","Horita"
"3106","F","Fia","Fish","","","Fia"
"3107","B","Bozike","Chicoreus ramosus","","","Bozike"
"3108","",NA,NA,NA,NA,NA
"3109","",NA,NA,NA,NA,NA
"3110","",NA,NA,NA,NA,NA
"3111","",NA,NA,NA,NA,NA
"3112","",NA,NA,NA,NA,NA
"3113","",NA,NA,NA,NA,NA
"3114","",NA,NA,NA,NA,NA
"3115","",NA,NA,NA,NA,NA
"3116","",NA,NA,NA,NA,NA
"3117","",NA,NA,NA,NA,NA
"3118","",NA,NA,NA,NA,NA
"3119","",NA,NA,NA,NA,NA
"3120","",NA,NA,NA,NA,NA
"3121","",NA,NA,NA,NA,NA
"3122","",NA,NA,NA,NA,NA
"3123","",NA,NA,NA,NA,NA
"3124","",NA,NA,NA,NA,NA
"3125","",NA,NA,NA,NA,NA
"3126","",NA,NA,NA,NA,NA
"3127","",NA,NA,NA,NA,NA
"3128","",NA,NA,NA,NA,NA
"3129","",NA,NA,NA,NA,NA
"3130","",NA,NA,NA,NA,NA
"3131","",NA,NA,NA,NA,NA
"3132","",NA,NA,NA,NA,NA
"3133","",NA,NA,NA,NA,NA
"3134","",NA,NA,NA,NA,NA
"3135","",NA,NA,NA,NA,NA
"3136","",NA,NA,NA,NA,NA
"3137","",NA,NA,NA,NA,NA
"3138","",NA,NA,NA,NA,NA
"3139","",NA,NA,NA,NA,NA
"3140","",NA,NA,NA,NA,NA
"3141","",NA,NA,NA,NA,NA
"3142","",NA,NA,NA,NA,NA
"3143","",NA,NA,NA,NA,NA
"3144","",NA,NA,NA,NA,NA
"3145","",NA,NA,NA,NA,NA
"3146","",NA,NA,NA,NA,NA
"3147","",NA,NA,NA,NA,NA
"3148","",NA,NA,NA,NA,NA
"3149","",NA,NA,NA,NA,NA
"3150","",NA,NA,NA,NA,NA
"3151","",NA,NA,NA,NA,NA
"3152","",NA,NA,NA,NA,NA
"3153","",NA,NA,NA,NA,NA
"3154","",NA,NA,NA,NA,NA
"3155","",NA,NA,NA,NA,NA
"3156","",NA,NA,NA,NA,NA
"3157","",NA,NA,NA,NA,NA
"3158","",NA,NA,NA,NA,NA
"3159","",NA,NA,NA,NA,NA
"3160","",NA,NA,NA,NA,NA
"3161","",NA,NA,NA,NA,NA
"3162","",NA,NA,NA,NA,NA
"3163","",NA,NA,NA,NA,NA
"3164","",NA,NA,NA,NA,NA
"3165","",NA,NA,NA,NA,NA
"3166","",NA,NA,NA,NA,NA
"3167","",NA,NA,NA,NA,NA
"3168","",NA,NA,NA,NA,NA
"3169","",NA,NA,NA,NA,NA
"3170","",NA,NA,NA,NA,NA
"3171","",NA,NA,NA,NA,NA
"3172","",NA,NA,NA,NA,NA
"3173","",NA,NA,NA,NA,NA
"3174","",NA,NA,NA,NA,NA
"3175","",NA,NA,NA,NA,NA
"3176","",NA,NA,NA,NA,NA
"3177","",NA,NA,NA,NA,NA
"3178","",NA,NA,NA,NA,NA
"3179","",NA,NA,NA,NA,NA
"3180","",NA,NA,NA,NA,NA
"3181","",NA,NA,NA,NA,NA
"3182","",NA,NA,NA,NA,NA
"3183","",NA,NA,NA,NA,NA
"3184","",NA,NA,NA,NA,NA
"3185","",NA,NA,NA,NA,NA
"3186","",NA,NA,NA,NA,NA
"3187","",NA,NA,NA,NA,NA
"3188","",NA,NA,NA,NA,NA
"3189","",NA,NA,NA,NA,NA
"3190","",NA,NA,NA,NA,NA
"3191","",NA,NA,NA,NA,NA
"3192","",NA,NA,NA,NA,NA
"3193","",NA,NA,NA,NA,NA
"3194","",NA,NA,NA,NA,NA
"3195","",NA,NA,NA,NA,NA
"3196","",NA,NA,NA,NA,NA
"3197","",NA,NA,NA,NA,NA
"3198","",NA,NA,NA,NA,NA
"3199","",NA,NA,NA,NA,NA
"3200","",NA,NA,NA,NA,NA
"3201","",NA,NA,NA,NA,NA
"3202","",NA,NA,NA,NA,NA
"3203","",NA,NA,NA,NA,NA
"3204","",NA,NA,NA,NA,NA
"3205","",NA,NA,NA,NA,NA
"3206","",NA,NA,NA,NA,NA
"3207","",NA,NA,NA,NA,NA
"3208","",NA,NA,NA,NA,NA
"3209","",NA,NA,NA,NA,NA
"3210","",NA,NA,NA,NA,NA
"3211","",NA,NA,NA,NA,NA
"3212","",NA,NA,NA,NA,NA
"3213","",NA,NA,NA,NA,NA
"3214","",NA,NA,NA,NA,NA
"3215","",NA,NA,NA,NA,NA
"3216","",NA,NA,NA,NA,NA
"3217","",NA,NA,NA,NA,NA
"3218","",NA,NA,NA,NA,NA
"3219","",NA,NA,NA,NA,NA
"3220","",NA,NA,NA,NA,NA
"3221","",NA,NA,NA,NA,NA
"3222","",NA,NA,NA,NA,NA
"3223","",NA,NA,NA,NA,NA
"3224","",NA,NA,NA,NA,NA
"3225","",NA,NA,NA,NA,NA
"3226","",NA,NA,NA,NA,NA
"3227","",NA,NA,NA,NA,NA
"3228","",NA,NA,NA,NA,NA
"3229","",NA,NA,NA,NA,NA
"3230","",NA,NA,NA,NA,NA
"3231","",NA,NA,NA,NA,NA
"3232","",NA,NA,NA,NA,NA
"3233","",NA,NA,NA,NA,NA
"3234","",NA,NA,NA,NA,NA
"3235","",NA,NA,NA,NA,NA
"3236","",NA,NA,NA,NA,NA
"3237","",NA,NA,NA,NA,NA
"3238","",NA,NA,NA,NA,NA
"3239","",NA,NA,NA,NA,NA
"3240","",NA,NA,NA,NA,NA
"3241","",NA,NA,NA,NA,NA
"3242","",NA,NA,NA,NA,NA
"3243","",NA,NA,NA,NA,NA
"3244","",NA,NA,NA,NA,NA
"3245","",NA,NA,NA,NA,NA
"3246","",NA,NA,NA,NA,NA
"3247","",NA,NA,NA,NA,NA
"3248","",NA,NA,NA,NA,NA
"3249","",NA,NA,NA,NA,NA
"3250","",NA,NA,NA,NA,NA
"3251","",NA,NA,NA,NA,NA
"3252","",NA,NA,NA,NA,NA
"3253","",NA,NA,NA,NA,NA
"3254","",NA,NA,NA,NA,NA
"3255","",NA,NA,NA,NA,NA
"3256","",NA,NA,NA,NA,NA
"3257","",NA,NA,NA,NA,NA
"3258","",NA,NA,NA,NA,NA
"3259","",NA,NA,NA,NA,NA
"3260","",NA,NA,NA,NA,NA
"3261","",NA,NA,NA,NA,NA
"3262","",NA,NA,NA,NA,NA
"3263","",NA,NA,NA,NA,NA
"3264","",NA,NA,NA,NA,NA
"3265","",NA,NA,NA,NA,NA
"3266","",NA,NA,NA,NA,NA
"3267","",NA,NA,NA,NA,NA
"3268","",NA,NA,NA,NA,NA
"3269","",NA,NA,NA,NA,NA
"3270","",NA,NA,NA,NA,NA
"3271","",NA,NA,NA,NA,NA
"3272","",NA,NA,NA,NA,NA
"3273","",NA,NA,NA,NA,NA
"3274","",NA,NA,NA,NA,NA
"3275","",NA,NA,NA,NA,NA
"3276","",NA,NA,NA,NA,NA
"3277","",NA,NA,NA,NA,NA
"3278","",NA,NA,NA,NA,NA
"3279","",NA,NA,NA,NA,NA
"3280","",NA,NA,NA,NA,NA
"3281","",NA,NA,NA,NA,NA
"3282","",NA,NA,NA,NA,NA
"3283","",NA,NA,NA,NA,NA
"3284","",NA,NA,NA,NA,NA
"3285","",NA,NA,NA,NA,NA
"3286","",NA,NA,NA,NA,NA
"3287","",NA,NA,NA,NA,NA
"3288","",NA,NA,NA,NA,NA
"3289","",NA,NA,NA,NA,NA
"3290","",NA,NA,NA,NA,NA
"3291","",NA,NA,NA,NA,NA
"3292","",NA,NA,NA,NA,NA
"3293","",NA,NA,NA,NA,NA
"3294","",NA,NA,NA,NA,NA
"3295","",NA,NA,NA,NA,NA
"3296","",NA,NA,NA,NA,NA
"3297","",NA,NA,NA,NA,NA
"3298","",NA,NA,NA,NA,NA
"3299","",NA,NA,NA,NA,NA
"3300","",NA,NA,NA,NA,NA
"3301","",NA,NA,NA,NA,NA
"3302","",NA,NA,NA,NA,NA
"3303","",NA,NA,NA,NA,NA
"3304","",NA,NA,NA,NA,NA
"3305","",NA,NA,NA,NA,NA
"3306","",NA,NA,NA,NA,NA
"3307","",NA,NA,NA,NA,NA
"3308","",NA,NA,NA,NA,NA
"3309","",NA,NA,NA,NA,NA
"3310","",NA,NA,NA,NA,NA
"3311","",NA,NA,NA,NA,NA
"3312","",NA,NA,NA,NA,NA
"3313","",NA,NA,NA,NA,NA
"3314","",NA,NA,NA,NA,NA
"3315","",NA,NA,NA,NA,NA
"3316","",NA,NA,NA,NA,NA
"3317","",NA,NA,NA,NA,NA
"3318","",NA,NA,NA,NA,NA
"3319","",NA,NA,NA,NA,NA
"3320","",NA,NA,NA,NA,NA
"3321","",NA,NA,NA,NA,NA
"3322","",NA,NA,NA,NA,NA
"3323","",NA,NA,NA,NA,NA
"3324","",NA,NA,NA,NA,NA
"3325","",NA,NA,NA,NA,NA
"3326","",NA,NA,NA,NA,NA
"3327","",NA,NA,NA,NA,NA
"3328","",NA,NA,NA,NA,NA
"3329","",NA,NA,NA,NA,NA
"3330","",NA,NA,NA,NA,NA
"3331","",NA,NA,NA,NA,NA
"3332","",NA,NA,NA,NA,NA
"3333","",NA,NA,NA,NA,NA
"3334","",NA,NA,NA,NA,NA
"3335","",NA,NA,NA,NA,NA
"3336","",NA,NA,NA,NA,NA
"3337","",NA,NA,NA,NA,NA
"3338","",NA,NA,NA,NA,NA
"3339","",NA,NA,NA,NA,NA
"3340","",NA,NA,NA,NA,NA
"3341","",NA,NA,NA,NA,NA
"3342","",NA,NA,NA,NA,NA
"3343","",NA,NA,NA,NA,NA
"3344","",NA,NA,NA,NA,NA
"3345","",NA,NA,NA,NA,NA
"3346","",NA,NA,NA,NA,NA
"3347","",NA,NA,NA,NA,NA
"3348","",NA,NA,NA,NA,NA
"3349","",NA,NA,NA,NA,NA
"3350","",NA,NA,NA,NA,NA
"3351","",NA,NA,NA,NA,NA
"3352","",NA,NA,NA,NA,NA
"3353","",NA,NA,NA,NA,NA
"3354","",NA,NA,NA,NA,NA
"3355","",NA,NA,NA,NA,NA
"3356","",NA,NA,NA,NA,NA
"3357","",NA,NA,NA,NA,NA
"3358","",NA,NA,NA,NA,NA
"3359","",NA,NA,NA,NA,NA
"3360","",NA,NA,NA,NA,NA
"3361","",NA,NA,NA,NA,NA
"3362","",NA,NA,NA,NA,NA
"3363","",NA,NA,NA,NA,NA
"3364","",NA,NA,NA,NA,NA
"3365","",NA,NA,NA,NA,NA
"3366","",NA,NA,NA,NA,NA
"3367","",NA,NA,NA,NA,NA
"3368","",NA,NA,NA,NA,NA
"3369","",NA,NA,NA,NA,NA
"3370","",NA,NA,NA,NA,NA
"3371","",NA,NA,NA,NA,NA
"3372","",NA,NA,NA,NA,NA
"3373","",NA,NA,NA,NA,NA
"3374","",NA,NA,NA,NA,NA
"3375","",NA,NA,NA,NA,NA
"3376","",NA,NA,NA,NA,NA
"3377","",NA,NA,NA,NA,NA
"3378","",NA,NA,NA,NA,NA
"3379","",NA,NA,NA,NA,NA
"3380","",NA,NA,NA,NA,NA
"3381","",NA,NA,NA,NA,NA
"3382","",NA,NA,NA,NA,NA
"3383","",NA,NA,NA,NA,NA
"3384","",NA,NA,NA,NA,NA
"3385","",NA,NA,NA,NA,NA
"3386","",NA,NA,NA,NA,NA
"3387","",NA,NA,NA,NA,NA
"3388","",NA,NA,NA,NA,NA
"3389","",NA,NA,NA,NA,NA
"3390","",NA,NA,NA,NA,NA
"3391","",NA,NA,NA,NA,NA
"3392","",NA,NA,NA,NA,NA
"3393","",NA,NA,NA,NA,NA
"3394","",NA,NA,NA,NA,NA
"3395","",NA,NA,NA,NA,NA
"3396","",NA,NA,NA,NA,NA
"3397","",NA,NA,NA,NA,NA
"3398","",NA,NA,NA,NA,NA
"3399","",NA,NA,NA,NA,NA
"3400","",NA,NA,NA,NA,NA
"3401","",NA,NA,NA,NA,NA
"3402","",NA,NA,NA,NA,NA
"3403","",NA,NA,NA,NA,NA
"3404","",NA,NA,NA,NA,NA
"3405","",NA,NA,NA,NA,NA
"3406","",NA,NA,NA,NA,NA
"3407","",NA,NA,NA,NA,NA
"3408","",NA,NA,NA,NA,NA
"3409","",NA,NA,NA,NA,NA
"3410","",NA,NA,NA,NA,NA
"3411","",NA,NA,NA,NA,NA
"3412","",NA,NA,NA,NA,NA
"3413","",NA,NA,NA,NA,NA
"3414","",NA,NA,NA,NA,NA
"3415","",NA,NA,NA,NA,NA
"3416","",NA,NA,NA,NA,NA
"3417","",NA,NA,NA,NA,NA
"3418","",NA,NA,NA,NA,NA
"3419","",NA,NA,NA,NA,NA
"3420","",NA,NA,NA,NA,NA
"3421","",NA,NA,NA,NA,NA
"3422","",NA,NA,NA,NA,NA
"3423","",NA,NA,NA,NA,NA
"3424","",NA,NA,NA,NA,NA
"3425","",NA,NA,NA,NA,NA
"3426","",NA,NA,NA,NA,NA
"3427","",NA,NA,NA,NA,NA
"3428","",NA,NA,NA,NA,NA
"3429","",NA,NA,NA,NA,NA
"3430","",NA,NA,NA,NA,NA
"3431","",NA,NA,NA,NA,NA
"3432","",NA,NA,NA,NA,NA
"3433","",NA,NA,NA,NA,NA
"3434","",NA,NA,NA,NA,NA
"3435","",NA,NA,NA,NA,NA
"3436","",NA,NA,NA,NA,NA
"3437","",NA,NA,NA,NA,NA
"3438","",NA,NA,NA,NA,NA
"3439","",NA,NA,NA,NA,NA
"3440","",NA,NA,NA,NA,NA
"3441","",NA,NA,NA,NA,NA
"3442","",NA,NA,NA,NA,NA
"3443","",NA,NA,NA,NA,NA
"3444","",NA,NA,NA,NA,NA
"3445","",NA,NA,NA,NA,NA
"3446","",NA,NA,NA,NA,NA
"3447","",NA,NA,NA,NA,NA
"3448","",NA,NA,NA,NA,NA
"3449","",NA,NA,NA,NA,NA
"3450","",NA,NA,NA,NA,NA
"3451","",NA,NA,NA,NA,NA
"3452","",NA,NA,NA,NA,NA
"3453","",NA,NA,NA,NA,NA
"3454","",NA,NA,NA,NA,NA
"3455","",NA,NA,NA,NA,NA
"3456","",NA,NA,NA,NA,NA
"3457","",NA,NA,NA,NA,NA
"3458","",NA,NA,NA,NA,NA
"3459","",NA,NA,NA,NA,NA
"3460","",NA,NA,NA,NA,NA
"3461","",NA,NA,NA,NA,NA
"3462","",NA,NA,NA,NA,NA
"3463","",NA,NA,NA,NA,NA
"3464","",NA,NA,NA,NA,NA
"3465","",NA,NA,NA,NA,NA
"3466","",NA,NA,NA,NA,NA
"3467","",NA,NA,NA,NA,NA
"3468","",NA,NA,NA,NA,NA
"3469","",NA,NA,NA,NA,NA
"3470","",NA,NA,NA,NA,NA
"3471","",NA,NA,NA,NA,NA
"3472","",NA,NA,NA,NA,NA
"3473","",NA,NA,NA,NA,NA
"3474","",NA,NA,NA,NA,NA
"3475","",NA,NA,NA,NA,NA
"3476","",NA,NA,NA,NA,NA
"3477","",NA,NA,NA,NA,NA
"3478","",NA,NA,NA,NA,NA
"3479","",NA,NA,NA,NA,NA
"3480","",NA,NA,NA,NA,NA
"3481","",NA,NA,NA,NA,NA
"3482","",NA,NA,NA,NA,NA
"3483","",NA,NA,NA,NA,NA
"3484","",NA,NA,NA,NA,NA
"3485","",NA,NA,NA,NA,NA
"3486","",NA,NA,NA,NA,NA
"3487","",NA,NA,NA,NA,NA
"3488","",NA,NA,NA,NA,NA
"3489","",NA,NA,NA,NA,NA
"3490","",NA,NA,NA,NA,NA
"3491","",NA,NA,NA,NA,NA
"3492","",NA,NA,NA,NA,NA
"3493","",NA,NA,NA,NA,NA
"3494","",NA,NA,NA,NA,NA
"3495","",NA,NA,NA,NA,NA
"3496","",NA,NA,NA,NA,NA
"3497","",NA,NA,NA,NA,NA
"3498","",NA,NA,NA,NA,NA
"3499","",NA,NA,NA,NA,NA
"3500","",NA,NA,NA,NA,NA
"3501","",NA,NA,NA,NA,NA
"3502","",NA,NA,NA,NA,NA
"3503","",NA,NA,NA,NA,NA
"3504","",NA,NA,NA,NA,NA
"3505","",NA,NA,NA,NA,NA
"3506","",NA,NA,NA,NA,NA
"3507","",NA,NA,NA,NA,NA
"3508","",NA,NA,NA,NA,NA
"3509","",NA,NA,NA,NA,NA
"3510","",NA,NA,NA,NA,NA
"3511","",NA,NA,NA,NA,NA
"3512","",NA,NA,NA,NA,NA
"3513","",NA,NA,NA,NA,NA
"3514","",NA,NA,NA,NA,NA
"3515","",NA,NA,NA,NA,NA
"3516","",NA,NA,NA,NA,NA
"3517","",NA,NA,NA,NA,NA
"3518","",NA,NA,NA,NA,NA
"3519","",NA,NA,NA,NA,NA
"3520","",NA,NA,NA,NA,NA
"3521","",NA,NA,NA,NA,NA
"3522","",NA,NA,NA,NA,NA
"3523","",NA,NA,NA,NA,NA
"3524","",NA,NA,NA,NA,NA
"3525","",NA,NA,NA,NA,NA
"3526","",NA,NA,NA,NA,NA
"3527","",NA,NA,NA,NA,NA
"3528","",NA,NA,NA,NA,NA
"3529","",NA,NA,NA,NA,NA
"3530","",NA,NA,NA,NA,NA
"3531","",NA,NA,NA,NA,NA
"3532","",NA,NA,NA,NA,NA
"3533","",NA,NA,NA,NA,NA
"3534","",NA,NA,NA,NA,NA
"3535","",NA,NA,NA,NA,NA
"3536","",NA,NA,NA,NA,NA
"3537","",NA,NA,NA,NA,NA
"3538","",NA,NA,NA,NA,NA
"3539","",NA,NA,NA,NA,NA
"3540","",NA,NA,NA,NA,NA
"3541","",NA,NA,NA,NA,NA
"3542","",NA,NA,NA,NA,NA
"3543","",NA,NA,NA,NA,NA
"3544","",NA,NA,NA,NA,NA
"3545","",NA,NA,NA,NA,NA
"3546","",NA,NA,NA,NA,NA
"3547","",NA,NA,NA,NA,NA
"3548","",NA,NA,NA,NA,NA
"3549","",NA,NA,NA,NA,NA
"3550","",NA,NA,NA,NA,NA
"3551","",NA,NA,NA,NA,NA
"3552","",NA,NA,NA,NA,NA
"3553","",NA,NA,NA,NA,NA
"3554","",NA,NA,NA,NA,NA
"3555","",NA,NA,NA,NA,NA
"3556","",NA,NA,NA,NA,NA
"3557","",NA,NA,NA,NA,NA
"3558","",NA,NA,NA,NA,NA
"3559","",NA,NA,NA,NA,NA
"3560","",NA,NA,NA,NA,NA
"3561","",NA,NA,NA,NA,NA
"3562","",NA,NA,NA,NA,NA
"3563","",NA,NA,NA,NA,NA
"3564","",NA,NA,NA,NA,NA
"3565","",NA,NA,NA,NA,NA
"3566","",NA,NA,NA,NA,NA
"3567","",NA,NA,NA,NA,NA
"3568","",NA,NA,NA,NA,NA
"3569","",NA,NA,NA,NA,NA
"3570","",NA,NA,NA,NA,NA
"3571","",NA,NA,NA,NA,NA
"3572","",NA,NA,NA,NA,NA
"3573","",NA,NA,NA,NA,NA
"3574","",NA,NA,NA,NA,NA
"3575","",NA,NA,NA,NA,NA
"3576","",NA,NA,NA,NA,NA
"3577","",NA,NA,NA,NA,NA
"3578","",NA,NA,NA,NA,NA
"3579","",NA,NA,NA,NA,NA
"3580","",NA,NA,NA,NA,NA
"3581","",NA,NA,NA,NA,NA
"3582","",NA,NA,NA,NA,NA
"3583","",NA,NA,NA,NA,NA
"3584","",NA,NA,NA,NA,NA
"3585","",NA,NA,NA,NA,NA
"3586","",NA,NA,NA,NA,NA
"3587","",NA,NA,NA,NA,NA
"3588","",NA,NA,NA,NA,NA
"3589","",NA,NA,NA,NA,NA
"3590","",NA,NA,NA,NA,NA
"3591","",NA,NA,NA,NA,NA
"3592","",NA,NA,NA,NA,NA
"3593","",NA,NA,NA,NA,NA
"3594","",NA,NA,NA,NA,NA
"3595","",NA,NA,NA,NA,NA
"3596","",NA,NA,NA,NA,NA
"3597","",NA,NA,NA,NA,NA
"3598","",NA,NA,NA,NA,NA
"3599","",NA,NA,NA,NA,NA
"3600","",NA,NA,NA,NA,NA
"3601","",NA,NA,NA,NA,NA
"3602","",NA,NA,NA,NA,NA
"3603","",NA,NA,NA,NA,NA
"3604","",NA,NA,NA,NA,NA
"3605","",NA,NA,NA,NA,NA
"3606","",NA,NA,NA,NA,NA
"3607","",NA,NA,NA,NA,NA
"3608","",NA,NA,NA,NA,NA
"3609","",NA,NA,NA,NA,NA
"3610","",NA,NA,NA,NA,NA
"3611","",NA,NA,NA,NA,NA
"3612","",NA,NA,NA,NA,NA
"3613","",NA,NA,NA,NA,NA
"3614","",NA,NA,NA,NA,NA
"3615","",NA,NA,NA,NA,NA
"3616","",NA,NA,NA,NA,NA
"3617","",NA,NA,NA,NA,NA
"3618","",NA,NA,NA,NA,NA
"3619","",NA,NA,NA,NA,NA
"3620","",NA,NA,NA,NA,NA
"3621","",NA,NA,NA,NA,NA
"3622","",NA,NA,NA,NA,NA
"3623","",NA,NA,NA,NA,NA
"3624","",NA,NA,NA,NA,NA
"3625","",NA,NA,NA,NA,NA
"3626","",NA,NA,NA,NA,NA
"3627","",NA,NA,NA,NA,NA
"3628","",NA,NA,NA,NA,NA
"3629","",NA,NA,NA,NA,NA
"3630","",NA,NA,NA,NA,NA
"3631","",NA,NA,NA,NA,NA
"3632","",NA,NA,NA,NA,NA
"3633","",NA,NA,NA,NA,NA
"3634","",NA,NA,NA,NA,NA
"3635","",NA,NA,NA,NA,NA
"3636","",NA,NA,NA,NA,NA
"3637","",NA,NA,NA,NA,NA
"3638","",NA,NA,NA,NA,NA
"3639","",NA,NA,NA,NA,NA
"3640","",NA,NA,NA,NA,NA
"3641","",NA,NA,NA,NA,NA
"3642","",NA,NA,NA,NA,NA
"3643","",NA,NA,NA,NA,NA
"3644","",NA,NA,NA,NA,NA
"3645","",NA,NA,NA,NA,NA
"3646","",NA,NA,NA,NA,NA
"3647","",NA,NA,NA,NA,NA
"3648","",NA,NA,NA,NA,NA
"3649","",NA,NA,NA,NA,NA
"3650","",NA,NA,NA,NA,NA
"3651","",NA,NA,NA,NA,NA
"3652","",NA,NA,NA,NA,NA
"3653","",NA,NA,NA,NA,NA
"3654","",NA,NA,NA,NA,NA
"3655","",NA,NA,NA,NA,NA
"3656","",NA,NA,NA,NA,NA
"3657","",NA,NA,NA,NA,NA
"3658","",NA,NA,NA,NA,NA
"3659","",NA,NA,NA,NA,NA
"3660","",NA,NA,NA,NA,NA
"3661","",NA,NA,NA,NA,NA
"3662","",NA,NA,NA,NA,NA
"3663","",NA,NA,NA,NA,NA
"3664","",NA,NA,NA,NA,NA
"3665","",NA,NA,NA,NA,NA
"3666","",NA,NA,NA,NA,NA
"3667","",NA,NA,NA,NA,NA
"3668","",NA,NA,NA,NA,NA
"3669","",NA,NA,NA,NA,NA
"3670","",NA,NA,NA,NA,NA
"3671","",NA,NA,NA,NA,NA
"3672","",NA,NA,NA,NA,NA
"3673","",NA,NA,NA,NA,NA
"3674","",NA,NA,NA,NA,NA
"3675","",NA,NA,NA,NA,NA
"3676","",NA,NA,NA,NA,NA
"3677","",NA,NA,NA,NA,NA
"3678","",NA,NA,NA,NA,NA
"3679","",NA,NA,NA,NA,NA
"3680","",NA,NA,NA,NA,NA
"3681","",NA,NA,NA,NA,NA
"3682","",NA,NA,NA,NA,NA
"3683","",NA,NA,NA,NA,NA
"3684","",NA,NA,NA,NA,NA
"3685","",NA,NA,NA,NA,NA
"3686","",NA,NA,NA,NA,NA
"3687","",NA,NA,NA,NA,NA
"3688","",NA,NA,NA,NA,NA
"3689","",NA,NA,NA,NA,NA
"3690","",NA,NA,NA,NA,NA
"3691","",NA,NA,NA,NA,NA
"3692","",NA,NA,NA,NA,NA
"3693","",NA,NA,NA,NA,NA
"3694","",NA,NA,NA,NA,NA
"3695","",NA,NA,NA,NA,NA
"3696","",NA,NA,NA,NA,NA
"3697","",NA,NA,NA,NA,NA
"3698","",NA,NA,NA,NA,NA
"3699","",NA,NA,NA,NA,NA
"3700","",NA,NA,NA,NA,NA
"3701","",NA,NA,NA,NA,NA
"3702","",NA,NA,NA,NA,NA
"3703","",NA,NA,NA,NA,NA
"3704","",NA,NA,NA,NA,NA
"3705","",NA,NA,NA,NA,NA
"3706","",NA,NA,NA,NA,NA
"3707","",NA,NA,NA,NA,NA
"3708","",NA,NA,NA,NA,NA
"3709","",NA,NA,NA,NA,NA
"3710","",NA,NA,NA,NA,NA
"3711","",NA,NA,NA,NA,NA
"3712","",NA,NA,NA,NA,NA
"3713","",NA,NA,NA,NA,NA
"3714","",NA,NA,NA,NA,NA
"3715","",NA,NA,NA,NA,NA
"3716","",NA,NA,NA,NA,NA
"3717","",NA,NA,NA,NA,NA
"3718","",NA,NA,NA,NA,NA
"3719","",NA,NA,NA,NA,NA
"3720","",NA,NA,NA,NA,NA
"3721","",NA,NA,NA,NA,NA
"3722","",NA,NA,NA,NA,NA
"3723","",NA,NA,NA,NA,NA
"3724","",NA,NA,NA,NA,NA
"3725","",NA,NA,NA,NA,NA
"3726","",NA,NA,NA,NA,NA
"3727","",NA,NA,NA,NA,NA
"3728","",NA,NA,NA,NA,NA
"3729","",NA,NA,NA,NA,NA
"3730","",NA,NA,NA,NA,NA
"3731","",NA,NA,NA,NA,NA
"3732","",NA,NA,NA,NA,NA
"3733","",NA,NA,NA,NA,NA
"3734","",NA,NA,NA,NA,NA
"3735","",NA,NA,NA,NA,NA
"3736","",NA,NA,NA,NA,NA
"3737","",NA,NA,NA,NA,NA
"3738","",NA,NA,NA,NA,NA
"3739","",NA,NA,NA,NA,NA
"3740","",NA,NA,NA,NA,NA
"3741","",NA,NA,NA,NA,NA
"3742","",NA,NA,NA,NA,NA
"3743","",NA,NA,NA,NA,NA
"3744","",NA,NA,NA,NA,NA
"3745","",NA,NA,NA,NA,NA
"3746","",NA,NA,NA,NA,NA
"3747","",NA,NA,NA,NA,NA
"3748","",NA,NA,NA,NA,NA
"3749","",NA,NA,NA,NA,NA
"3750","",NA,NA,NA,NA,NA
"3751","",NA,NA,NA,NA,NA
"3752","",NA,NA,NA,NA,NA
"3753","",NA,NA,NA,NA,NA
"3754","",NA,NA,NA,NA,NA
"3755","",NA,NA,NA,NA,NA
"3756","",NA,NA,NA,NA,NA
"3757","",NA,NA,NA,NA,NA
"3758","",NA,NA,NA,NA,NA
"3759","",NA,NA,NA,NA,NA
"3760","",NA,NA,NA,NA,NA
"3761","",NA,NA,NA,NA,NA
"3762","",NA,NA,NA,NA,NA
"3763","",NA,NA,NA,NA,NA
"3764","",NA,NA,NA,NA,NA
"3765","",NA,NA,NA,NA,NA
"3766","",NA,NA,NA,NA,NA
"3767","",NA,NA,NA,NA,NA
"3768","",NA,NA,NA,NA,NA
"3769","",NA,NA,NA,NA,NA
"3770","",NA,NA,NA,NA,NA
"3771","",NA,NA,NA,NA,NA
"3772","",NA,NA,NA,NA,NA
"3773","",NA,NA,NA,NA,NA
"3774","",NA,NA,NA,NA,NA
"3775","",NA,NA,NA,NA,NA
"3776","",NA,NA,NA,NA,NA
"3777","",NA,NA,NA,NA,NA
"3778","",NA,NA,NA,NA,NA
"3779","",NA,NA,NA,NA,NA
"3780","",NA,NA,NA,NA,NA
"3781","",NA,NA,NA,NA,NA
"3782","",NA,NA,NA,NA,NA
"3783","",NA,NA,NA,NA,NA
"3784","",NA,NA,NA,NA,NA
"3785","",NA,NA,NA,NA,NA
"3786","",NA,NA,NA,NA,NA
"3787","",NA,NA,NA,NA,NA
"3788","",NA,NA,NA,NA,NA
"3789","",NA,NA,NA,NA,NA
"3790","",NA,NA,NA,NA,NA
"3791","",NA,NA,NA,NA,NA
"3792","",NA,NA,NA,NA,NA
"3793","",NA,NA,NA,NA,NA
"3794","",NA,NA,NA,NA,NA
"3795","",NA,NA,NA,NA,NA
"3796","",NA,NA,NA,NA,NA
"3797","",NA,NA,NA,NA,NA
"3798","",NA,NA,NA,NA,NA
"3799","",NA,NA,NA,NA,NA
"3800","",NA,NA,NA,NA,NA
"3801","",NA,NA,NA,NA,NA
"3802","",NA,NA,NA,NA,NA
"3803","",NA,NA,NA,NA,NA
"3804","",NA,NA,NA,NA,NA
"3805","",NA,NA,NA,NA,NA
"3806","",NA,NA,NA,NA,NA
"3807","",NA,NA,NA,NA,NA
"3808","",NA,NA,NA,NA,NA
"3809","",NA,NA,NA,NA,NA
"3810","",NA,NA,NA,NA,NA
"3811","",NA,NA,NA,NA,NA
"3812","",NA,NA,NA,NA,NA
"3813","",NA,NA,NA,NA,NA
"3814","",NA,NA,NA,NA,NA
"3815","",NA,NA,NA,NA,NA
"3816","",NA,NA,NA,NA,NA
"3817","",NA,NA,NA,NA,NA
"3818","",NA,NA,NA,NA,NA
"3819","",NA,NA,NA,NA,NA
"3820","",NA,NA,NA,NA,NA
"3821","",NA,NA,NA,NA,NA
"3822","",NA,NA,NA,NA,NA
"3823","",NA,NA,NA,NA,NA
"3824","",NA,NA,NA,NA,NA
"3825","",NA,NA,NA,NA,NA
"3826","",NA,NA,NA,NA,NA
"3827","",NA,NA,NA,NA,NA
"3828","",NA,NA,NA,NA,NA
"3829","",NA,NA,NA,NA,NA
"3830","",NA,NA,NA,NA,NA
"3831","",NA,NA,NA,NA,NA
"3832","",NA,NA,NA,NA,NA
"3833","",NA,NA,NA,NA,NA
"3834","",NA,NA,NA,NA,NA
"3835","",NA,NA,NA,NA,NA
"3836","",NA,NA,NA,NA,NA
"3837","",NA,NA,NA,NA,NA
"3838","",NA,NA,NA,NA,NA
"3839","",NA,NA,NA,NA,NA
"3840","",NA,NA,NA,NA,NA
"3841","",NA,NA,NA,NA,NA
"3842","",NA,NA,NA,NA,NA
"3843","",NA,NA,NA,NA,NA
"3844","",NA,NA,NA,NA,NA
"3845","",NA,NA,NA,NA,NA
"3846","",NA,NA,NA,NA,NA
"3847","",NA,NA,NA,NA,NA
"3848","",NA,NA,NA,NA,NA
"3849","",NA,NA,NA,NA,NA
"3850","",NA,NA,NA,NA,NA
"3851","",NA,NA,NA,NA,NA
"3852","",NA,NA,NA,NA,NA
"3853","",NA,NA,NA,NA,NA
"3854","",NA,NA,NA,NA,NA
"3855","",NA,NA,NA,NA,NA
"3856","",NA,NA,NA,NA,NA
"3857","",NA,NA,NA,NA,NA
"3858","",NA,NA,NA,NA,NA
"3859","",NA,NA,NA,NA,NA
"3860","",NA,NA,NA,NA,NA
"3861","",NA,NA,NA,NA,NA
"3862","",NA,NA,NA,NA,NA
"3863","",NA,NA,NA,NA,NA
"3864","",NA,NA,NA,NA,NA
"3865","",NA,NA,NA,NA,NA
"3866","",NA,NA,NA,NA,NA
"3867","",NA,NA,NA,NA,NA
"3868","",NA,NA,NA,NA,NA
"3869","",NA,NA,NA,NA,NA
"3870","",NA,NA,NA,NA,NA
"3871","",NA,NA,NA,NA,NA
"3872","",NA,NA,NA,NA,NA
"3873","",NA,NA,NA,NA,NA
"3874","",NA,NA,NA,NA,NA
"3875","",NA,NA,NA,NA,NA
"3876","",NA,NA,NA,NA,NA
"3877","",NA,NA,NA,NA,NA
"3878","",NA,NA,NA,NA,NA
"3879","",NA,NA,NA,NA,NA
"3880","",NA,NA,NA,NA,NA
"3881","",NA,NA,NA,NA,NA
"3882","",NA,NA,NA,NA,NA
"3883","",NA,NA,NA,NA,NA
"3884","",NA,NA,NA,NA,NA
"3885","",NA,NA,NA,NA,NA
"3886","",NA,NA,NA,NA,NA
"3887","",NA,NA,NA,NA,NA
"3888","",NA,NA,NA,NA,NA
"3889","",NA,NA,NA,NA,NA
"3890","",NA,NA,NA,NA,NA
"3891","",NA,NA,NA,NA,NA
"3892","",NA,NA,NA,NA,NA
"3893","",NA,NA,NA,NA,NA
"3894","",NA,NA,NA,NA,NA
"3895","",NA,NA,NA,NA,NA
"3896","",NA,NA,NA,NA,NA
"3897","",NA,NA,NA,NA,NA
"3898","",NA,NA,NA,NA,NA
"3899","",NA,NA,NA,NA,NA
"3900","",NA,NA,NA,NA,NA
"3901","",NA,NA,NA,NA,NA
"3902","",NA,NA,NA,NA,NA
"3903","",NA,NA,NA,NA,NA
"3904","",NA,NA,NA,NA,NA
"3905","",NA,NA,NA,NA,NA
"3906","",NA,NA,NA,NA,NA
"3907","",NA,NA,NA,NA,NA
"3908","",NA,NA,NA,NA,NA
"3909","",NA,NA,NA,NA,NA
"3910","",NA,NA,NA,NA,NA
"3911","",NA,NA,NA,NA,NA
"3912","",NA,NA,NA,NA,NA
"3913","",NA,NA,NA,NA,NA
"3914","",NA,NA,NA,NA,NA
"3915","",NA,NA,NA,NA,NA
"3916","",NA,NA,NA,NA,NA
"3917","",NA,NA,NA,NA,NA
"3918","",NA,NA,NA,NA,NA
"3919","",NA,NA,NA,NA,NA
"3920","",NA,NA,NA,NA,NA
"3921","",NA,NA,NA,NA,NA
"3922","",NA,NA,NA,NA,NA
"3923","",NA,NA,NA,NA,NA
"3924","",NA,NA,NA,NA,NA
"3925","",NA,NA,NA,NA,NA
"3926","",NA,NA,NA,NA,NA
"3927","",NA,NA,NA,NA,NA
"3928","",NA,NA,NA,NA,NA
"3929","",NA,NA,NA,NA,NA
"3930","",NA,NA,NA,NA,NA
"3931","",NA,NA,NA,NA,NA
"3932","",NA,NA,NA,NA,NA
"3933","",NA,NA,NA,NA,NA
"3934","",NA,NA,NA,NA,NA
"3935","",NA,NA,NA,NA,NA
"3936","",NA,NA,NA,NA,NA
"3937","",NA,NA,NA,NA,NA
"3938","",NA,NA,NA,NA,NA
"3939","",NA,NA,NA,NA,NA
"3940","",NA,NA,NA,NA,NA
"3941","",NA,NA,NA,NA,NA
"3942","",NA,NA,NA,NA,NA
"3943","",NA,NA,NA,NA,NA
"3944","",NA,NA,NA,NA,NA
"3945","",NA,NA,NA,NA,NA
"3946","",NA,NA,NA,NA,NA
"3947","",NA,NA,NA,NA,NA
"3948","",NA,NA,NA,NA,NA
"3949","",NA,NA,NA,NA,NA
"3950","",NA,NA,NA,NA,NA
"3951","",NA,NA,NA,NA,NA
"3952","",NA,NA,NA,NA,NA
"3953","",NA,NA,NA,NA,NA
"3954","",NA,NA,NA,NA,NA
"3955","",NA,NA,NA,NA,NA
"3956","",NA,NA,NA,NA,NA
"3957","",NA,NA,NA,NA,NA
"3958","",NA,NA,NA,NA,NA
"3959","",NA,NA,NA,NA,NA
"3960","",NA,NA,NA,NA,NA
"3961","",NA,NA,NA,NA,NA
"3962","",NA,NA,NA,NA,NA
"3963","",NA,NA,NA,NA,NA
"3964","",NA,NA,NA,NA,NA
"3965","",NA,NA,NA,NA,NA
"3966","",NA,NA,NA,NA,NA
"3967","",NA,NA,NA,NA,NA
"3968","",NA,NA,NA,NA,NA
"3969","",NA,NA,NA,NA,NA
"3970","",NA,NA,NA,NA,NA
"3971","",NA,NA,NA,NA,NA
"3972","",NA,NA,NA,NA,NA
"3973","",NA,NA,NA,NA,NA
"3974","",NA,NA,NA,NA,NA
"3975","",NA,NA,NA,NA,NA
"3976","",NA,NA,NA,NA,NA
"3977","",NA,NA,NA,NA,NA
"3978","",NA,NA,NA,NA,NA
"3979","",NA,NA,NA,NA,NA
"3980","",NA,NA,NA,NA,NA
"3981","",NA,NA,NA,NA,NA
"3982","",NA,NA,NA,NA,NA
"3983","",NA,NA,NA,NA,NA
"3984","",NA,NA,NA,NA,NA
"3985","",NA,NA,NA,NA,NA
"3986","",NA,NA,NA,NA,NA
"3987","",NA,NA,NA,NA,NA
"3988","",NA,NA,NA,NA,NA
"3989","",NA,NA,NA,NA,NA
"3990","",NA,NA,NA,NA,NA
"3991","",NA,NA,NA,NA,NA
"3992","",NA,NA,NA,NA,NA
"3993","",NA,NA,NA,NA,NA
"3994","",NA,NA,NA,NA,NA
"3995","",NA,NA,NA,NA,NA
"3996","",NA,NA,NA,NA,NA
"3997","",NA,NA,NA,NA,NA
"3998","",NA,NA,NA,NA,NA
"3999","",NA,NA,NA,NA,NA
"4000","",NA,NA,NA,NA,NA
"4001","",NA,NA,NA,NA,NA
"4002","",NA,NA,NA,NA,NA
"4003","",NA,NA,NA,NA,NA
"4004","",NA,NA,NA,NA,NA
"4005","",NA,NA,NA,NA,NA
"4006","",NA,NA,NA,NA,NA
"4007","",NA,NA,NA,NA,NA
"4008","FTSABEAKY","","","TSABEAKE","GNATHODENTEX AUROLINEATUS, LETHRINUS NEBULOSUS, LETHEINUS NEBULOSUS","TSABEAKE"
"4009","FVORAMASAKY","Voramasake","","VORAMASAKE,VORAMASAEKE","SIGANUS SUTOR, SIGANUS STELLATUS, SIGANUS SUTOR<A0>, SIGANUS NETOR","VORAMASAKE,VORAMASAEKE"
"4010","H","Horita","Octopus","","","Horita"
"4011","H","Horita","Octopus","","","Horita"
"4012","H","Horita","Octopus","","","Horita"
"4013","H","Horita","Octopus","","","Horita"
"4014","H","Horita","Octopus","","","Horita"
"4015","KAPILANY","","","","",""
"4016","H","Horita","Octopus","","","Horita"
"4017","H","Horita","Octopus","","","Horita"
"4018","H","Horita","Octopus","","","Horita"
"4019","H","Horita","Octopus","","","Horita"
"4020","FBE","Fia","Fish","","","Fia"
"4021","FTSABEAKY","","","TSABEAKE","GNATHODENTEX AUROLINEATUS, LETHRINUS NEBULOSUS, LETHEINUS NEBULOSUS","TSABEAKE"
"4022","FBE","Fia","Fish","","","Fia"
"4023","FBE","Fia","Fish","","","Fia"
"4024","H","Horita","Octopus","","","Horita"
"4025","H","Horita","Octopus","","","Horita"
"4026","H","Horita","Octopus","","","Horita"
"4027","H","Horita","Octopus","","","Horita"
"4028","H","Horita","Octopus","","","Horita"
"4029","FVORAMASAKY","Voramasake","","VORAMASAKE,VORAMASAEKE","SIGANUS SUTOR, SIGANUS STELLATUS, SIGANUS SUTOR<A0>, SIGANUS NETOR","VORAMASAKE,VORAMASAEKE"
"4030","FVORAMASAKY","Voramasake","","VORAMASAKE,VORAMASAEKE","SIGANUS SUTOR, SIGANUS STELLATUS, SIGANUS SUTOR<A0>, SIGANUS NETOR","VORAMASAKE,VORAMASAEKE"
"4031","H","Horita","Octopus","","","Horita"
"4032","H","Horita","Octopus","","","Horita"
"4033","H","Horita","Octopus","","","Horita"
"4034","H","Horita","Octopus","","","Horita"
"4035","H","Horita","Octopus","","","Horita"
"4036","H","Horita","Octopus","","","Horita"
"4037","FMAINTY","Fia Mainte?","","","","Fia Mainte?"
"4038","FMALINIKY","Malily","Black and yellow grouper/ Epinephelus flavocaeruleus","MALILY","MACOLOR NIGER","MALILY"
"4039","FBE","Fia","Fish","","","Fia"
"4040","H","Horita","Octopus","","","Horita"
"4041","H","Horita","Octopus","","","Horita"
"4042","FTSIAMEARENY","Fia Tsamearene?","","","","Fia Tsamearene?"
"4043","FVORAMASAKY","Voramasake","","VORAMASAKE,VORAMASAEKE","SIGANUS SUTOR, SIGANUS STELLATUS, SIGANUS SUTOR<A0>, SIGANUS NETOR","VORAMASAKE,VORAMASAEKE"
"4044","H","Horita","Octopus","","","Horita"
"4045","FALOALO","Fia Aloalo","Great Barracuda, Sphyaena bararcuda","","","Fia Aloalo"
"4046","A","Angisy","Squid","","","Angisy"
"4047","H","Horita","Octopus","","","Horita"
"4048","H","Horita","Octopus","","","Horita"
"4049","FVORAMASAKY","Voramasake","","VORAMASAKE,VORAMASAEKE","SIGANUS SUTOR, SIGANUS STELLATUS, SIGANUS SUTOR<A0>, SIGANUS NETOR","VORAMASAKE,VORAMASAEKE"
"4050","H","Horita","Octopus","","","Horita"
"4051","H","Horita","Octopus","","","Horita"
"4052","H","Horita","Octopus","","","Horita"
"4053","H","Horita","Octopus","","","Horita"
"4054","H","Horita","Octopus","","","Horita"
"4055","FTSIFA","Fiantsifa","Naso unicornis","","","Fiantsifa"
"4056","H","Horita","Octopus","","","Horita"
"4057","FSOROBOA","Fia Soroboa","Giant or grayspotted Guitarfish/ rhynchobatus dijddensis or acroteriobatus leucospilus","","","Fia Soroboa"
"4058","H","Horita","Octopus","","","Horita"
"4059","H","Horita","Octopus","","","Horita"
"4060","A","Angisy","Squid","","","Angisy"
"4061","H","Horita","Octopus","","","Horita"
"4062","H","Horita","Octopus","","","Horita"
"4063","H","Horita","Octopus","","","Horita"
"4064","H","Horita","Octopus","","","Horita"
"4065","H","Horita","Octopus","","","Horita"
"4066","FVORAMASAKY","Voramasake","","VORAMASAKE,VORAMASAEKE","SIGANUS SUTOR, SIGANUS STELLATUS, SIGANUS SUTOR<A0>, SIGANUS NETOR","VORAMASAKE,VORAMASAEKE"
"4067","FVORAMASAKY","Voramasake","","VORAMASAKE,VORAMASAEKE","SIGANUS SUTOR, SIGANUS STELLATUS, SIGANUS SUTOR<A0>, SIGANUS NETOR","VORAMASAKE,VORAMASAEKE"
"4068","H","Horita","Octopus","","","Horita"
"4069","FGOGO","Fia gogo","Madagascar sea catfish/ Arius madagascariensis","","","Fia gogo"
"4070","H","Horita","Octopus","","","Horita"
"4071","H","Horita","Octopus","","","Horita"
"4072","FTSOY","Fia Tsoy","Mulloides auriflamma","TSOY","MULLOIDICHTHYS FLAVOLINEATUS, MULLOIDICHTHYS VANICAULEUSIS","TSOY"
"4073","FMAINTY","Fia Mainte?","","","","Fia Mainte?"
"4074","FBODOLOHA","Fia Bodoloha","Blue Barred parrotfish/ scarus ghobban","BODOLOHA","HIPPOSCARUS HARID, SCARUS PRASIOGNATHUS, SCARUS NIGER, CALOTOMUS SPINIDENS, SCARUS GHOBBAN, CALOTOMUS CAROLINUS, CHLORURUS STRONGYLOCEPHALUS, SCARUS TRICOLOR, SCARUS SCABER, SCARUS RUSSELLI, SCARUS RUBROVIOLACEUS, SCARUS PSITTACUS, SCARUS FRENATUS, CHLORURUS SORDIDUS, CHLORURUS ATRILUNULA, CETOSCARUS BICOLOR, THALASSOMA QUINQUEVITTATUM, SCARUS GHOBBAN<A0>, SCARUS CAUDOFASCIATUS, POMACENTRUS PAVO, PRISTOTIS OBTUSIROSTRIS","BODOLOHA"
"4075","H","Horita","Octopus","","","Horita"
"4076","FTSIFA","Fiantsifa","Naso unicornis","","","Fiantsifa"
"4077","FTSIFA","Fiantsifa","Naso unicornis","","","Fiantsifa"
"4078","H","Horita","Octopus","","","Horita"
"4079","H","Horita","Octopus","","","Horita"
"4080","H","Horita","Octopus","","","Horita"
"4081","H","Horita","Octopus","","","Horita"
"4082","A","Angisy","Squid","","","Angisy"
"4083","H","Horita","Octopus","","","Horita"
"4084","H","Horita","Octopus","","","Horita"
"4085","FFOTY","Fay Foty","Smalltooth sand tiger or dusky shark/ Odontaspis ferox or Carcharhinus obscurus","","","Fay Foty"
"4086","H","Horita","Octopus","","","Horita"
"4087","FMAINTY","Fia Mainte?","","","","Fia Mainte?"
"4088","H","Horita","Octopus","","","Horita"
"4089","H","Horita","Octopus","","","Horita"
"4090","H","Horita","Octopus","","","Horita"
"4091","BOZIKY","Bozike","Chicoreus ramosus","","","Bozike"
"4092","FFOTY","Fay Foty","Smalltooth sand tiger or dusky shark/ Odontaspis ferox or Carcharhinus obscurus","","","Fay Foty"
"4093","H","Horita","Octopus","","","Horita"
"4094","H","Horita","Octopus","","","Horita"
"4095","FFOTY","Fay Foty","Smalltooth sand tiger or dusky shark/ Odontaspis ferox or Carcharhinus obscurus","","","Fay Foty"
"4096","FLANORA","Fia Lanora","Yellowspotted or giant trevally/ caragoides fulvoguttatus or Caranx ignobilis","LANORA","CARANX PAPUENSIS, CARANX MELAMPYGUS, CARANX IGNOBILIS, CARANGOIDES FULVOGUTTATUS, CARANGOIDES FERDAU, CARANX IGNOBILIS<A0>","LANORA"
"4097","H","Horita","Octopus","","","Horita"
"4098","FTSIFA","Fiantsifa","Naso unicornis","","","Fiantsifa"
"4099","H","Horita","Octopus","","","Horita"
"4100","H","Horita","Octopus","","","Horita"
"4101","FVORAMASAKY","Voramasake","","VORAMASAKE,VORAMASAEKE","SIGANUS SUTOR, SIGANUS STELLATUS, SIGANUS SUTOR<A0>, SIGANUS NETOR","VORAMASAKE,VORAMASAEKE"
"4102","H","Horita","Octopus","","","Horita"
"4103","H","Horita","Octopus","","","Horita"
"4104","H","Horita","Octopus","","","Horita"
"4105","FTSIFA","Fiantsifa","Naso unicornis","","","Fiantsifa"
"4106","H","Horita","Octopus","","","Horita"
"4107","H","Horita","Octopus","","","Horita"
"4108","FTSIFA","Fiantsifa","Naso unicornis","","","Fiantsifa"
"4109","FBODOLOHA","Fia Bodoloha","Blue Barred parrotfish/ scarus ghobban","BODOLOHA","HIPPOSCARUS HARID, SCARUS PRASIOGNATHUS, SCARUS NIGER, CALOTOMUS SPINIDENS, SCARUS GHOBBAN, CALOTOMUS CAROLINUS, CHLORURUS STRONGYLOCEPHALUS, SCARUS TRICOLOR, SCARUS SCABER, SCARUS RUSSELLI, SCARUS RUBROVIOLACEUS, SCARUS PSITTACUS, SCARUS FRENATUS, CHLORURUS SORDIDUS, CHLORURUS ATRILUNULA, CETOSCARUS BICOLOR, THALASSOMA QUINQUEVITTATUM, SCARUS GHOBBAN<A0>, SCARUS CAUDOFASCIATUS, POMACENTRUS PAVO, PRISTOTIS OBTUSIROSTRIS","BODOLOHA"
"4110","H","Horita","Octopus","","","Horita"
"4111","FAY","Fay","Ray","","","Fay"
"4112","H","Horita","Octopus","","","Horita"
"4113","H","Horita","Octopus","","","Horita"
"4114","H","Horita","Octopus","","","Horita"
"4115","FFOTY","Fay Foty","Smalltooth sand tiger or dusky shark/ Odontaspis ferox or Carcharhinus obscurus","","","Fay Foty"
"4116","H","Horita","Octopus","","","Horita"
"4117","FTSOY","Fia Tsoy","Mulloides auriflamma","TSOY","MULLOIDICHTHYS FLAVOLINEATUS, MULLOIDICHTHYS VANICAULEUSIS","TSOY"
"4118","H","Horita","Octopus","","","Horita"
"4119","H","Horita","Octopus","","","Horita"
"4120","FMAINTY","Fia Mainte?","","","","Fia Mainte?"
"4121","FTSIFA","Fiantsifa","Naso unicornis","","","Fiantsifa"
"4122","FTSABEAKY","","","TSABEAKE","GNATHODENTEX AUROLINEATUS, LETHRINUS NEBULOSUS, LETHEINUS NEBULOSUS","TSABEAKE"
"4123","FVORAMASAKY","Voramasake","","VORAMASAKE,VORAMASAEKE","SIGANUS SUTOR, SIGANUS STELLATUS, SIGANUS SUTOR<A0>, SIGANUS NETOR","VORAMASAKE,VORAMASAEKE"
"4124","H","Horita","Octopus","","","Horita"
"4125","H","Horita","Octopus","","","Horita"
"4126","H","Horita","Octopus","","","Horita"
"4127","H","Horita","Octopus","","","Horita"
"4128","H","Horita","Octopus","","","Horita"
"4129","H","Horita","Octopus","","","Horita"
"4130","H","Horita","Octopus","","","Horita"
"4131","H","Horita","Octopus","","","Horita"
"4132","H","Horita","Octopus","","","Horita"
"4133","FVORAMASAKY","Voramasake","","VORAMASAKE,VORAMASAEKE","SIGANUS SUTOR, SIGANUS STELLATUS, SIGANUS SUTOR<A0>, SIGANUS NETOR","VORAMASAKE,VORAMASAEKE"
"4134","FVORAMASAKY","Voramasake","","VORAMASAKE,VORAMASAEKE","SIGANUS SUTOR, SIGANUS STELLATUS, SIGANUS SUTOR<A0>, SIGANUS NETOR","VORAMASAKE,VORAMASAEKE"
"4135","BOZIKY","Bozike","Chicoreus ramosus","","","Bozike"
"4136","HNAKORA","Horita nakora","Octopus aegina","","","Horita nakora"
"4137","BOZIKY","Bozike","Chicoreus ramosus","","","Bozike"
"4138","FFOTY","Fay Foty","Smalltooth sand tiger or dusky shark/ Odontaspis ferox or Carcharhinus obscurus","","","Fay Foty"
"4139","FSAVISAVY","Savisavy","Fish","","","Savisavy"
"4140","H","Horita","Octopus","","","Horita"
"4141","H","Horita","Octopus","","","Horita"
"4142","FSOROBOA","Fia Soroboa","Giant or grayspotted Guitarfish/ rhynchobatus dijddensis or acroteriobatus leucospilus","","","Fia Soroboa"
"4143","FTABAKE","Fia Tabaky/ Fia Tsabeake","Ember parrotfish/ scarus rubroviolaceus","TABAKE","AROTHRON NIGROPUNCTATUS","TABAKE"
"4144","H","Horita","Octopus","","","Horita"
"4145","BOZIKY","Bozike","Chicoreus ramosus","","","Bozike"
"4146","FTABAKE","Fia Tabaky/ Fia Tsabeake","Ember parrotfish/ scarus rubroviolaceus","TABAKE","AROTHRON NIGROPUNCTATUS","TABAKE"
"4147","H","Horita","Octopus","","","Horita"
"4148","H","Horita","Octopus","","","Horita"
"4149","FSAVISAVY","Savisavy","Fish","","","Savisavy"
"4150","FVORAMASAKE","Voramasake","","VORAMASAKE,VORAMASAEKE","SIGANUS SUTOR, SIGANUS STELLATUS, SIGANUS SUTOR<A0>, SIGANUS NETOR","VORAMASAKE,VORAMASAEKE"
"4151","A","Angisy","Squid","","","Angisy"
"4152","FTSIFA","Fiantsifa","Naso unicornis","","","Fiantsifa"
"4153","FLOVO","Fia Lovo","Bluespotted or coral grouper / cephalopholis argus or cephalopholis miniata","LOVO","EPINEPHELUS FUSCOGUTTATUS, CEPHALOPHOLIS SEXMACULATA, CEPHALOPHOLIS MINIATA, ANYPERADON LEUCOGRAMMICUS, EPINEPHELUS CAERULEOPUNCTATUS, EPINEPHELUS FASCIATUS, PLECTROPOMUS PUNCTATUS, CEPHALOPHOLIS URODETA, CEPHALOPHOLIS SONNERATI, PLECTROPOMUS LAEVIS, EPINEPHELUS MULTINOTATUS, PLECTORHINCHUS ALBOVITTATUS, ANYPERODON LEUCOGRAMMICUS, CEPHALOPHOLIS SONNERATI<A0>, PLECTOPOMUS PUNCTATUS, PLECTOPOMUS LAEVIS, PLECTORHINCHUS ALBOVITATUS","LOVO"
"4154","DRAKAKE","Drakake","Crab","","","Drakake"
"4155","H","Horita","Octopus","","","Horita"
"4156","H","Horita","Octopus","","","Horita"
"4157","BOZIKY","Bozike","Chicoreus ramosus","","","Bozike"
"4158","FVALALA","Valalataitse","","","","Valalataitse"
"4159","A","Angisy","Squid","","","Angisy"
"4160","H","Horita","Octopus","","","Horita"
"4161","FLAMATRA","Lamatra","Kanadi Kingfish/ scombermorus plurilineatus","LAMATSA,LAMATRA,LAMANTRA,LAMANTRA","SCOMBEROMORUS COMMERSON, SCOMBEROIDES LYSAN, SCOBEROIDES LYSAN","LAMATSA,LAMATRA,LAMANTRA,LAMANTRA"
"4162","FGOGO","Fia gogo","Madagascar sea catfish/ Arius madagascariensis","","","Fia gogo"
"4163","FANGY","Fia Angy","Zebra angelfish/ genicanthus caudovittatus","","","Fia Angy"
"4164","H","Horita","Octopus","","","Horita"
"4165","FFOTY","Fay Foty","Smalltooth sand tiger or dusky shark/ Odontaspis ferox or Carcharhinus obscurus","","","Fay Foty"
"4166","FFOTY","Fay Foty","Smalltooth sand tiger or dusky shark/ Odontaspis ferox or Carcharhinus obscurus","","","Fay Foty"
"4167","FVORAMASAKE","Voramasake","","VORAMASAKE,VORAMASAEKE","SIGANUS SUTOR, SIGANUS STELLATUS, SIGANUS SUTOR<A0>, SIGANUS NETOR","VORAMASAKE,VORAMASAEKE"
"4168","H","Horita","Octopus","","","Horita"
"4169","H","Horita","Octopus","","","Horita"
"4170","H","Horita","Octopus","","","Horita"
"4171","H","Horita","Octopus","","","Horita"
"4172","DRAKAKE","Drakake","Crab","","","Drakake"
"4173","H","Horita","Octopus","","","Horita"
"4174","H","Horita","Octopus","","","Horita"
"4175","H NAKORA","Horita nakora","Octopus aegina","","","Horita nakora"
"4176","FVORAMASAKE","Voramasake","","VORAMASAKE,VORAMASAEKE","SIGANUS SUTOR, SIGANUS STELLATUS, SIGANUS SUTOR<A0>, SIGANUS NETOR","VORAMASAKE,VORAMASAEKE"
"4177","FMAINTY","Fia Mainte?","","","","Fia Mainte?"
"4178","ZANGA ZOMALY","","Sea Cucumber","","","Sea Cucumber"
"4179","FTABAKE","Fia Tabaky/ Fia Tsabeake","Ember parrotfish/ scarus rubroviolaceus","TABAKE","AROTHRON NIGROPUNCTATUS","TABAKE"
"4180","BEJA","Beja","Cypaeacassis rufa","","","Beja"
"4181","BOZIKY","Bozike","Chicoreus ramosus","","","Bozike"
"4182","FTSOY","Fia Tsoy","Mulloides auriflamma","TSOY","MULLOIDICHTHYS FLAVOLINEATUS, MULLOIDICHTHYS VANICAULEUSIS","TSOY"
"4183","FTSOY","Fia Tsoy","Mulloides auriflamma","TSOY","MULLOIDICHTHYS FLAVOLINEATUS, MULLOIDICHTHYS VANICAULEUSIS","TSOY"
"4184","H","Horita","Octopus","","","Horita"
"4185","H","Horita","Octopus","","","Horita"
"4186","H","Horita","Octopus","","","Horita"
"4187","FFOTY","Fay Foty","Smalltooth sand tiger or dusky shark/ Odontaspis ferox or Carcharhinus obscurus","","","Fay Foty"
"4188","H","Horita","Octopus","","","Horita"
"4189","H","Horita","Octopus","","","Horita"
"4190","H","Horita","Octopus","","","Horita"
"4191","A","Angisy","Squid","","","Angisy"
"4192","FTSIFA","Fiantsifa","Naso unicornis","","","Fiantsifa"
"4193","FBODOLOHA","Fia Bodoloha","Blue Barred parrotfish/ scarus ghobban","BODOLOHA","HIPPOSCARUS HARID, SCARUS PRASIOGNATHUS, SCARUS NIGER, CALOTOMUS SPINIDENS, SCARUS GHOBBAN, CALOTOMUS CAROLINUS, CHLORURUS STRONGYLOCEPHALUS, SCARUS TRICOLOR, SCARUS SCABER, SCARUS RUSSELLI, SCARUS RUBROVIOLACEUS, SCARUS PSITTACUS, SCARUS FRENATUS, CHLORURUS SORDIDUS, CHLORURUS ATRILUNULA, CETOSCARUS BICOLOR, THALASSOMA QUINQUEVITTATUM, SCARUS GHOBBAN<A0>, SCARUS CAUDOFASCIATUS, POMACENTRUS PAVO, PRISTOTIS OBTUSIROSTRIS","BODOLOHA"
"4194","H","Horita","Octopus","","","Horita"
"4195","H","Horita","Octopus","","","Horita"
"4196","H","Horita","Octopus","","","Horita"
"4197","H","Horita","Octopus","","","Horita"
"4198","FTSOY","Fia Tsoy","Mulloides auriflamma","TSOY","MULLOIDICHTHYS FLAVOLINEATUS, MULLOIDICHTHYS VANICAULEUSIS","TSOY"
"4199","FFOTY","Fay Foty","Smalltooth sand tiger or dusky shark/ Odontaspis ferox or Carcharhinus obscurus","","","Fay Foty"
"4200","FVORAMASAKE","Voramasake","","VORAMASAKE,VORAMASAEKE","SIGANUS SUTOR, SIGANUS STELLATUS, SIGANUS SUTOR<A0>, SIGANUS NETOR","VORAMASAKE,VORAMASAEKE"
"4201","FVALALA","Valalataitse","","","","Valalataitse"
"4202","H","Horita","Octopus","","","Horita"
"4203","FTSIFA","Fiantsifa","Naso unicornis","","","Fiantsifa"
"4204","A","Angisy","Squid","","","Angisy"
"4205","FTSAMEARENY","Fia Tsamearene?","","","","Fia Tsamearene?"
"4206","H","Horita","Octopus","","","Horita"
"4207","FSAPIATA","Fia Sapiata?","No idea but these seem to go together","SAPIATA","HALICHOERES NIGRESCENS, CTENOCHAETUS STRIATUS, CTENOSCHRETUS STUATUS, CTENOCHAETUS TRUNCATUS, ACANTHURUS NIGROFUSCUS","SAPIATA"
"4208","H","Horita","Octopus","","","Horita"
"4209","H","Horita","Octopus","","","Horita"
"4210","FVORAMASAKE","Voramasake","","VORAMASAKE,VORAMASAEKE","SIGANUS SUTOR, SIGANUS STELLATUS, SIGANUS SUTOR<A0>, SIGANUS NETOR","VORAMASAKE,VORAMASAEKE"
"4211","H","Horita","Octopus","","","Horita"
"4212","DRAKAKE","Drakake","Crab","","","Drakake"
"4213","H","Horita","Octopus","","","Horita"
"4214","ZANGA BENONO","Zanga Benono","White teatfish/ holothuria fuscogilva","","","Zanga Benono"
"4215","FTABAKE","Fia Tabaky/ Fia Tsabeake","Ember parrotfish/ scarus rubroviolaceus","TABAKE","AROTHRON NIGROPUNCTATUS","TABAKE"
"4216","FVALALA","Valalataitse","","","","Valalataitse"
"4217","H","Horita","Octopus","","","Horita"
"4218","FTSIFA","Fiantsifa","Naso unicornis","","","Fiantsifa"
"4219","H","Horita","Octopus","","","Horita"
"4220","H","Horita","Octopus","","","Horita"
"4221","FTSAMEARENY","Fia Tsamearene?","","","","Fia Tsamearene?"
"4222","FTSIFA","Fiantsifa","Naso unicornis","","","Fiantsifa"
"4223","FVALALA","Valalataitse","","","","Valalataitse"
"4224","FTSIFA","Fiantsifa","Naso unicornis","","","Fiantsifa"
"4225","FVALALA","Valalataitse","","","","Valalataitse"
"4226","H","Horita","Octopus","","","Horita"
"4227","FTSIFA","Fiantsifa","Naso unicornis","","","Fiantsifa"
"4228","FTSIFA","Fiantsifa","Naso unicornis","","","Fiantsifa"
"4229","DRAKAKE","Drakake","Crab","","","Drakake"
"4230","H","Horita","Octopus","","","Horita"
"4231","FFOTY","Fay Foty","Smalltooth sand tiger or dusky shark/ Odontaspis ferox or Carcharhinus obscurus","","","Fay Foty"
"4232","FVALALA","Valalataitse","","","","Valalataitse"
"4233","H","Horita","Octopus","","","Horita"
"4234","H","Horita","Octopus","","","Horita"
"4235","FVORAMASAKE","Voramasake","","VORAMASAKE,VORAMASAEKE","SIGANUS SUTOR, SIGANUS STELLATUS, SIGANUS SUTOR<A0>, SIGANUS NETOR","VORAMASAKE,VORAMASAEKE"
"4236","FANGY","Fia Angy","Zebra angelfish/ genicanthus caudovittatus","","","Fia Angy"
"4237","FBONDRO","Fia Bondro","","","","Fia Bondro"
"4238","FVORAMASAKE","Voramasake","","VORAMASAKE,VORAMASAEKE","SIGANUS SUTOR, SIGANUS STELLATUS, SIGANUS SUTOR<A0>, SIGANUS NETOR","VORAMASAKE,VORAMASAEKE"
"4239","H","Horita","Octopus","","","Horita"
"4240","FVORAMASAKE","Voramasake","","VORAMASAKE,VORAMASAEKE","SIGANUS SUTOR, SIGANUS STELLATUS, SIGANUS SUTOR<A0>, SIGANUS NETOR","VORAMASAKE,VORAMASAEKE"
"4241","LAMERA","Lamera","eel","LAMAIRA,LAMAIRAKINA,LAMAIRA FESOTSE AMBATO,LAMAIRA KINA,LAMAIRANKENA","GYMNOTHORAX JAVANICUS, GYMNOMURAENA ZEBRA, ECHIDNA NEBULOSA, GYMNOTORAX JAVANICUS","LAMAIRA,LAMAIRAKINA,LAMAIRA FESOTSE AMBATO,LAMAIRA KINA,LAMAIRANKENA"
"4242","H","Horita","Octopus","","","Horita"
"4243","H","Horita","Octopus","","","Horita"
"4244","FAY","Fay","Ray","","","Fay"
"4245","FLOVOHARA","Fia Lovo","Bluespotted or coral grouper / cephalopholis argus or cephalopholis miniata","LOVO","EPINEPHELUS FUSCOGUTTATUS, CEPHALOPHOLIS SEXMACULATA, CEPHALOPHOLIS MINIATA, ANYPERADON LEUCOGRAMMICUS, EPINEPHELUS CAERULEOPUNCTATUS, EPINEPHELUS FASCIATUS, PLECTROPOMUS PUNCTATUS, CEPHALOPHOLIS URODETA, CEPHALOPHOLIS SONNERATI, PLECTROPOMUS LAEVIS, EPINEPHELUS MULTINOTATUS, PLECTORHINCHUS ALBOVITTATUS, ANYPERODON LEUCOGRAMMICUS, CEPHALOPHOLIS SONNERATI<A0>, PLECTOPOMUS PUNCTATUS, PLECTOPOMUS LAEVIS, PLECTORHINCHUS ALBOVITATUS","LOVO"
"4246","H","Horita","Octopus","","","Horita"
"4247","H","Horita","Octopus","","","Horita"
"4248","FFOTY","Fay Foty","Smalltooth sand tiger or dusky shark/ Odontaspis ferox or Carcharhinus obscurus","","","Fay Foty"
"4249","TSIYSIKE","","","","",""
"4250","H","Horita","Octopus","","","Horita"
"4251","LAMERA","Lamera","eel","LAMAIRA,LAMAIRAKINA,LAMAIRA FESOTSE AMBATO,LAMAIRA KINA,LAMAIRANKENA","GYMNOTHORAX JAVANICUS, GYMNOMURAENA ZEBRA, ECHIDNA NEBULOSA, GYMNOTORAX JAVANICUS","LAMAIRA,LAMAIRAKINA,LAMAIRA FESOTSE AMBATO,LAMAIRA KINA,LAMAIRANKENA"
"4252","FAY","Fay","Ray","","","Fay"
"4253","FLOVO","Fia Lovo","Bluespotted or coral grouper / cephalopholis argus or cephalopholis miniata","LOVO","EPINEPHELUS FUSCOGUTTATUS, CEPHALOPHOLIS SEXMACULATA, CEPHALOPHOLIS MINIATA, ANYPERADON LEUCOGRAMMICUS, EPINEPHELUS CAERULEOPUNCTATUS, EPINEPHELUS FASCIATUS, PLECTROPOMUS PUNCTATUS, CEPHALOPHOLIS URODETA, CEPHALOPHOLIS SONNERATI, PLECTROPOMUS LAEVIS, EPINEPHELUS MULTINOTATUS, PLECTORHINCHUS ALBOVITTATUS, ANYPERODON LEUCOGRAMMICUS, CEPHALOPHOLIS SONNERATI<A0>, PLECTOPOMUS PUNCTATUS, PLECTOPOMUS LAEVIS, PLECTORHINCHUS ALBOVITATUS","LOVO"
"4254","FTSOY","Fia Tsoy","Mulloides auriflamma","TSOY","MULLOIDICHTHYS FLAVOLINEATUS, MULLOIDICHTHYS VANICAULEUSIS","TSOY"
"4255","DRAKAKE","Drakake","Crab","","","Drakake"
"4256","FFOTY","Fay Foty","Smalltooth sand tiger or dusky shark/ Odontaspis ferox or Carcharhinus obscurus","","","Fay Foty"
"4257","H","Horita","Octopus","","","Horita"
"4258","FVORAMASAKE","Voramasake","","VORAMASAKE,VORAMASAEKE","SIGANUS SUTOR, SIGANUS STELLATUS, SIGANUS SUTOR<A0>, SIGANUS NETOR","VORAMASAKE,VORAMASAEKE"
"4259","H","Horita","Octopus","","","Horita"
"4260","H","Horita","Octopus","","","Horita"
"4261","ZANGA DORLISY","Zanga Dorilisy","Pink/black sea cucumber or black teatfish/ holothuria edulis or notabilis","","","Zanga Dorilisy"
"4262","A","Angisy","Squid","","","Angisy"
"4263","H","Horita","Octopus","","","Horita"
"4264","H","Horita","Octopus","","","Horita"
"4265","H","Horita","Octopus","","","Horita"
"4266","BOZIKY","Bozike","Chicoreus ramosus","","","Bozike"
"4267","FGOGO","Fia gogo","Madagascar sea catfish/ Arius madagascariensis","","","Fia gogo"
"4268","A","Angisy","Squid","","","Angisy"
"4269","BBOZIKYJOKA","Bozike","Chicoreus ramosus","","","Bozike"
"4270","FVALALA","Valalataitse","","","","Valalataitse"
"4271","FKINIRIKE","Kinirike","","KINIRIKE","SCOMBEROIDES LYSAN","KINIRIKE"
"4272","H","Horita","Octopus","","","Horita"
"4273","FMAINTY","Fia Mainte?","","","","Fia Mainte?"
"4274","FALOALO KELY","Fia Aloalo","Great Barracuda, Sphyaena bararcuda","","","Fia Aloalo"
"4275","H","Horita","Octopus","","","Horita"
"4276","H","Horita","Octopus","","","Horita"
"4277","FTSAMEARENY","Fia Tsamearene?","","","","Fia Tsamearene?"
"4278","FFOTY","Fay Foty","Smalltooth sand tiger or dusky shark/ Odontaspis ferox or Carcharhinus obscurus","","","Fay Foty"
"4279","A","Angisy","Squid","","","Angisy"
"4280","A","Angisy","Squid","","","Angisy"
"4281","FMAINTY","Fia Mainte?","","","","Fia Mainte?"
"4282","H","Horita","Octopus","","","Horita"
"4283","FALOALO BE","Fia Aloalo","Great Barracuda, Sphyaena bararcuda","","","Fia Aloalo"
"4284","H","Horita","Octopus","","","Horita"
"4285","FKELY TERAKE","","","","",""
"4286","LAMERA","Lamera","eel","LAMAIRA,LAMAIRAKINA,LAMAIRA FESOTSE AMBATO,LAMAIRA KINA,LAMAIRANKENA","GYMNOTHORAX JAVANICUS, GYMNOMURAENA ZEBRA, ECHIDNA NEBULOSA, GYMNOTORAX JAVANICUS","LAMAIRA,LAMAIRAKINA,LAMAIRA FESOTSE AMBATO,LAMAIRA KINA,LAMAIRANKENA"
"4287","H","Horita","Octopus","","","Horita"
"4288","H","Horita","Octopus","","","Horita"
"4289","FGOGO","Fia gogo","Madagascar sea catfish/ Arius madagascariensis","","","Fia gogo"
"4290","H","Horita","Octopus","","","Horita"
"4291","FFOTY","Fay Foty","Smalltooth sand tiger or dusky shark/ Odontaspis ferox or Carcharhinus obscurus","","","Fay Foty"
"4292","FMAINTY","Fia Mainte?","","","","Fia Mainte?"
"4293","FLAMATRA","Lamatra","Kanadi Kingfish/ scombermorus plurilineatus","LAMATSA,LAMATRA,LAMANTRA,LAMANTRA","SCOMBEROMORUS COMMERSON, SCOMBEROIDES LYSAN, SCOBEROIDES LYSAN","LAMATSA,LAMATRA,LAMANTRA,LAMANTRA"
"4294","TSITSIKE","","","","",""
"4295","FAY","Fay","Ray","","","Fay"
"4296","H","Horita","Octopus","","","Horita"
"4297","FLOVOHARA","Fia Lovo","Bluespotted or coral grouper / cephalopholis argus or cephalopholis miniata","LOVO","EPINEPHELUS FUSCOGUTTATUS, CEPHALOPHOLIS SEXMACULATA, CEPHALOPHOLIS MINIATA, ANYPERADON LEUCOGRAMMICUS, EPINEPHELUS CAERULEOPUNCTATUS, EPINEPHELUS FASCIATUS, PLECTROPOMUS PUNCTATUS, CEPHALOPHOLIS URODETA, CEPHALOPHOLIS SONNERATI, PLECTROPOMUS LAEVIS, EPINEPHELUS MULTINOTATUS, PLECTORHINCHUS ALBOVITTATUS, ANYPERODON LEUCOGRAMMICUS, CEPHALOPHOLIS SONNERATI<A0>, PLECTOPOMUS PUNCTATUS, PLECTOPOMUS LAEVIS, PLECTORHINCHUS ALBOVITATUS","LOVO"
"4298","H","Horita","Octopus","","","Horita"
"4299","A","Angisy","Squid","","","Angisy"
"4300","A","Angisy","Squid","","","Angisy"
"4301","F","Fia","Fish","","","Fia"
"4302","H","Horita","Octopus","","","Horita"
"4303","H","Horita","Octopus","","","Horita"
"4304","LAMERA","Lamera","eel","LAMAIRA,LAMAIRAKINA,LAMAIRA FESOTSE AMBATO,LAMAIRA KINA,LAMAIRANKENA","GYMNOTHORAX JAVANICUS, GYMNOMURAENA ZEBRA, ECHIDNA NEBULOSA, GYMNOTORAX JAVANICUS","LAMAIRA,LAMAIRAKINA,LAMAIRA FESOTSE AMBATO,LAMAIRA KINA,LAMAIRANKENA"
"4305","FFOTY","Fay Foty","Smalltooth sand tiger or dusky shark/ Odontaspis ferox or Carcharhinus obscurus","","","Fay Foty"
"4306","HSOROBOA","Horita","Octopus","","","Horita"
"4307","FFOTY","Fay Foty","Smalltooth sand tiger or dusky shark/ Odontaspis ferox or Carcharhinus obscurus","","","Fay Foty"
"4308","FTSIFA","Fiantsifa","Naso unicornis","","","Fiantsifa"
"4309","FFOTY","Fay Foty","Smalltooth sand tiger or dusky shark/ Odontaspis ferox or Carcharhinus obscurus","","","Fay Foty"
"4310","DRAKAKE","Drakake","Crab","","","Drakake"
"4311","H","Horita","Octopus","","","Horita"
"4312","FKINIRIKE","Kinirike","","KINIRIKE","SCOMBEROIDES LYSAN","KINIRIKE"
"4313","BOZIKY","Bozike","Chicoreus ramosus","","","Bozike"
"4314","FFOTY","Fay Foty","Smalltooth sand tiger or dusky shark/ Odontaspis ferox or Carcharhinus obscurus","","","Fay Foty"
"4315","FMAINTY","Fia Mainte?","","","","Fia Mainte?"
"4316","H","Horita","Octopus","","","Horita"
"4317","H","Horita","Octopus","","","Horita"
"4318","H","Horita","Octopus","","","Horita"
"4319","FTSIFA","Fiantsifa","Naso unicornis","","","Fiantsifa"
"4320","FFOTY","Fay Foty","Smalltooth sand tiger or dusky shark/ Odontaspis ferox or Carcharhinus obscurus","","","Fay Foty"
"4321","FFOTY","Fay Foty","Smalltooth sand tiger or dusky shark/ Odontaspis ferox or Carcharhinus obscurus","","","Fay Foty"
"4322","H","Horita","Octopus","","","Horita"
"4323","H","Horita","Octopus","","","Horita"
"4324","H","Horita","Octopus","","","Horita"
"4325","H","Horita","Octopus","","","Horita"
"4326","H","Horita","Octopus","","","Horita"
"4327","FFOTY","Fay Foty","Smalltooth sand tiger or dusky shark/ Odontaspis ferox or Carcharhinus obscurus","","","Fay Foty"
"4328","H NAKORA","Horita nakora","Octopus aegina","","","Horita nakora"
"4329","H","Horita","Octopus","","","Horita"
"4330","FTSAMEARENY","Fia Tsamearene?","","","","Fia Tsamearene?"
"4331","H","Horita","Octopus","","","Horita"
"4332","FTSAMEARENY","Fia Tsamearene?","","","","Fia Tsamearene?"
"4333","H","Horita","Octopus","","","Horita"
"4334","H","Horita","Octopus","","","Horita"
"4335","FTSIFA","Fiantsifa","Naso unicornis","","","Fiantsifa"
"4336","FTSAMEARENY","Fia Tsamearene?","","","","Fia Tsamearene?"
"4337","FFOTY","Fay Foty","Smalltooth sand tiger or dusky shark/ Odontaspis ferox or Carcharhinus obscurus","","","Fay Foty"
"4338","FFOTY","Fay Foty","Smalltooth sand tiger or dusky shark/ Odontaspis ferox or Carcharhinus obscurus","","","Fay Foty"
"4339","FVORAMASAKE","Voramasake","","VORAMASAKE,VORAMASAEKE","SIGANUS SUTOR, SIGANUS STELLATUS, SIGANUS SUTOR<A0>, SIGANUS NETOR","VORAMASAKE,VORAMASAEKE"
"4340","FALOALO","Fia Aloalo","Great Barracuda, Sphyaena bararcuda","","","Fia Aloalo"
"4341","FBODOLOHA","Fia Bodoloha","Blue Barred parrotfish/ scarus ghobban","BODOLOHA","HIPPOSCARUS HARID, SCARUS PRASIOGNATHUS, SCARUS NIGER, CALOTOMUS SPINIDENS, SCARUS GHOBBAN, CALOTOMUS CAROLINUS, CHLORURUS STRONGYLOCEPHALUS, SCARUS TRICOLOR, SCARUS SCABER, SCARUS RUSSELLI, SCARUS RUBROVIOLACEUS, SCARUS PSITTACUS, SCARUS FRENATUS, CHLORURUS SORDIDUS, CHLORURUS ATRILUNULA, CETOSCARUS BICOLOR, THALASSOMA QUINQUEVITTATUM, SCARUS GHOBBAN<A0>, SCARUS CAUDOFASCIATUS, POMACENTRUS PAVO, PRISTOTIS OBTUSIROSTRIS","BODOLOHA"
"4342","H","Horita","Octopus","","","Horita"
"4343","H","Horita","Octopus","","","Horita"
"4344","H","Horita","Octopus","","","Horita"
"4345","A","Angisy","Squid","","","Angisy"
"4346","FTSOYMALINIKE","Fia Tsoy","Mulloides auriflamma","TSOY","MULLOIDICHTHYS FLAVOLINEATUS, MULLOIDICHTHYS VANICAULEUSIS","TSOY"
"4347","FTSIFA","Fiantsifa","Naso unicornis","","","Fiantsifa"
"4348","FMAINTY","Fia Mainte?","","","","Fia Mainte?"
"4349","FBODOLOHA","Fia Bodoloha","Blue Barred parrotfish/ scarus ghobban","BODOLOHA","HIPPOSCARUS HARID, SCARUS PRASIOGNATHUS, SCARUS NIGER, CALOTOMUS SPINIDENS, SCARUS GHOBBAN, CALOTOMUS CAROLINUS, CHLORURUS STRONGYLOCEPHALUS, SCARUS TRICOLOR, SCARUS SCABER, SCARUS RUSSELLI, SCARUS RUBROVIOLACEUS, SCARUS PSITTACUS, SCARUS FRENATUS, CHLORURUS SORDIDUS, CHLORURUS ATRILUNULA, CETOSCARUS BICOLOR, THALASSOMA QUINQUEVITTATUM, SCARUS GHOBBAN<A0>, SCARUS CAUDOFASCIATUS, POMACENTRUS PAVO, PRISTOTIS OBTUSIROSTRIS","BODOLOHA"
"4350","FALOALO","Fia Aloalo","Great Barracuda, Sphyaena bararcuda","","","Fia Aloalo"
"4351","FFOTIHOHY","Fay Foty","Smalltooth sand tiger or dusky shark/ Odontaspis ferox or Carcharhinus obscurus","","","Fay Foty"
"4352","FVORAMASAKE","Voramasake","","VORAMASAKE,VORAMASAEKE","SIGANUS SUTOR, SIGANUS STELLATUS, SIGANUS SUTOR<A0>, SIGANUS NETOR","VORAMASAKE,VORAMASAEKE"
"4353","FKINIRIKE","Kinirike","","KINIRIKE","SCOMBEROIDES LYSAN","KINIRIKE"
"4354","FTSAMEARENY","Fia Tsamearene?","","","","Fia Tsamearene?"
"4355","FFOTY","Fay Foty","Smalltooth sand tiger or dusky shark/ Odontaspis ferox or Carcharhinus obscurus","","","Fay Foty"
"4356","A","Angisy","Squid","","","Angisy"
"4357","FVORAMASAKE","Voramasake","","VORAMASAKE,VORAMASAEKE","SIGANUS SUTOR, SIGANUS STELLATUS, SIGANUS SUTOR<A0>, SIGANUS NETOR","VORAMASAKE,VORAMASAEKE"
"4358","A","Angisy","Squid","","","Angisy"
"4359","FFOTIHOHY","Fay Foty","Smalltooth sand tiger or dusky shark/ Odontaspis ferox or Carcharhinus obscurus","","","Fay Foty"
"4360","FTSIFA","Fiantsifa","Naso unicornis","","","Fiantsifa"
"4361","FMAINTY","Fia Mainte?","","","","Fia Mainte?"
"4362","FBODOLOHA","Fia Bodoloha","Blue Barred parrotfish/ scarus ghobban","BODOLOHA","HIPPOSCARUS HARID, SCARUS PRASIOGNATHUS, SCARUS NIGER, CALOTOMUS SPINIDENS, SCARUS GHOBBAN, CALOTOMUS CAROLINUS, CHLORURUS STRONGYLOCEPHALUS, SCARUS TRICOLOR, SCARUS SCABER, SCARUS RUSSELLI, SCARUS RUBROVIOLACEUS, SCARUS PSITTACUS, SCARUS FRENATUS, CHLORURUS SORDIDUS, CHLORURUS ATRILUNULA, CETOSCARUS BICOLOR, THALASSOMA QUINQUEVITTATUM, SCARUS GHOBBAN<A0>, SCARUS CAUDOFASCIATUS, POMACENTRUS PAVO, PRISTOTIS OBTUSIROSTRIS","BODOLOHA"
"4363","H","Horita","Octopus","","","Horita"
"4364","FTSOYMALINIKE","Fia Tsoy","Mulloides auriflamma","TSOY","MULLOIDICHTHYS FLAVOLINEATUS, MULLOIDICHTHYS VANICAULEUSIS","TSOY"
"4365","F","Fia","Fish","","","Fia"
"4366","ZANGA","Zanga","Sea Cucumber","","","Zanga"
"4367","A","Angisy","Squid","","","Angisy"
"4368","FBODOLOHA","Fia Bodoloha","Blue Barred parrotfish/ scarus ghobban","BODOLOHA","HIPPOSCARUS HARID, SCARUS PRASIOGNATHUS, SCARUS NIGER, CALOTOMUS SPINIDENS, SCARUS GHOBBAN, CALOTOMUS CAROLINUS, CHLORURUS STRONGYLOCEPHALUS, SCARUS TRICOLOR, SCARUS SCABER, SCARUS RUSSELLI, SCARUS RUBROVIOLACEUS, SCARUS PSITTACUS, SCARUS FRENATUS, CHLORURUS SORDIDUS, CHLORURUS ATRILUNULA, CETOSCARUS BICOLOR, THALASSOMA QUINQUEVITTATUM, SCARUS GHOBBAN<A0>, SCARUS CAUDOFASCIATUS, POMACENTRUS PAVO, PRISTOTIS OBTUSIROSTRIS","BODOLOHA"
"4369","E",NA,NA,NA,NA,NA
"4370","F","Fia","Fish","","","Fia"
"4371","F","Fia","Fish","","","Fia"
"4372","F","Fia","Fish","","","Fia"
"4373","A","Angisy","Squid","","","Angisy"
"4374","F","Fia","Fish","","","Fia"
"4375","FTSOY","Fia Tsoy","Mulloides auriflamma","TSOY","MULLOIDICHTHYS FLAVOLINEATUS, MULLOIDICHTHYS VANICAULEUSIS","TSOY"
"4376","FVORAMASAKE","Voramasake","","VORAMASAKE,VORAMASAEKE","SIGANUS SUTOR, SIGANUS STELLATUS, SIGANUS SUTOR<A0>, SIGANUS NETOR","VORAMASAKE,VORAMASAEKE"
"4377","H","Horita","Octopus","","","Horita"
"4378","H","Horita","Octopus","","","Horita"
"4379","FLLANORA","Fia Lanora","Yellowspotted or giant trevally/ caragoides fulvoguttatus or Caranx ignobilis","LANORA","CARANX PAPUENSIS, CARANX MELAMPYGUS, CARANX IGNOBILIS, CARANGOIDES FULVOGUTTATUS, CARANGOIDES FERDAU, CARANX IGNOBILIS<A0>","LANORA"
"4380","FTSIFA","Fiantsifa","Naso unicornis","","","Fiantsifa"
"4381","FALOALO","Fia Aloalo","Great Barracuda, Sphyaena bararcuda","","","Fia Aloalo"
"4382","H","Horita","Octopus","","","Horita"
"4383","F","Fia","Fish","","","Fia"
"4384","FLOVO","Fia Lovo","Bluespotted or coral grouper / cephalopholis argus or cephalopholis miniata","LOVO","EPINEPHELUS FUSCOGUTTATUS, CEPHALOPHOLIS SEXMACULATA, CEPHALOPHOLIS MINIATA, ANYPERADON LEUCOGRAMMICUS, EPINEPHELUS CAERULEOPUNCTATUS, EPINEPHELUS FASCIATUS, PLECTROPOMUS PUNCTATUS, CEPHALOPHOLIS URODETA, CEPHALOPHOLIS SONNERATI, PLECTROPOMUS LAEVIS, EPINEPHELUS MULTINOTATUS, PLECTORHINCHUS ALBOVITTATUS, ANYPERODON LEUCOGRAMMICUS, CEPHALOPHOLIS SONNERATI<A0>, PLECTOPOMUS PUNCTATUS, PLECTOPOMUS LAEVIS, PLECTORHINCHUS ALBOVITATUS","LOVO"
"4385","H","Horita","Octopus","","","Horita"
"4386","F","Fia","Fish","","","Fia"
"4387","F","Fia","Fish","","","Fia"
"4388","F","Fia","Fish","","","Fia"
"4389","BINDRAHORITA","Horita","Octopus","","","Horita"
"4390","H","Horita","Octopus","","","Horita"
"4391","LIVAHORITA","Horita","Octopus","","","Horita"
"4392","A","Angisy","Squid","","","Angisy"
"4393","F","Fia","Fish","","","Fia"
"4394","F","Fia","Fish","","","Fia"
"4395","BINDRAHORITA","Horita","Octopus","","","Horita"
"4396","H","Horita","Octopus","","","Horita"
"4397","H","Horita","Octopus","","","Horita"
"4398","F","Fia","Fish","","","Fia"
"4399","H","Horita","Octopus","","","Horita"
"4400","H","Horita","Octopus","","","Horita"
"4401","F","Fia","Fish","","","Fia"
"4402","F","Fia","Fish","","","Fia"
"4403","DRAKAKE","Drakake","Crab","","","Drakake"
"4404","FTSIFA","Fiantsifa","Naso unicornis","","","Fiantsifa"
"4405","FVORAMASAKE","Voramasake","","VORAMASAKE,VORAMASAEKE","SIGANUS SUTOR, SIGANUS STELLATUS, SIGANUS SUTOR<A0>, SIGANUS NETOR","VORAMASAKE,VORAMASAEKE"
"4406","FSOROBOA","Fia Soroboa","Giant or grayspotted Guitarfish/ rhynchobatus dijddensis or acroteriobatus leucospilus","","","Fia Soroboa"
"4407","FAY SIFY","","","","",""
"4408","FTSIFA","Fiantsifa","Naso unicornis","","","Fiantsifa"
"4409","FKAPITENY","Fia Kapitene","","","","Fia Kapitene"
"4410","FVALALA","Valalataitse","","","","Valalataitse"
"4411","FVORAMASAKE","Voramasake","","VORAMASAKE,VORAMASAEKE","SIGANUS SUTOR, SIGANUS STELLATUS, SIGANUS SUTOR<A0>, SIGANUS NETOR","VORAMASAKE,VORAMASAEKE"
"4412","FTSOY","Fia Tsoy","Mulloides auriflamma","TSOY","MULLOIDICHTHYS FLAVOLINEATUS, MULLOIDICHTHYS VANICAULEUSIS","TSOY"
"4413","FLAMATRA","Lamatra","Kanadi Kingfish/ scombermorus plurilineatus","LAMATSA,LAMATRA,LAMANTRA,LAMANTRA","SCOMBEROMORUS COMMERSON, SCOMBEROIDES LYSAN, SCOBEROIDES LYSAN","LAMATSA,LAMATRA,LAMANTRA,LAMANTRA"
"4414","FLLANORA","Fia Lanora","Yellowspotted or giant trevally/ caragoides fulvoguttatus or Caranx ignobilis","LANORA","CARANX PAPUENSIS, CARANX MELAMPYGUS, CARANX IGNOBILIS, CARANGOIDES FULVOGUTTATUS, CARANGOIDES FERDAU, CARANX IGNOBILIS<A0>","LANORA"
"4415","H","Horita","Octopus","","","Horita"
"4416","H","Horita","Octopus","","","Horita"
"4417","A","Angisy","Squid","","","Angisy"
"4418","TAKALO","","","TAKALO","OSTRACION MELEAGRIS, OSTRACION CUBICUS","TAKALO"
"4419","FKABO","Fia Kabo","Frogfish/ antennariidae","KABO,KABO","EPINEPHELUS FUSCOGUTTATUS, AROTHRON MELEAGRIS","KABO,KABO"
"4420","H","Horita","Octopus","","","Horita"
"4421","H","Horita","Octopus","","","Horita"
"4422","F","Fia","Fish","","","Fia"
"4423","F","Fia","Fish","","","Fia"
"4424","LAMERA","Lamera","eel","LAMAIRA,LAMAIRAKINA,LAMAIRA FESOTSE AMBATO,LAMAIRA KINA,LAMAIRANKENA","GYMNOTHORAX JAVANICUS, GYMNOMURAENA ZEBRA, ECHIDNA NEBULOSA, GYMNOTORAX JAVANICUS","LAMAIRA,LAMAIRAKINA,LAMAIRA FESOTSE AMBATO,LAMAIRA KINA,LAMAIRANKENA"
"4425","MOROSY","Fia Moroy","Lionfish","","","Fia Moroy"
"4426","FKABO","Fia Kabo","Frogfish/ antennariidae","KABO,KABO","EPINEPHELUS FUSCOGUTTATUS, AROTHRON MELEAGRIS","KABO,KABO"
"4427","LAMERA","Lamera","eel","LAMAIRA,LAMAIRAKINA,LAMAIRA FESOTSE AMBATO,LAMAIRA KINA,LAMAIRANKENA","GYMNOTHORAX JAVANICUS, GYMNOMURAENA ZEBRA, ECHIDNA NEBULOSA, GYMNOTORAX JAVANICUS","LAMAIRA,LAMAIRAKINA,LAMAIRA FESOTSE AMBATO,LAMAIRA KINA,LAMAIRANKENA"
"4428","FVORAMASAKE","Voramasake","","VORAMASAKE,VORAMASAEKE","SIGANUS SUTOR, SIGANUS STELLATUS, SIGANUS SUTOR<A0>, SIGANUS NETOR","VORAMASAKE,VORAMASAEKE"
"4429","A","Angisy","Squid","","","Angisy"
"4430","A","Angisy","Squid","","","Angisy"
"4431","A","Angisy","Squid","","","Angisy"
"4432","F","Fia","Fish","","","Fia"
"4433","H","Horita","Octopus","","","Horita"
"4434","H","Horita","Octopus","","","Horita"
"4435","H","Horita","Octopus","","","Horita"
"4436","F","Fia","Fish","","","Fia"
"4437","FLANILANY","Lani Lani?","","LANILANY","BOTHUS MANCUS","LANILANY"
"4438","FANTERAKE","Antseraky","Black-barred halfbeak/ hemiramphus far","","","Antseraky"
"4439","FVORAMASAKE","Voramasake","","VORAMASAKE,VORAMASAEKE","SIGANUS SUTOR, SIGANUS STELLATUS, SIGANUS SUTOR<A0>, SIGANUS NETOR","VORAMASAKE,VORAMASAEKE"
"4440","FVALALA","Valalataitse","","","","Valalataitse"
"4441","H","Horita","Octopus","","","Horita"
"4442","H","Horita","Octopus","","","Horita"
"4443","FANGY","Fia Angy","Zebra angelfish/ genicanthus caudovittatus","","","Fia Angy"
"4444","FFOTY","Fay Foty","Smalltooth sand tiger or dusky shark/ Odontaspis ferox or Carcharhinus obscurus","","","Fay Foty"
"4445","H","Horita","Octopus","","","Horita"
"4446","FANGY","Fia Angy","Zebra angelfish/ genicanthus caudovittatus","","","Fia Angy"
"4447","FTSIFA","Fiantsifa","Naso unicornis","","","Fiantsifa"
"4448","H","Horita","Octopus","","","Horita"
"4449","A","Angisy","Squid","","","Angisy"
"4450","A","Angisy","Squid","","","Angisy"
"4451","H NAKORA","Horita nakora","Octopus aegina","","","Horita nakora"
"4452","H","Horita","Octopus","","","Horita"
"4453","H","Horita","Octopus","","","Horita"
"4454","H","Horita","Octopus","","","Horita"
"4455","FANGY","Fia Angy","Zebra angelfish/ genicanthus caudovittatus","","","Fia Angy"
"4456","FVALALA","Valalataitse","","","","Valalataitse"
"4457","H NAKORA","Horita nakora","Octopus aegina","","","Horita nakora"
"4458","H","Horita","Octopus","","","Horita"
"4459","H NAKORA","Horita nakora","Octopus aegina","","","Horita nakora"
"4460","H","Horita","Octopus","","","Horita"
"4461","FTABAKE","Fia Tabaky/ Fia Tsabeake","Ember parrotfish/ scarus rubroviolaceus","TABAKE","AROTHRON NIGROPUNCTATUS","TABAKE"
"4462","FTABAKE","Fia Tabaky/ Fia Tsabeake","Ember parrotfish/ scarus rubroviolaceus","TABAKE","AROTHRON NIGROPUNCTATUS","TABAKE"
"4463","ZANGA ZOMALY","","Sea Cucumber","","","Sea Cucumber"
"4464","FANGY","Fia Angy","Zebra angelfish/ genicanthus caudovittatus","","","Fia Angy"
"4465","H NAKORA","Horita nakora","Octopus aegina","","","Horita nakora"
"4466","DRAKAKE","Drakake","Crab","","","Drakake"
"4467","FTABAKE","Fia Tabaky/ Fia Tsabeake","Ember parrotfish/ scarus rubroviolaceus","TABAKE","AROTHRON NIGROPUNCTATUS","TABAKE"
"4468","FFOTY","Fay Foty","Smalltooth sand tiger or dusky shark/ Odontaspis ferox or Carcharhinus obscurus","","","Fay Foty"
"4469","H NAKORA","Horita nakora","Octopus aegina","","","Horita nakora"
"4470","H","Horita","Octopus","","","Horita"
"4471","H","Horita","Octopus","","","Horita"
"4472","FFOTY","Fay Foty","Smalltooth sand tiger or dusky shark/ Odontaspis ferox or Carcharhinus obscurus","","","Fay Foty"
"4473","H","Horita","Octopus","","","Horita"
"4474","H","Horita","Octopus","","","Horita"
"4475","H","Horita","Octopus","","","Horita"
"4476","H","Horita","Octopus","","","Horita"
"4477","H","Horita","Octopus","","","Horita"
"4478","H","Horita","Octopus","","","Horita"
"4479","H","Horita","Octopus","","","Horita"
"4480","H","Horita","Octopus","","","Horita"
"4481","H","Horita","Octopus","","","Horita"
"4482","FTSOY","Fia Tsoy","Mulloides auriflamma","TSOY","MULLOIDICHTHYS FLAVOLINEATUS, MULLOIDICHTHYS VANICAULEUSIS","TSOY"
"4483","H","Horita","Octopus","","","Horita"
"4484","H","Horita","Octopus","","","Horita"
"4485","H","Horita","Octopus","","","Horita"
"4486","H","Horita","Octopus","","","Horita"
"4487","H","Horita","Octopus","","","Horita"
"4488","H","Horita","Octopus","","","Horita"
"4489","H","Horita","Octopus","","","Horita"
"4490","H","Horita","Octopus","","","Horita"
"4491","H","Horita","Octopus","","","Horita"
"4492","H","Horita","Octopus","","","Horita"
"4493","H","Horita","Octopus","","","Horita"
"4494","H","Horita","Octopus","","","Horita"
"4495","H","Horita","Octopus","","","Horita"
"4496","H","Horita","Octopus","","","Horita"
"4497","H","Horita","Octopus","","","Horita"
"4498","FFOTY","Fay Foty","Smalltooth sand tiger or dusky shark/ Odontaspis ferox or Carcharhinus obscurus","","","Fay Foty"
"4499","FMAINTE","Fia Mainte?","","","","Fia Mainte?"
"4500","H","Horita","Octopus","","","Horita"
"4501","LAMERA","Lamera","eel","LAMAIRA,LAMAIRAKINA,LAMAIRA FESOTSE AMBATO,LAMAIRA KINA,LAMAIRANKENA","GYMNOTHORAX JAVANICUS, GYMNOMURAENA ZEBRA, ECHIDNA NEBULOSA, GYMNOTORAX JAVANICUS","LAMAIRA,LAMAIRAKINA,LAMAIRA FESOTSE AMBATO,LAMAIRA KINA,LAMAIRANKENA"
"4502","H","Horita","Octopus","","","Horita"
"4503","H","Horita","Octopus","","","Horita"
"4504","H","Horita","Octopus","","","Horita"
"4505","H","Horita","Octopus","","","Horita"
"4506","H","Horita","Octopus","","","Horita"
"4507","H","Horita","Octopus","","","Horita"
"4508","FMAINTE","Fia Mainte?","","","","Fia Mainte?"
"4509","H","Horita","Octopus","","","Horita"
"4510","H","Horita","Octopus","","","Horita"
"4511","H","Horita","Octopus","","","Horita"
"4512","LAMERA","Lamera","eel","LAMAIRA,LAMAIRAKINA,LAMAIRA FESOTSE AMBATO,LAMAIRA KINA,LAMAIRANKENA","GYMNOTHORAX JAVANICUS, GYMNOMURAENA ZEBRA, ECHIDNA NEBULOSA, GYMNOTORAX JAVANICUS","LAMAIRA,LAMAIRAKINA,LAMAIRA FESOTSE AMBATO,LAMAIRA KINA,LAMAIRANKENA"
"4513","FMAINTE","Fia Mainte?","","","","Fia Mainte?"
"4514","H","Horita","Octopus","","","Horita"
"4515","FVORAMASAKE","Voramasake","","VORAMASAKE,VORAMASAEKE","SIGANUS SUTOR, SIGANUS STELLATUS, SIGANUS SUTOR<A0>, SIGANUS NETOR","VORAMASAKE,VORAMASAEKE"
"4516","FMAINTE","Fia Mainte?","","","","Fia Mainte?"
"4517","H","Horita","Octopus","","","Horita"
"4518","FTSIFA","Fiantsifa","Naso unicornis","","","Fiantsifa"
"4519","FBABAKE","","","","",""
"4520","H","Horita","Octopus","","","Horita"
"4521","H","Horita","Octopus","","","Horita"
"4522","H","Horita","Octopus","","","Horita"
"4523","H","Horita","Octopus","","","Horita"
"4524","H","Horita","Octopus","","","Horita"
"4525","H","Horita","Octopus","","","Horita"
"4526","H","Horita","Octopus","","","Horita"
"4527","FVORAMASAKE","Voramasake","","VORAMASAKE,VORAMASAEKE","SIGANUS SUTOR, SIGANUS STELLATUS, SIGANUS SUTOR<A0>, SIGANUS NETOR","VORAMASAKE,VORAMASAEKE"
"4528","A","Angisy","Squid","","","Angisy"
"4529","FVALALA","Valalataitse","","","","Valalataitse"
"4530","FVOTSO","Fia Votosandra?","No idea but these seem to go together","VOTSANDRA,VOTSANJA,VOTSANDRA SAMPA","PSEUDOBALISTES FUSCUS, BALISTOIDES VIRIDESCENS, ABALISTES STELLATUS, BALISTAPUS UNDULATUS, ODONUS NIGER, BALISTOIDES VIRIDESENS, PSEUDOBALISTES FURCUS, ODUNUS NIGER, SUFFLAMEN BURSA","VOTSANDRA,VOTSANJA,VOTSANDRA SAMPA"
"4531","FALOALO","Fia Aloalo","Great Barracuda, Sphyaena bararcuda","","","Fia Aloalo"
"4532","A","Angisy","Squid","","","Angisy"
"4533","H","Horita","Octopus","","","Horita"
"4534","FAY","Fay","Ray","","","Fay"
"4535","FBONDRO","Fia Bondro","","","","Fia Bondro"
"4536","FMAINTE","Fia Mainte?","","","","Fia Mainte?"
"4537","HNAKORA","Horita nakora","Octopus aegina","","","Horita nakora"
"4538","FMAINTE","Fia Mainte?","","","","Fia Mainte?"
"4539","FTSABEAKE","","","TSABEAKE","GNATHODENTEX AUROLINEATUS, LETHRINUS NEBULOSUS, LETHEINUS NEBULOSUS","TSABEAKE"
"4540","H","Horita","Octopus","","","Horita"
"4541","FVORAMASAKE","Voramasake","","VORAMASAKE,VORAMASAEKE","SIGANUS SUTOR, SIGANUS STELLATUS, SIGANUS SUTOR<A0>, SIGANUS NETOR","VORAMASAKE,VORAMASAEKE"
"4542","FTSORABY","","","","",""
"4543","FTSORABY","","","","",""
"4544","FTSORABY","","","","",""
"4545","HNAKORA","Horita nakora","Octopus aegina","","","Horita nakora"
"4546","HNAKORA","Horita nakora","Octopus aegina","","","Horita nakora"
"4547","FBONDRO","Fia Bondro","","","","Fia Bondro"
"4548","H","Horita","Octopus","","","Horita"
"4549","FAMPORAMA","Fia Amporama","One-spot snapper/Lutjanus fulviflamma or Lutjanus monostigma","AMPORAMA","LUTJANUS MONOSTIGMA, LUTJANUS FULVIFLAMMA, LUTJANUS EHRENBERGII, LUTJANUSFULVIFLAMMA, LUTJANUS FULVUS, LUTJANUS MONASTIGMA, LUTJANUS FULVUFFLAMMA","AMPORAMA"
"4550","H","Horita","Octopus","","","Horita"
"4551","FTSIRIMPAOSA","Fia Tsiripoasa?","","","","Fia Tsiripoasa?"
"4552","FMENASOFY","","","MENASOFY","LETHRINUS LENTJAN","MENASOFY"
"4553","FTSOY","Fia Tsoy","Mulloides auriflamma","TSOY","MULLOIDICHTHYS FLAVOLINEATUS, MULLOIDICHTHYS VANICAULEUSIS","TSOY"
"4554","FMAINTE","Fia Mainte?","","","","Fia Mainte?"
"4555","FTSOY","Fia Tsoy","Mulloides auriflamma","TSOY","MULLOIDICHTHYS FLAVOLINEATUS, MULLOIDICHTHYS VANICAULEUSIS","TSOY"
"4556","FFITSE","Fia Fitse","Caesia caerulaureus","","","Fia Fitse"
"4557","H","Horita","Octopus","","","Horita"
"4558","FTABAKE","Fia Tabaky/ Fia Tsabeake","Ember parrotfish/ scarus rubroviolaceus","TABAKE","AROTHRON NIGROPUNCTATUS","TABAKE"
"4559","FBONDRO","Fia Bondro","","","","Fia Bondro"
"4560","H","Horita","Octopus","","","Horita"
"4561","H","Horita","Octopus","","","Horita"
"4562","H","Horita","Octopus","","","Horita"
"4563","H","Horita","Octopus","","","Horita"
"4564","FTSOKAHITSE","","Fish","","","Fish"
"4565","FTSIFA","Fiantsifa","Naso unicornis","","","Fiantsifa"
"4566","FKIFALAOTSE","Kifalaoke","","KIFALAOTSE","KYPHOSUS VAIGIENSIS, KYPHOSUS CINERASCENS, DIAGRAMMA PICTUM, PLECTORHINCHUS GIBBOSUS","KIFALAOTSE"
"4567","H","Horita","Octopus","","","Horita"
"4568","H","Horita","Octopus","","","Horita"
"4569","FTSIFA","Fiantsifa","Naso unicornis","","","Fiantsifa"
"4570","FKIFALAOTSE","Kifalaoke","","KIFALAOTSE","KYPHOSUS VAIGIENSIS, KYPHOSUS CINERASCENS, DIAGRAMMA PICTUM, PLECTORHINCHUS GIBBOSUS","KIFALAOTSE"
"4571","H","Horita","Octopus","","","Horita"
"4572","H","Horita","Octopus","","","Horita"
"4573","FMAINTE","Fia Mainte?","","","","Fia Mainte?"
"4574","H","Horita","Octopus","","","Horita"
"4575","FTSOKAHITSE","","Fish","","","Fish"
"4576","H","Horita","Octopus","","","Horita"
"4577","FTSORABY","","","","",""
"4578","FTSORABY","","","","",""
"4579","FVORAMASAKE","Voramasake","","VORAMASAKE,VORAMASAEKE","SIGANUS SUTOR, SIGANUS STELLATUS, SIGANUS SUTOR<A0>, SIGANUS NETOR","VORAMASAKE,VORAMASAEKE"
"4580","FAMPOZA","Fia Ampoza","","AMPOZA,AMPOZO","NASO ANNULATUS, NASO VLAMINGII, NASO BREVIROSTRIS, ACANTHURUS GUTTATUS, NASO HEXACANTHUS, NASO FAGENI, NASO TUBEROSUS, NASO BRANCHYCENTRON, NASO FAGANI, ACANTURUS GUTTATUS","AMPOZA,AMPOZO"
"4581","H","Horita","Octopus","","","Horita"
"4582","H","Horita","Octopus","","","Horita"
"4583","H","Horita","Octopus","","","Horita"
"4584","FSAVESAVE","Savisavy","Fish","","","Savisavy"
"4585","FBODOLOHA","Fia Bodoloha","Blue Barred parrotfish/ scarus ghobban","BODOLOHA","HIPPOSCARUS HARID, SCARUS PRASIOGNATHUS, SCARUS NIGER, CALOTOMUS SPINIDENS, SCARUS GHOBBAN, CALOTOMUS CAROLINUS, CHLORURUS STRONGYLOCEPHALUS, SCARUS TRICOLOR, SCARUS SCABER, SCARUS RUSSELLI, SCARUS RUBROVIOLACEUS, SCARUS PSITTACUS, SCARUS FRENATUS, CHLORURUS SORDIDUS, CHLORURUS ATRILUNULA, CETOSCARUS BICOLOR, THALASSOMA QUINQUEVITTATUM, SCARUS GHOBBAN<A0>, SCARUS CAUDOFASCIATUS, POMACENTRUS PAVO, PRISTOTIS OBTUSIROSTRIS","BODOLOHA"
"4586","H","Horita","Octopus","","","Horita"
"4587","H","Horita","Octopus","","","Horita"
"4588","FTSIFA","Fiantsifa","Naso unicornis","","","Fiantsifa"
"4589","FTSARA","Fia tsara","","","","Fia tsara"
"4590","FTSIFA","Fiantsifa","Naso unicornis","","","Fiantsifa"
"4591","FFOTIHOHY","Fay Foty","Smalltooth sand tiger or dusky shark/ Odontaspis ferox or Carcharhinus obscurus","","","Fay Foty"
"4592","HNAKORA","Horita nakora","Octopus aegina","","","Horita nakora"
"4593","FANTSISY","Fia Antisy","No idea but these seem to go together","","","Fia Antisy"
"4594","FMAINTE","Fia Mainte?","","","","Fia Mainte?"
"4595","FMAHALOKY","","Fish","MAHALOKY,MAHALOKY BEMASO","PEMPHERIS VANICOLENSIS, SCOLOPSIS GHANAM, AMPHIPRION AKALLOPISOS, BODIANUS ANTHIOIDES, SELAR CRUMENOPHTHALMUS, RASTRELLIGER KANAGURTA, KATSUWONUS PELAMIS, CAESIO CAERULAUREA, GNATHODENTEX AUROLINEATUS, PEMPHERIS VANICILENSIS","MAHALOKY,MAHALOKY BEMASO"
"4596","FTABAKE","Fia Tabaky/ Fia Tsabeake","Ember parrotfish/ scarus rubroviolaceus","TABAKE","AROTHRON NIGROPUNCTATUS","TABAKE"
"4597","H","Horita","Octopus","","","Horita"
"4598","H","Horita","Octopus","","","Horita"
"4599","H","Horita","Octopus","","","Horita"
"4600","FMENASOFY","","","MENASOFY","LETHRINUS LENTJAN","MENASOFY"
"4601","H","Horita","Octopus","","","Horita"
"4602","H","Horita","Octopus","","","Horita"
"4603","H","Horita","Octopus","","","Horita"
"4604","H","Horita","Octopus","","","Horita"
"4605","HNAKORRA","Horita nakora","Octopus aegina","","","Horita nakora"
"4606","H","Horita","Octopus","","","Horita"
"4607","FABITSY","Fia Ambitsy","Spangled or thumbprint emperor, Lethrinus nebulosus or Lethrinus harak","AMBITSY,AMBITSY LAVAORO","ELAGATIS BIPINNULATA, LETHRINUS OLIVACEUS, LETHRINUS NEBULOSUS<A0>, ELAGATIS BIPINNULATA<A0>","AMBITSY,AMBITSY LAVAORO"
"4608","FTOHO","Fia Toho","Duckbill sleeper or freshwater goby or speckled goby/ Butis butis or awaous aeneofuscus or redigobius bikolanus","","","Fia Toho"
"4609","FANTSISY","Fia Antisy","No idea but these seem to go together","","","Fia Antisy"
"4610","FMENA","Fia Mena","Squirrelfish, Holocentrinae","","","Fia Mena"
"4611","HNAKORA","Horita nakora","Octopus aegina","","","Horita nakora"
"4612","H","Horita","Octopus","","","Horita"
"4613","H","Horita","Octopus","","","Horita"
"4614","H","Horita","Octopus","","","Horita"
"4615","FAMPOZA","Fia Ampoza","","AMPOZA,AMPOZO","NASO ANNULATUS, NASO VLAMINGII, NASO BREVIROSTRIS, ACANTHURUS GUTTATUS, NASO HEXACANTHUS, NASO FAGENI, NASO TUBEROSUS, NASO BRANCHYCENTRON, NASO FAGANI, ACANTURUS GUTTATUS","AMPOZA,AMPOZO"
"4616","H","Horita","Octopus","","","Horita"
"4617","H","Horita","Octopus","","","Horita"
"4618","FTABAKE","Fia Tabaky/ Fia Tsabeake","Ember parrotfish/ scarus rubroviolaceus","TABAKE","AROTHRON NIGROPUNCTATUS","TABAKE"
"4619","H","Horita","Octopus","","","Horita"
"4620","H","Horita","Octopus","","","Horita"
"4621","FMAINTE","Fia Mainte?","","","","Fia Mainte?"
"4622","H","Horita","Octopus","","","Horita"
"4623","FTSIFA","Fiantsifa","Naso unicornis","","","Fiantsifa"
"4624","FTSIRIMPAOSA","Fia Tsiripoasa?","","","","Fia Tsiripoasa?"
"4625","H","Horita","Octopus","","","Horita"
"4626","H","Horita","Octopus","","","Horita"
"4627","H","Horita","Octopus","","","Horita"
"4628","H","Horita","Octopus","","","Horita"
"4629","FAMPOZA","Fia Ampoza","","AMPOZA,AMPOZO","NASO ANNULATUS, NASO VLAMINGII, NASO BREVIROSTRIS, ACANTHURUS GUTTATUS, NASO HEXACANTHUS, NASO FAGENI, NASO TUBEROSUS, NASO BRANCHYCENTRON, NASO FAGANI, ACANTURUS GUTTATUS","AMPOZA,AMPOZO"
"4630","H","Horita","Octopus","","","Horita"
"4631","HNAKORRA","Horita nakora","Octopus aegina","","","Horita nakora"
"4632","H","Horita","Octopus","","","Horita"
"4633","H","Horita","Octopus","","","Horita"
"4634","FSAVESAVE","Savisavy","Fish","","","Savisavy"
"4635","H","Horita","Octopus","","","Horita"
"4636","FTSOY","Fia Tsoy","Mulloides auriflamma","TSOY","MULLOIDICHTHYS FLAVOLINEATUS, MULLOIDICHTHYS VANICAULEUSIS","TSOY"
"4637","FVORAMASAKE","Voramasake","","VORAMASAKE,VORAMASAEKE","SIGANUS SUTOR, SIGANUS STELLATUS, SIGANUS SUTOR<A0>, SIGANUS NETOR","VORAMASAKE,VORAMASAEKE"
"4638","FMAINTE","Fia Mainte?","","","","Fia Mainte?"
"4639","H","Horita","Octopus","","","Horita"
"4640","FTABAKE","Fia Tabaky/ Fia Tsabeake","Ember parrotfish/ scarus rubroviolaceus","TABAKE","AROTHRON NIGROPUNCTATUS","TABAKE"
"4641","HNAKORRA","Horita nakora","Octopus aegina","","","Horita nakora"
"4642","H","Horita","Octopus","","","Horita"
"4643","FLOVOHARA","Fia Lovo","Bluespotted or coral grouper / cephalopholis argus or cephalopholis miniata","LOVO","EPINEPHELUS FUSCOGUTTATUS, CEPHALOPHOLIS SEXMACULATA, CEPHALOPHOLIS MINIATA, ANYPERADON LEUCOGRAMMICUS, EPINEPHELUS CAERULEOPUNCTATUS, EPINEPHELUS FASCIATUS, PLECTROPOMUS PUNCTATUS, CEPHALOPHOLIS URODETA, CEPHALOPHOLIS SONNERATI, PLECTROPOMUS LAEVIS, EPINEPHELUS MULTINOTATUS, PLECTORHINCHUS ALBOVITTATUS, ANYPERODON LEUCOGRAMMICUS, CEPHALOPHOLIS SONNERATI<A0>, PLECTOPOMUS PUNCTATUS, PLECTOPOMUS LAEVIS, PLECTORHINCHUS ALBOVITATUS","LOVO"
"4644","H","Horita","Octopus","","","Horita"
"4645","FMAINTE","Fia Mainte?","","","","Fia Mainte?"
"4646","H","Horita","Octopus","","","Horita"
"4647","H","Horita","Octopus","","","Horita"
"4648","H","Horita","Octopus","","","Horita"
"4649","H","Horita","Octopus","","","Horita"
"4650","H","Horita","Octopus","","","Horita"
"4651","FBODOLOHA","Fia Bodoloha","Blue Barred parrotfish/ scarus ghobban","BODOLOHA","HIPPOSCARUS HARID, SCARUS PRASIOGNATHUS, SCARUS NIGER, CALOTOMUS SPINIDENS, SCARUS GHOBBAN, CALOTOMUS CAROLINUS, CHLORURUS STRONGYLOCEPHALUS, SCARUS TRICOLOR, SCARUS SCABER, SCARUS RUSSELLI, SCARUS RUBROVIOLACEUS, SCARUS PSITTACUS, SCARUS FRENATUS, CHLORURUS SORDIDUS, CHLORURUS ATRILUNULA, CETOSCARUS BICOLOR, THALASSOMA QUINQUEVITTATUM, SCARUS GHOBBAN<A0>, SCARUS CAUDOFASCIATUS, POMACENTRUS PAVO, PRISTOTIS OBTUSIROSTRIS","BODOLOHA"
"4652","FMAINTE","Fia Mainte?","","","","Fia Mainte?"
"4653","FBONDRO","Fia Bondro","","","","Fia Bondro"
"4654","LAMERA","Lamera","eel","LAMAIRA,LAMAIRAKINA,LAMAIRA FESOTSE AMBATO,LAMAIRA KINA,LAMAIRANKENA","GYMNOTHORAX JAVANICUS, GYMNOMURAENA ZEBRA, ECHIDNA NEBULOSA, GYMNOTORAX JAVANICUS","LAMAIRA,LAMAIRAKINA,LAMAIRA FESOTSE AMBATO,LAMAIRA KINA,LAMAIRANKENA"
"4655","FANTSISY","Fia Antisy","No idea but these seem to go together","","","Fia Antisy"
"4656","H","Horita","Octopus","","","Horita"
"4657","H","Horita","Octopus","","","Horita"
"4658","H","Horita","Octopus","","","Horita"
"4659","H","Horita","Octopus","","","Horita"
"4660","",NA,NA,NA,NA,NA
"4661","FTSOY","Fia Tsoy","Mulloides auriflamma","TSOY","MULLOIDICHTHYS FLAVOLINEATUS, MULLOIDICHTHYS VANICAULEUSIS","TSOY"
"4662","",NA,NA,NA,NA,NA
"4663","FVORAMASAKE","Voramasake","","VORAMASAKE,VORAMASAEKE","SIGANUS SUTOR, SIGANUS STELLATUS, SIGANUS SUTOR<A0>, SIGANUS NETOR","VORAMASAKE,VORAMASAEKE"
"4664","FMAINTE","Fia Mainte?","","","","Fia Mainte?"
"4665","FAPOZA","Fia Ampoza","","AMPOZA,AMPOZO","NASO ANNULATUS, NASO VLAMINGII, NASO BREVIROSTRIS, ACANTHURUS GUTTATUS, NASO HEXACANTHUS, NASO FAGENI, NASO TUBEROSUS, NASO BRANCHYCENTRON, NASO FAGANI, ACANTURUS GUTTATUS","AMPOZA,AMPOZO"
"4666","H","Horita","Octopus","","","Horita"
"4667","FAMBOROY","","","AMBORY,AMBORY FOTIHOHY,AMBORY KIOSA,AMBORY LAVATSIFA","NASO TUBEROSUS, NASO FAGENI, ACANTHURUS TENNENTI, NASO BRACHYCENTRON, NASO HEXACANTHUS, NASO BRANCHYCENTRON, NASO ANNULATUS, NASO VLAMINGII, NASO BREVIROSTRIS, NASO BRACHYCENTRONA","AMBORY,AMBORY FOTIHOHY,AMBORY KIOSA,AMBORY LAVATSIFA"
"4668","H","Horita","Octopus","","","Horita"
"4669","FFITSE","Fia Fitse","Caesia caerulaureus","","","Fia Fitse"
"4670","H","Horita","Octopus","","","Horita"
"4671","H","Horita","Octopus","","","Horita"
"4672","FVORAMASAKE","Voramasake","","VORAMASAKE,VORAMASAEKE","SIGANUS SUTOR, SIGANUS STELLATUS, SIGANUS SUTOR<A0>, SIGANUS NETOR","VORAMASAKE,VORAMASAEKE"
"4673","FMAINTE","Fia Mainte?","","","","Fia Mainte?"
"4674","H","Horita","Octopus","","","Horita"
"4675","FSAVESAVE","Savisavy","Fish","","","Savisavy"
"4676","FVOTOSAKA","Fia Votosandra?","No idea but these seem to go together","VOTSANDRA,VOTSANJA,VOTSANDRA SAMPA","PSEUDOBALISTES FUSCUS, BALISTOIDES VIRIDESCENS, ABALISTES STELLATUS, BALISTAPUS UNDULATUS, ODONUS NIGER, BALISTOIDES VIRIDESENS, PSEUDOBALISTES FURCUS, ODUNUS NIGER, SUFFLAMEN BURSA","VOTSANDRA,VOTSANJA,VOTSANDRA SAMPA"
"4677","H","Horita","Octopus","","","Horita"
"4678","H","Horita","Octopus","","","Horita"
"4679","H","Horita","Octopus","","","Horita"
"4680","H","Horita","Octopus","","","Horita"
"4681","FTABAKE","Fia Tabaky/ Fia Tsabeake","Ember parrotfish/ scarus rubroviolaceus","TABAKE","AROTHRON NIGROPUNCTATUS","TABAKE"
"4682","FTSOY","Fia Tsoy","Mulloides auriflamma","TSOY","MULLOIDICHTHYS FLAVOLINEATUS, MULLOIDICHTHYS VANICAULEUSIS","TSOY"
"4683","FTSOKAHITSE","","Fish","","","Fish"
"4684","H","Horita","Octopus","","","Horita"
"4685","H","Horita","Octopus","","","Horita"
"4686","H","Horita","Octopus","","","Horita"
"4687","FTSORABY","","","","",""
"4688","H","Horita","Octopus","","","Horita"
"4689","H","Horita","Octopus","","","Horita"
"4690","H","Horita","Octopus","","","Horita"
"4691","H","Horita","Octopus","","","Horita"
"4692","FVAREVIKE"," Varevike","","",""," Varevike"
"4693","H","Horita","Octopus","","","Horita"
"4694","H","Horita","Octopus","","","Horita"
"4695","FFITSE","Fia Fitse","Caesia caerulaureus","","","Fia Fitse"
"4696","H","Horita","Octopus","","","Horita"
"4697","FANTSISY","Fia Antisy","No idea but these seem to go together","","","Fia Antisy"
"4698","H","Horita","Octopus","","","Horita"
"4699","FMENASOFY","","","MENASOFY","LETHRINUS LENTJAN","MENASOFY"
"4700","FTSOY","Fia Tsoy","Mulloides auriflamma","TSOY","MULLOIDICHTHYS FLAVOLINEATUS, MULLOIDICHTHYS VANICAULEUSIS","TSOY"
"4701","FMENA","Fia Mena","Squirrelfish, Holocentrinae","","","Fia Mena"
"4702","H","Horita","Octopus","","","Horita"
"4703","H","Horita","Octopus","","","Horita"
"4704","FTSIRIMPAOSA","Fia Tsiripoasa?","","","","Fia Tsiripoasa?"
"4705","H","Horita","Octopus","","","Horita"
"4706","DRAKAKE","Drakake","Crab","","","Drakake"
"4707","H","Horita","Octopus","","","Horita"
"4708","H","Horita","Octopus","","","Horita"
"4709","FSAVESAVE","Savisavy","Fish","","","Savisavy"
"4710","H","Horita","Octopus","","","Horita"
"4711","H","Horita","Octopus","","","Horita"
"4712","FKABO","Fia Kabo","Frogfish/ antennariidae","KABO,KABO","EPINEPHELUS FUSCOGUTTATUS, AROTHRON MELEAGRIS","KABO,KABO"
"4713","H","Horita","Octopus","","","Horita"
"4714","FBODOLOHA","Fia Bodoloha","Blue Barred parrotfish/ scarus ghobban","BODOLOHA","HIPPOSCARUS HARID, SCARUS PRASIOGNATHUS, SCARUS NIGER, CALOTOMUS SPINIDENS, SCARUS GHOBBAN, CALOTOMUS CAROLINUS, CHLORURUS STRONGYLOCEPHALUS, SCARUS TRICOLOR, SCARUS SCABER, SCARUS RUSSELLI, SCARUS RUBROVIOLACEUS, SCARUS PSITTACUS, SCARUS FRENATUS, CHLORURUS SORDIDUS, CHLORURUS ATRILUNULA, CETOSCARUS BICOLOR, THALASSOMA QUINQUEVITTATUM, SCARUS GHOBBAN<A0>, SCARUS CAUDOFASCIATUS, POMACENTRUS PAVO, PRISTOTIS OBTUSIROSTRIS","BODOLOHA"
"4715","FTSORABY","","","","",""
"4716","FTSORABY","","","","",""
"4717","FVORAMASAKE","Voramasake","","VORAMASAKE,VORAMASAEKE","SIGANUS SUTOR, SIGANUS STELLATUS, SIGANUS SUTOR<A0>, SIGANUS NETOR","VORAMASAKE,VORAMASAEKE"
"4718","FTSABEAKE","","","TSABEAKE","GNATHODENTEX AUROLINEATUS, LETHRINUS NEBULOSUS, LETHEINUS NEBULOSUS","TSABEAKE"
"4719","FFITSE","Fia Fitse","Caesia caerulaureus","","","Fia Fitse"
"4720","H","Horita","Octopus","","","Horita"
"4721","FTAPAPOROHA","Fia Tapaporoha","Thumbprint emperor/ Lethrinus harak","","","Fia Tapaporoha"
"4722","FVAREVIKE"," Varevike","","",""," Varevike"
"4723","H","Horita","Octopus","","","Horita"
"4724","H","Horita","Octopus","","","Horita"
"4725","H","Horita","Octopus","","","Horita"
"4726","H","Horita","Octopus","","","Horita"
"4727","H","Horita","Octopus","","","Horita"
"4728","FTABAKE","Fia Tabaky/ Fia Tsabeake","Ember parrotfish/ scarus rubroviolaceus","TABAKE","AROTHRON NIGROPUNCTATUS","TABAKE"
"4729","FTSIFA","Fiantsifa","Naso unicornis","","","Fiantsifa"
"4730","FBONDRO","Fia Bondro","","","","Fia Bondro"
"4731","FVORAMASAKE","Voramasake","","VORAMASAKE,VORAMASAEKE","SIGANUS SUTOR, SIGANUS STELLATUS, SIGANUS SUTOR<A0>, SIGANUS NETOR","VORAMASAKE,VORAMASAEKE"
"4732","FVAREVIKE"," Varevike","","",""," Varevike"
"4733","H","Horita","Octopus","","","Horita"
"4734","FTABAKE","Fia Tabaky/ Fia Tsabeake","Ember parrotfish/ scarus rubroviolaceus","TABAKE","AROTHRON NIGROPUNCTATUS","TABAKE"
"4735","H","Horita","Octopus","","","Horita"
"4736","FANTSISY","Fia Antisy","No idea but these seem to go together","","","Fia Antisy"
"4737","H","Horita","Octopus","","","Horita"
"4738","FGOGO","Fia gogo","Madagascar sea catfish/ Arius madagascariensis","","","Fia gogo"
"4739","H","Horita","Octopus","","","Horita"
"4740","H","Horita","Octopus","","","Horita"
"4741","FLAFO","Fia Lafo","Red lionfish/ pterois volitans","LAFO","PTEROIS VOLITANS, NOTOLABRUS PARILUS, PTERAGOGUS FLAGELLIFERA, NOTOLABRU SPARLUS","LAFO"
"4742","H","Horita","Octopus","","","Horita"
"4743","H","Horita","Octopus","","","Horita"
"4744","H","Horita","Octopus","","","Horita"
"4745","H","Horita","Octopus","","","Horita"
"4746","FVAREVIKE"," Varevike","","",""," Varevike"
"4747","FTSORABY","","","","",""
"4748","FVARAVARA","Fia varavara","Mangrove red snapper/ Lutjanus argentimaculatus","VARAVARA,VARAVARAMAHOZATSE","LUTJANUS ARGENTIMACULATUS, PRISTIPOMOIDES FILAMENTOSUS, LUTJANUS SANGUINEUS, LUTJANUS BOHAR, LUTJANU ARGENTIMACULATUS","VARAVARA,VARAVARAMAHOZATSE"
"4749","FLAMATSA","Lamatra","Kanadi Kingfish/ scombermorus plurilineatus","LAMATSA,LAMATRA,LAMANTRA,LAMANTRA","SCOMBEROMORUS COMMERSON, SCOMBEROIDES LYSAN, SCOBEROIDES LYSAN","LAMATSA,LAMATRA,LAMANTRA,LAMANTRA"
"4750","FFITSE","Fia Fitse","Caesia caerulaureus","","","Fia Fitse"
"4751","FVAREVIKE"," Varevike","","",""," Varevike"
"4752","FJOGINY","Fia Joginy","","LOGY","SELAR CRUMENOPHTHALMUS, RASTRELLIGER KANAGURTA","LOGY"
"4753","H","Horita","Octopus","","","Horita"
"4754","H","Horita","Octopus","","","Horita"
"4755","H","Horita","Octopus","","","Horita"
"4756","FBONDRO","Fia Bondro","","","","Fia Bondro"
"4757","H","Horita","Octopus","","","Horita"
"4758","H","Horita","Octopus","","","Horita"
"4759","H","Horita","Octopus","","","Horita"
"4760","FMPIVONDRAKE","","Fish","","","Fish"
"4761","FSAVESAVE","Savisavy","Fish","","","Savisavy"
"4762","H NAKORA","Horita nakora","Octopus aegina","","","Horita nakora"
"4763","H","Horita","Octopus","","","Horita"
"4764","BOZIKE","Bozike","Chicoreus ramosus","","","Bozike"
"4765","FTABAKE","Fia Tabaky/ Fia Tsabeake","Ember parrotfish/ scarus rubroviolaceus","TABAKE","AROTHRON NIGROPUNCTATUS","TABAKE"
"4766","FAMPOZA","Fia Ampoza","","AMPOZA,AMPOZO","NASO ANNULATUS, NASO VLAMINGII, NASO BREVIROSTRIS, ACANTHURUS GUTTATUS, NASO HEXACANTHUS, NASO FAGENI, NASO TUBEROSUS, NASO BRANCHYCENTRON, NASO FAGANI, ACANTURUS GUTTATUS","AMPOZA,AMPOZO"
"4767","H NAKORA","Horita nakora","Octopus aegina","","","Horita nakora"
"4768","DRAKAKE","Drakake","Crab","","","Drakake"
"4769","H","Horita","Octopus","","","Horita"
"4770","H","Horita","Octopus","","","Horita"
"4771","H","Horita","Octopus","","","Horita"
"4772","FTOHO","Fia Toho","Duckbill sleeper or freshwater goby or speckled goby/ Butis butis or awaous aeneofuscus or redigobius bikolanus","","","Fia Toho"
"4773","H","Horita","Octopus","","","Horita"
"4774","FAMPORAMA","Fia Amporama","One-spot snapper/Lutjanus fulviflamma or Lutjanus monostigma","AMPORAMA","LUTJANUS MONOSTIGMA, LUTJANUS FULVIFLAMMA, LUTJANUS EHRENBERGII, LUTJANUSFULVIFLAMMA, LUTJANUS FULVUS, LUTJANUS MONASTIGMA, LUTJANUS FULVUFFLAMMA","AMPORAMA"
"4775","FSORONALE","Soronale","Fish","SORONALE","LUTJANUS FULVIFLAMMA, LUTJANUS KASMIRA","SORONALE"
"4776","H NAKORA","Horita nakora","Octopus aegina","","","Horita nakora"
"4777","H","Horita","Octopus","","","Horita"
"4778","H","Horita","Octopus","","","Horita"
"4779","FSAVESAVE","Savisavy","Fish","","","Savisavy"
"4780","H","Horita","Octopus","","","Horita"
"4781","H","Horita","Octopus","","","Horita"
"4782","FTSARA","Fia tsara","","","","Fia tsara"
"4783","FMENASOFY","","","MENASOFY","LETHRINUS LENTJAN","MENASOFY"
"4784","H","Horita","Octopus","","","Horita"
"4785","FTSIFA","Fiantsifa","Naso unicornis","","","Fiantsifa"
"4786","H","Horita","Octopus","","","Horita"
"4787","H NAKORA","Horita nakora","Octopus aegina","","","Horita nakora"
"4788","FBODOLOHA","Fia Bodoloha","Blue Barred parrotfish/ scarus ghobban","BODOLOHA","HIPPOSCARUS HARID, SCARUS PRASIOGNATHUS, SCARUS NIGER, CALOTOMUS SPINIDENS, SCARUS GHOBBAN, CALOTOMUS CAROLINUS, CHLORURUS STRONGYLOCEPHALUS, SCARUS TRICOLOR, SCARUS SCABER, SCARUS RUSSELLI, SCARUS RUBROVIOLACEUS, SCARUS PSITTACUS, SCARUS FRENATUS, CHLORURUS SORDIDUS, CHLORURUS ATRILUNULA, CETOSCARUS BICOLOR, THALASSOMA QUINQUEVITTATUM, SCARUS GHOBBAN<A0>, SCARUS CAUDOFASCIATUS, POMACENTRUS PAVO, PRISTOTIS OBTUSIROSTRIS","BODOLOHA"
"4789","DRAKAKE","Drakake","Crab","","","Drakake"
"4790","H NAKORA","Horita nakora","Octopus aegina","","","Horita nakora"
"4791","FSAVESAVE","Savisavy","Fish","","","Savisavy"
"4792","H NAKORA","Horita nakora","Octopus aegina","","","Horita nakora"
"4793","H","Horita","Octopus","","","Horita"
"4794","LAMERA","Lamera","eel","LAMAIRA,LAMAIRAKINA,LAMAIRA FESOTSE AMBATO,LAMAIRA KINA,LAMAIRANKENA","GYMNOTHORAX JAVANICUS, GYMNOMURAENA ZEBRA, ECHIDNA NEBULOSA, GYMNOTORAX JAVANICUS","LAMAIRA,LAMAIRAKINA,LAMAIRA FESOTSE AMBATO,LAMAIRA KINA,LAMAIRANKENA"
"4795","FFITSE","Fia Fitse","Caesia caerulaureus","","","Fia Fitse"
"4796","H","Horita","Octopus","","","Horita"
"4797","H","Horita","Octopus","","","Horita"
"4798","H","Horita","Octopus","","","Horita"
"4799","H","Horita","Octopus","","","Horita"
"4800","H","Horita","Octopus","","","Horita"
"4801","H NAKORA","Horita nakora","Octopus aegina","","","Horita nakora"
"4802","H","Horita","Octopus","","","Horita"
"4803","H","Horita","Octopus","","","Horita"
"4804","FMAINTE","Fia Mainte?","","","","Fia Mainte?"
"4805","H","Horita","Octopus","","","Horita"
"4806","",NA,NA,NA,NA,NA
"4807","",NA,NA,NA,NA,NA
"4808","H NAKORA","Horita nakora","Octopus aegina","","","Horita nakora"
"4809","FTSOKAHITSE","","Fish","","","Fish"
"4810","FTSOKAHITSE","","Fish","","","Fish"
"4811","H","Horita","Octopus","","","Horita"
"4812","FMAINTE","Fia Mainte?","","","","Fia Mainte?"
"4813","FAMPOZA","Fia Ampoza","","AMPOZA,AMPOZO","NASO ANNULATUS, NASO VLAMINGII, NASO BREVIROSTRIS, ACANTHURUS GUTTATUS, NASO HEXACANTHUS, NASO FAGENI, NASO TUBEROSUS, NASO BRANCHYCENTRON, NASO FAGANI, ACANTURUS GUTTATUS","AMPOZA,AMPOZO"
"4814","FMAINTE","Fia Mainte?","","","","Fia Mainte?"
"4815","H","Horita","Octopus","","","Horita"
"4816","FBODOLOHA","Fia Bodoloha","Blue Barred parrotfish/ scarus ghobban","BODOLOHA","HIPPOSCARUS HARID, SCARUS PRASIOGNATHUS, SCARUS NIGER, CALOTOMUS SPINIDENS, SCARUS GHOBBAN, CALOTOMUS CAROLINUS, CHLORURUS STRONGYLOCEPHALUS, SCARUS TRICOLOR, SCARUS SCABER, SCARUS RUSSELLI, SCARUS RUBROVIOLACEUS, SCARUS PSITTACUS, SCARUS FRENATUS, CHLORURUS SORDIDUS, CHLORURUS ATRILUNULA, CETOSCARUS BICOLOR, THALASSOMA QUINQUEVITTATUM, SCARUS GHOBBAN<A0>, SCARUS CAUDOFASCIATUS, POMACENTRUS PAVO, PRISTOTIS OBTUSIROSTRIS","BODOLOHA"
"4817","H","Horita","Octopus","","","Horita"
"4818","FTOHO","Fia Toho","Duckbill sleeper or freshwater goby or speckled goby/ Butis butis or awaous aeneofuscus or redigobius bikolanus","","","Fia Toho"
"4819","H","Horita","Octopus","","","Horita"
"4820","H","Horita","Octopus","","","Horita"
"4821","H","Horita","Octopus","","","Horita"
"4822","H","Horita","Octopus","","","Horita"
"4823","H","Horita","Octopus","","","Horita"
"4824","H","Horita","Octopus","","","Horita"
"4825","H","Horita","Octopus","","","Horita"
"4826","H","Horita","Octopus","","","Horita"
"4827","H","Horita","Octopus","","","Horita"
"4828","H","Horita","Octopus","","","Horita"
"4829","",NA,NA,NA,NA,NA
"4830","FBONDRO","Fia Bondro","","","","Fia Bondro"
"4831","H","Horita","Octopus","","","Horita"
"4832","H","Horita","Octopus","","","Horita"
"4833","H","Horita","Octopus","","","Horita"
"4834","H","Horita","Octopus","","","Horita"
"4835","H","Horita","Octopus","","","Horita"
"4836","H","Horita","Octopus","","","Horita"
"4837","H","Horita","Octopus","","","Horita"
"4838","H","Horita","Octopus","","","Horita"
"4839","H","Horita","Octopus","","","Horita"
"4840","H","Horita","Octopus","","","Horita"
"4841","H","Horita","Octopus","","","Horita"
"4842","H","Horita","Octopus","","","Horita"
"4843","H","Horita","Octopus","","","Horita"
"4844","H","Horita","Octopus","","","Horita"
"4845","H","Horita","Octopus","","","Horita"
"4846","H","Horita","Octopus","","","Horita"
"4847","FBEMASO","Fia bemaso 
","","","","Fia bemaso 
"
"4848","H","Horita","Octopus","","","Horita"
"4849","H NAKORA","Horita nakora","Octopus aegina","","","Horita nakora"
"4850","H","Horita","Octopus","","","Horita"
"4851","H","Horita","Octopus","","","Horita"
"4852","FTSOY","Fia Tsoy","Mulloides auriflamma","TSOY","MULLOIDICHTHYS FLAVOLINEATUS, MULLOIDICHTHYS VANICAULEUSIS","TSOY"
"4853","H","Horita","Octopus","","","Horita"
"4854","H","Horita","Octopus","","","Horita"
"4855","H NAKORA","Horita nakora","Octopus aegina","","","Horita nakora"
"4856","H","Horita","Octopus","","","Horita"
"4857","FTSOKAHITSE","","Fish","","","Fish"
"4858","H","Horita","Octopus","","","Horita"
"4859","H","Horita","Octopus","","","Horita"
"4860","FBONDRO","Fia Bondro","","","","Fia Bondro"
"4861","H","Horita","Octopus","","","Horita"
"4862","H","Horita","Octopus","","","Horita"
"4863","H","Horita","Octopus","","","Horita"
"4864","H","Horita","Octopus","","","Horita"
"4865","H","Horita","Octopus","","","Horita"
"4866","H","Horita","Octopus","","","Horita"
"4867","FVORAMASAKE","Voramasake","","VORAMASAKE,VORAMASAEKE","SIGANUS SUTOR, SIGANUS STELLATUS, SIGANUS SUTOR<A0>, SIGANUS NETOR","VORAMASAKE,VORAMASAEKE"
"4868","H","Horita","Octopus","","","Horita"
"4869","H","Horita","Octopus","","","Horita"
"4870","H","Horita","Octopus","","","Horita"
"4871","FTSIRIMPAOSA","Fia Tsiripoasa?","","","","Fia Tsiripoasa?"
"4872","FTSIFA","Fiantsifa","Naso unicornis","","","Fiantsifa"
"4873","FMALILY","Malily","Black and yellow grouper/ Epinephelus flavocaeruleus","MALILY","MACOLOR NIGER","MALILY"
"4874","FTOHO","Fia Toho","Duckbill sleeper or freshwater goby or speckled goby/ Butis butis or awaous aeneofuscus or redigobius bikolanus","","","Fia Toho"
"4875","H NAKORA","Horita nakora","Octopus aegina","","","Horita nakora"
"4876","L","Lamera","eel","LAMAIRA,LAMAIRAKINA,LAMAIRA FESOTSE AMBATO,LAMAIRA KINA,LAMAIRANKENA","GYMNOTHORAX JAVANICUS, GYMNOMURAENA ZEBRA, ECHIDNA NEBULOSA, GYMNOTORAX JAVANICUS","LAMAIRA,LAMAIRAKINA,LAMAIRA FESOTSE AMBATO,LAMAIRA KINA,LAMAIRANKENA"
"4877","H","Horita","Octopus","","","Horita"
"4878","H","Horita","Octopus","","","Horita"
"4879","FMENA","Fia Mena","Squirrelfish, Holocentrinae","","","Fia Mena"
"4880","FTSOY","Fia Tsoy","Mulloides auriflamma","TSOY","MULLOIDICHTHYS FLAVOLINEATUS, MULLOIDICHTHYS VANICAULEUSIS","TSOY"
"4881","FTSABEAKE","","","TSABEAKE","GNATHODENTEX AUROLINEATUS, LETHRINUS NEBULOSUS, LETHEINUS NEBULOSUS","TSABEAKE"
"4882","H","Horita","Octopus","","","Horita"
"4883","H","Horita","Octopus","","","Horita"
"4884","FAMBITSY","Fia Ambitsy","Spangled or thumbprint emperor, Lethrinus nebulosus or Lethrinus harak","AMBITSY,AMBITSY LAVAORO","ELAGATIS BIPINNULATA, LETHRINUS OLIVACEUS, LETHRINUS NEBULOSUS<A0>, ELAGATIS BIPINNULATA<A0>","AMBITSY,AMBITSY LAVAORO"
"4885","FAMBORY","","","AMBORY,AMBORY FOTIHOHY,AMBORY KIOSA,AMBORY LAVATSIFA","NASO TUBEROSUS, NASO FAGENI, ACANTHURUS TENNENTI, NASO BRACHYCENTRON, NASO HEXACANTHUS, NASO BRANCHYCENTRON, NASO ANNULATUS, NASO VLAMINGII, NASO BREVIROSTRIS, NASO BRACHYCENTRONA","AMBORY,AMBORY FOTIHOHY,AMBORY KIOSA,AMBORY LAVATSIFA"
"4886","FTSIRIMPAOSA","Fia Tsiripoasa?","","","","Fia Tsiripoasa?"
"4887","FMAHALOKY","","Fish","MAHALOKY,MAHALOKY BEMASO","PEMPHERIS VANICOLENSIS, SCOLOPSIS GHANAM, AMPHIPRION AKALLOPISOS, BODIANUS ANTHIOIDES, SELAR CRUMENOPHTHALMUS, RASTRELLIGER KANAGURTA, KATSUWONUS PELAMIS, CAESIO CAERULAUREA, GNATHODENTEX AUROLINEATUS, PEMPHERIS VANICILENSIS","MAHALOKY,MAHALOKY BEMASO"
"4888","FANGELIKE","Fia Angelike","Sky emperor","ANGELEKE,ANGELIKE","LETHRINUS MAHSENA, LETHRINUS LENTJAN, LETHEINUS MAHSENA, LETHEINUS LENTJAN, LETHRINUS MASHENA","ANGELEKE,ANGELIKE"
"4889","FLANORA","Fia Lanora","Yellowspotted or giant trevally/ caragoides fulvoguttatus or Caranx ignobilis","LANORA","CARANX PAPUENSIS, CARANX MELAMPYGUS, CARANX IGNOBILIS, CARANGOIDES FULVOGUTTATUS, CARANGOIDES FERDAU, CARANX IGNOBILIS<A0>","LANORA"
"4890","H","Horita","Octopus","","","Horita"
"4891","H","Horita","Octopus","","","Horita"
"4892","FTOHO","Fia Toho","Duckbill sleeper or freshwater goby or speckled goby/ Butis butis or awaous aeneofuscus or redigobius bikolanus","","","Fia Toho"
"4893","FVAREVIKE"," Varevike","","",""," Varevike"
"4894","FVORAMASAKE","Voramasake","","VORAMASAKE,VORAMASAEKE","SIGANUS SUTOR, SIGANUS STELLATUS, SIGANUS SUTOR<A0>, SIGANUS NETOR","VORAMASAKE,VORAMASAEKE"
"4895","FVAREVIKE"," Varevike","","",""," Varevike"
"4896","FTSORABY","","","","",""
"4897","FTSABEAKE","","","TSABEAKE","GNATHODENTEX AUROLINEATUS, LETHRINUS NEBULOSUS, LETHEINUS NEBULOSUS","TSABEAKE"
"4898","FTSABEAKE","","","TSABEAKE","GNATHODENTEX AUROLINEATUS, LETHRINUS NEBULOSUS, LETHEINUS NEBULOSUS","TSABEAKE"
"4899","H","Horita","Octopus","","","Horita"
"4900","H","Horita","Octopus","","","Horita"
"4901","FTSOY","Fia Tsoy","Mulloides auriflamma","TSOY","MULLOIDICHTHYS FLAVOLINEATUS, MULLOIDICHTHYS VANICAULEUSIS","TSOY"
"4902","FFITSE","Fia Fitse","Caesia caerulaureus","","","Fia Fitse"
"4903","FTSABEAKE","","","TSABEAKE","GNATHODENTEX AUROLINEATUS, LETHRINUS NEBULOSUS, LETHEINUS NEBULOSUS","TSABEAKE"
"4904","FLAMATSA","Lamatra","Kanadi Kingfish/ scombermorus plurilineatus","LAMATSA,LAMATRA,LAMANTRA,LAMANTRA","SCOMBEROMORUS COMMERSON, SCOMBEROIDES LYSAN, SCOBEROIDES LYSAN","LAMATSA,LAMATRA,LAMANTRA,LAMANTRA"
"4905","FAMPOZA","Fia Ampoza","","AMPOZA,AMPOZO","NASO ANNULATUS, NASO VLAMINGII, NASO BREVIROSTRIS, ACANTHURUS GUTTATUS, NASO HEXACANTHUS, NASO FAGENI, NASO TUBEROSUS, NASO BRANCHYCENTRON, NASO FAGANI, ACANTURUS GUTTATUS","AMPOZA,AMPOZO"
"4906","FTSOY","Fia Tsoy","Mulloides auriflamma","TSOY","MULLOIDICHTHYS FLAVOLINEATUS, MULLOIDICHTHYS VANICAULEUSIS","TSOY"
"4907","H","Horita","Octopus","","","Horita"
"4908","FSAVESAVE","Savisavy","Fish","","","Savisavy"
"4909","FTSIFA","Fiantsifa","Naso unicornis","","","Fiantsifa"
"4910","FBONDRO","Fia Bondro","","","","Fia Bondro"
"4911","H","Horita","Octopus","","","Horita"
"4912","H","Horita","Octopus","","","Horita"
"4913","",NA,NA,NA,NA,NA
"4914","FVORAMASAKE","Voramasake","","VORAMASAKE,VORAMASAEKE","SIGANUS SUTOR, SIGANUS STELLATUS, SIGANUS SUTOR<A0>, SIGANUS NETOR","VORAMASAKE,VORAMASAEKE"
"4915","FANTSISY","Fia Antisy","No idea but these seem to go together","","","Fia Antisy"
"4916","H","Horita","Octopus","","","Horita"
"4917","H","Horita","Octopus","","","Horita"
"4918","DRAKAKE","Drakake","Crab","","","Drakake"
"4919","H","Horita","Octopus","","","Horita"
"4920","BOZIKE","Bozike","Chicoreus ramosus","","","Bozike"
"4921","LAMERA","Lamera","eel","LAMAIRA,LAMAIRAKINA,LAMAIRA FESOTSE AMBATO,LAMAIRA KINA,LAMAIRANKENA","GYMNOTHORAX JAVANICUS, GYMNOMURAENA ZEBRA, ECHIDNA NEBULOSA, GYMNOTORAX JAVANICUS","LAMAIRA,LAMAIRAKINA,LAMAIRA FESOTSE AMBATO,LAMAIRA KINA,LAMAIRANKENA"
"4922","FKAPOAKE","","","","",""
"4923","FBONDRO","Fia Bondro","","","","Fia Bondro"
"4924","H","Horita","Octopus","","","Horita"
"4925","FAMPORAMA","Fia Amporama","One-spot snapper/Lutjanus fulviflamma or Lutjanus monostigma","AMPORAMA","LUTJANUS MONOSTIGMA, LUTJANUS FULVIFLAMMA, LUTJANUS EHRENBERGII, LUTJANUSFULVIFLAMMA, LUTJANUS FULVUS, LUTJANUS MONASTIGMA, LUTJANUS FULVUFFLAMMA","AMPORAMA"
"4926","H","Horita","Octopus","","","Horita"
"4927","H","Horita","Octopus","","","Horita"
"4928","FANGELIKE","Fia Angelike","Sky emperor","ANGELEKE,ANGELIKE","LETHRINUS MAHSENA, LETHRINUS LENTJAN, LETHEINUS MAHSENA, LETHEINUS LENTJAN, LETHRINUS MASHENA","ANGELEKE,ANGELIKE"
"4929","H","Horita","Octopus","","","Horita"
"4930","H","Horita","Octopus","","","Horita"
"4931","H","Horita","Octopus","","","Horita"
"4932","FBONDRO","Fia Bondro","","","","Fia Bondro"
"4933","LAMERA","Lamera","eel","LAMAIRA,LAMAIRAKINA,LAMAIRA FESOTSE AMBATO,LAMAIRA KINA,LAMAIRANKENA","GYMNOTHORAX JAVANICUS, GYMNOMURAENA ZEBRA, ECHIDNA NEBULOSA, GYMNOTORAX JAVANICUS","LAMAIRA,LAMAIRAKINA,LAMAIRA FESOTSE AMBATO,LAMAIRA KINA,LAMAIRANKENA"
"4934","FSAVESAVE","Savisavy","Fish","","","Savisavy"
"4935","H","Horita","Octopus","","","Horita"
"4936","FANGERERA","Fia Angerera","Blackspotted rubberlip or Painted sweetlips/ Plectorhinchus gaterinus or diagramma pictum","","","Fia Angerera"
"4937","FAANGY","","Fish","ANGY","SIGNANUS CARALLINUS, CTENOCHAETUS TRUNCATUS, ACANTHURUS THOMPSONI, ACANTHURUS LEUCOSTERNON, CTENOCHAETUS BINOTATUS, ACANTHURUS NIGROFUSCUS, ACANTHURUS MATA, ACANTHURUS XANTHOPTERUS, ACANTHURUS NIGRICAUDA, ACANTHURUS TENNENTI, SIGANUS CORALLINUS, CTENOSCHRETUS STUATUS","ANGY"
"4938","H NAKORA","Horita nakora","Octopus aegina","","","Horita nakora"
"4939","H NAKORA","Horita nakora","Octopus aegina","","","Horita nakora"
"4940","H","Horita","Octopus","","","Horita"
"4941","H","Horita","Octopus","","","Horita"
"4942","FTSIFA","Fiantsifa","Naso unicornis","","","Fiantsifa"
"4943","H","Horita","Octopus","","","Horita"
"4944","H","Horita","Octopus","","","Horita"
"4945","A","Angisy","Squid","","","Angisy"
"4946","FVORAMASAKE","Voramasake","","VORAMASAKE,VORAMASAEKE","SIGANUS SUTOR, SIGANUS STELLATUS, SIGANUS SUTOR<A0>, SIGANUS NETOR","VORAMASAKE,VORAMASAEKE"
"4947","H","Horita","Octopus","","","Horita"
"4948","FTOHO","Fia Toho","Duckbill sleeper or freshwater goby or speckled goby/ Butis butis or awaous aeneofuscus or redigobius bikolanus","","","Fia Toho"
"4949","H","Horita","Octopus","","","Horita"
"4950","H","Horita","Octopus","","","Horita"
"4951","H","Horita","Octopus","","","Horita"
"4952","H NAKORA","Horita nakora","Octopus aegina","","","Horita nakora"
"4953","FJOGINY","Fia Joginy","","LOGY","SELAR CRUMENOPHTHALMUS, RASTRELLIGER KANAGURTA","LOGY"
"4954","BOZIKE","Bozike","Chicoreus ramosus","","","Bozike"
"4955","FMENA","Fia Mena","Squirrelfish, Holocentrinae","","","Fia Mena"
"4956","FMAINTE","Fia Mainte?","","","","Fia Mainte?"
"4957","H NAKORA","Horita nakora","Octopus aegina","","","Horita nakora"
"4958","BOZIKE","Bozike","Chicoreus ramosus","","","Bozike"
"4959","FVORAMASAKE","Voramasake","","VORAMASAKE,VORAMASAEKE","SIGANUS SUTOR, SIGANUS STELLATUS, SIGANUS SUTOR<A0>, SIGANUS NETOR","VORAMASAKE,VORAMASAEKE"
"4960","H","Horita","Octopus","","","Horita"
"4961","H","Horita","Octopus","","","Horita"
"4962","H","Horita","Octopus","","","Horita"
"4963","H","Horita","Octopus","","","Horita"
"4964","LAMERA","Lamera","eel","LAMAIRA,LAMAIRAKINA,LAMAIRA FESOTSE AMBATO,LAMAIRA KINA,LAMAIRANKENA","GYMNOTHORAX JAVANICUS, GYMNOMURAENA ZEBRA, ECHIDNA NEBULOSA, GYMNOTORAX JAVANICUS","LAMAIRA,LAMAIRAKINA,LAMAIRA FESOTSE AMBATO,LAMAIRA KINA,LAMAIRANKENA"
"4965","DRAKAKE","Drakake","Crab","","","Drakake"
"4966","BOZIKE","Bozike","Chicoreus ramosus","","","Bozike"
"4967","H","Horita","Octopus","","","Horita"
"4968","FTSOY","Fia Tsoy","Mulloides auriflamma","TSOY","MULLOIDICHTHYS FLAVOLINEATUS, MULLOIDICHTHYS VANICAULEUSIS","TSOY"
"4969","BOZIKE","Bozike","Chicoreus ramosus","","","Bozike"
"4970","H","Horita","Octopus","","","Horita"
"4971","H","Horita","Octopus","","","Horita"
"4972","H","Horita","Octopus","","","Horita"
"4973","H","Horita","Octopus","","","Horita"
"4974","FTSOY ANTSISY","Fia Tsoy","Mulloides auriflamma","TSOY","MULLOIDICHTHYS FLAVOLINEATUS, MULLOIDICHTHYS VANICAULEUSIS","TSOY"
"4975","FTSOY","Fia Tsoy","Mulloides auriflamma","TSOY","MULLOIDICHTHYS FLAVOLINEATUS, MULLOIDICHTHYS VANICAULEUSIS","TSOY"
"4976","L","Lamera","eel","LAMAIRA,LAMAIRAKINA,LAMAIRA FESOTSE AMBATO,LAMAIRA KINA,LAMAIRANKENA","GYMNOTHORAX JAVANICUS, GYMNOMURAENA ZEBRA, ECHIDNA NEBULOSA, GYMNOTORAX JAVANICUS","LAMAIRA,LAMAIRAKINA,LAMAIRA FESOTSE AMBATO,LAMAIRA KINA,LAMAIRANKENA"
"4977","FFOTIHOHY","Fay Foty","Smalltooth sand tiger or dusky shark/ Odontaspis ferox or Carcharhinus obscurus","","","Fay Foty"
"4978","FLAVANIFY","","","LAVANIFY","LETHRINUS OLIVACEUS","LAVANIFY"
"4979","H","Horita","Octopus","","","Horita"
"4980","FBONDRO","Fia Bondro","","","","Fia Bondro"
"4981","H","Horita","Octopus","","","Horita"
"4982","H NAKORA","Horita nakora","Octopus aegina","","","Horita nakora"
"4983","FTSOY","Fia Tsoy","Mulloides auriflamma","TSOY","MULLOIDICHTHYS FLAVOLINEATUS, MULLOIDICHTHYS VANICAULEUSIS","TSOY"
"4984","H","Horita","Octopus","","","Horita"
"4985","FVAREVIKE"," Varevike","","",""," Varevike"
"4986","A","Angisy","Squid","","","Angisy"
"4987","H","Horita","Octopus","","","Horita"
"4988","H NAKORA","Horita nakora","Octopus aegina","","","Horita nakora"
"4989","FTSORABY","","","","",""
"4990","FBONDRO","Fia Bondro","","","","Fia Bondro"
"4991","H","Horita","Octopus","","","Horita"
"4992","H","Horita","Octopus","","","Horita"
"4993","FLAVANIFY","","","LAVANIFY","LETHRINUS OLIVACEUS","LAVANIFY"
"4994","FVORAMASAKE","Voramasake","","VORAMASAKE,VORAMASAEKE","SIGANUS SUTOR, SIGANUS STELLATUS, SIGANUS SUTOR<A0>, SIGANUS NETOR","VORAMASAKE,VORAMASAEKE"
"4995","LAMERA","Lamera","eel","LAMAIRA,LAMAIRAKINA,LAMAIRA FESOTSE AMBATO,LAMAIRA KINA,LAMAIRANKENA","GYMNOTHORAX JAVANICUS, GYMNOMURAENA ZEBRA, ECHIDNA NEBULOSA, GYMNOTORAX JAVANICUS","LAMAIRA,LAMAIRAKINA,LAMAIRA FESOTSE AMBATO,LAMAIRA KINA,LAMAIRANKENA"
"4996","FTSOY","Fia Tsoy","Mulloides auriflamma","TSOY","MULLOIDICHTHYS FLAVOLINEATUS, MULLOIDICHTHYS VANICAULEUSIS","TSOY"
"4997","FFITSE","Fia Fitse","Caesia caerulaureus","","","Fia Fitse"
"4998","FVAREVIKE"," Varevike","","",""," Varevike"
"4999","H","Horita","Octopus","","","Horita"
"5000","FMENA","Fia Mena","Squirrelfish, Holocentrinae","","","Fia Mena"
"5001","H","Horita","Octopus","","","Horita"
"5002","H","Horita","Octopus","","","Horita"
"5003","H","Horita","Octopus","","","Horita"
"5004","H","Horita","Octopus","","","Horita"
"5005","H","Horita","Octopus","","","Horita"
"5006","FTOHO","Fia Toho","Duckbill sleeper or freshwater goby or speckled goby/ Butis butis or awaous aeneofuscus or redigobius bikolanus","","","Fia Toho"
"5007","H","Horita","Octopus","","","Horita"
"5008","FSORONALE","Soronale","Fish","SORONALE","LUTJANUS FULVIFLAMMA, LUTJANUS KASMIRA","SORONALE"
"5009","FMENASOFY","","","MENASOFY","LETHRINUS LENTJAN","MENASOFY"
"5010","FTSIFA","Fiantsifa","Naso unicornis","","","Fiantsifa"
"5011","",NA,NA,NA,NA,NA
"5012","FFITSE","Fia Fitse","Caesia caerulaureus","","","Fia Fitse"
"5013","FMOLONTO","Fia Molonto<a0>","","MOLONTO,MOLOTO","CALOTOMUS SPINIDENS","MOLONTO,MOLOTO"
"5014","FAMBARIAKE","Fia Ambariake","Strongspine silver biddy, gerres acinaces","AMBARIAKE,AMBARIAKE BEMASO","PEMPHERIS VANICOLENSIS, GERRES ACINACES, SCOLOPSIS GHANAM, AMPHIPRION AKALLOPISOS, BODIANUS ANTHIOIDES, GYMNOCRANIUS GRISEUS, GYMNOCRANIUS GRANDOCULIS, MONOTAXIS GRANDOCULIS, LETHRINUS HARAK, GNATHODENTEX AUROLINEATUS, GERE ACINACES, PEMPHERIS VANICILENSIS","AMBARIAKE,AMBARIAKE BEMASO"
"5015","H NAKORA","Horita nakora","Octopus aegina","","","Horita nakora"
"5016","H","Horita","Octopus","","","Horita"
"5017","H","Horita","Octopus","","","Horita"
"5018","FTOHO","Fia Toho","Duckbill sleeper or freshwater goby or speckled goby/ Butis butis or awaous aeneofuscus or redigobius bikolanus","","","Fia Toho"
"5019","H","Horita","Octopus","","","Horita"
"5020","H","Horita","Octopus","","","Horita"
"5021","LAMERA","Lamera","eel","LAMAIRA,LAMAIRAKINA,LAMAIRA FESOTSE AMBATO,LAMAIRA KINA,LAMAIRANKENA","GYMNOTHORAX JAVANICUS, GYMNOMURAENA ZEBRA, ECHIDNA NEBULOSA, GYMNOTORAX JAVANICUS","LAMAIRA,LAMAIRAKINA,LAMAIRA FESOTSE AMBATO,LAMAIRA KINA,LAMAIRANKENA"
"5022","H","Horita","Octopus","","","Horita"
"5023","H NAKORA","Horita nakora","Octopus aegina","","","Horita nakora"
"5024","H","Horita","Octopus","","","Horita"
"5025","FMENA","Fia Mena","Squirrelfish, Holocentrinae","","","Fia Mena"
"5026","H","Horita","Octopus","","","Horita"
"5027","FAMBORY","","","AMBORY,AMBORY FOTIHOHY,AMBORY KIOSA,AMBORY LAVATSIFA","NASO TUBEROSUS, NASO FAGENI, ACANTHURUS TENNENTI, NASO BRACHYCENTRON, NASO HEXACANTHUS, NASO BRANCHYCENTRON, NASO ANNULATUS, NASO VLAMINGII, NASO BREVIROSTRIS, NASO BRACHYCENTRONA","AMBORY,AMBORY FOTIHOHY,AMBORY KIOSA,AMBORY LAVATSIFA"
"5028","FTSIRIMPAOSA","Fia Tsiripoasa?","","","","Fia Tsiripoasa?"
"5029","H","Horita","Octopus","","","Horita"
"5030","H NAKORA","Horita nakora","Octopus aegina","","","Horita nakora"
"5031","FTABAKE","Fia Tabaky/ Fia Tsabeake","Ember parrotfish/ scarus rubroviolaceus","TABAKE","AROTHRON NIGROPUNCTATUS","TABAKE"
"5032","H","Horita","Octopus","","","Horita"
"5033","FMENASOFY","","","MENASOFY","LETHRINUS LENTJAN","MENASOFY"
"5034","H","Horita","Octopus","","","Horita"
"5035","LAMERA","Lamera","eel","LAMAIRA,LAMAIRAKINA,LAMAIRA FESOTSE AMBATO,LAMAIRA KINA,LAMAIRANKENA","GYMNOTHORAX JAVANICUS, GYMNOMURAENA ZEBRA, ECHIDNA NEBULOSA, GYMNOTORAX JAVANICUS","LAMAIRA,LAMAIRAKINA,LAMAIRA FESOTSE AMBATO,LAMAIRA KINA,LAMAIRANKENA"
"5036","H","Horita","Octopus","","","Horita"
"5037","H","Horita","Octopus","","","Horita"
"5038","H","Horita","Octopus","","","Horita"
"5039","FBONDRO","Fia Bondro","","","","Fia Bondro"
"5040","FAMPOZA","Fia Ampoza","","AMPOZA,AMPOZO","NASO ANNULATUS, NASO VLAMINGII, NASO BREVIROSTRIS, ACANTHURUS GUTTATUS, NASO HEXACANTHUS, NASO FAGENI, NASO TUBEROSUS, NASO BRANCHYCENTRON, NASO FAGANI, ACANTURUS GUTTATUS","AMPOZA,AMPOZO"
"5041","H","Horita","Octopus","","","Horita"
"5042","H","Horita","Octopus","","","Horita"
"5043","FVARIVIKE"," Varevike","","",""," Varevike"
"5044","FTSABEAKE","","","TSABEAKE","GNATHODENTEX AUROLINEATUS, LETHRINUS NEBULOSUS, LETHEINUS NEBULOSUS","TSABEAKE"
"5045","FTARATAKE","Fia Taratake","Blacktip or brownspotted grouper/ Epinephelus fasciatus or hexagonatus","","","Fia Taratake"
"5046","FTSORABY","","","","",""
"5047","FLEME","Fia Leme","Dusky Parrotfish/scarus niger","LEME,LEME","GRAMMISTES SEXLINEATUS, CHROMIS NIGRURA, AMPHIPRION LATIFASCIATUS, AMPHIPRION AKALLOPISOS, OXYCHEILINUS DIGRAMMA, GOMPHOSUS CAERULEUS, CORIS CUVIERI, CORIS CAUDIMACULA, THALASSOMA HARDWICKE, STETHOJULIS STRIGIVENTER, STETHOJULIS BANDANENSIS, HALICHOERES HORTULANUS, OXYCHEILINUS DIGRAMMUS, CORIS CAUDUNACULA, HALICHOCRES COSMETUS, MACROPHANYNGODON VIVINAE, PSEUDOCHEILINUS HEXATAENIA, ANAMPSES LINEATUS, ANAMPSES CAERULLEOPUNCTATUS, PSEUDOCHEILNUS EVANUDUS, LABRICHTHYS UNILNEATUS, ANAMPSES MELEAGRIDES, ANAMPSES MELANURIS, ANAMPSES GEOGRAPHICUS, LEBROIDES BICOLOR, EPIBILUS UNSUDIATOR, CROMPHOSUS CAERULEUS, PTERELEOTRIS EVIDES, HEMALEOTRIS MAGNIFICA","LEME,LEME"
"5048","FVARIVIKE"," Varevike","","",""," Varevike"
"5049","FTSABEAKE","","","TSABEAKE","GNATHODENTEX AUROLINEATUS, LETHRINUS NEBULOSUS, LETHEINUS NEBULOSUS","TSABEAKE"
"5050","FTSORABY","","","","",""
"5051","",NA,NA,NA,NA,NA
"5052","H","Horita","Octopus","","","Horita"
"5053","H NAKORA","Horita nakora","Octopus aegina","","","Horita nakora"
"5054","H NAKORA","Horita nakora","Octopus aegina","","","Horita nakora"
"5055","FBODOLOHA","Fia Bodoloha","Blue Barred parrotfish/ scarus ghobban","BODOLOHA","HIPPOSCARUS HARID, SCARUS PRASIOGNATHUS, SCARUS NIGER, CALOTOMUS SPINIDENS, SCARUS GHOBBAN, CALOTOMUS CAROLINUS, CHLORURUS STRONGYLOCEPHALUS, SCARUS TRICOLOR, SCARUS SCABER, SCARUS RUSSELLI, SCARUS RUBROVIOLACEUS, SCARUS PSITTACUS, SCARUS FRENATUS, CHLORURUS SORDIDUS, CHLORURUS ATRILUNULA, CETOSCARUS BICOLOR, THALASSOMA QUINQUEVITTATUM, SCARUS GHOBBAN<A0>, SCARUS CAUDOFASCIATUS, POMACENTRUS PAVO, PRISTOTIS OBTUSIROSTRIS","BODOLOHA"
"5056","FANTSISY","Fia Antisy","No idea but these seem to go together","","","Fia Antisy"
"5057","H","Horita","Octopus","","","Horita"
"5058","H NAKORA","Horita nakora","Octopus aegina","","","Horita nakora"
"5059","H","Horita","Octopus","","","Horita"
"5060","H","Horita","Octopus","","","Horita"
"5061","H NAKORA","Horita nakora","Octopus aegina","","","Horita nakora"
"5062","FTABAKE","Fia Tabaky/ Fia Tsabeake","Ember parrotfish/ scarus rubroviolaceus","TABAKE","AROTHRON NIGROPUNCTATUS","TABAKE"
"5063","H NAKORA","Horita nakora","Octopus aegina","","","Horita nakora"
"5064","H NAKORA","Horita nakora","Octopus aegina","","","Horita nakora"
"5065","H","Horita","Octopus","","","Horita"
"5066","BOZIKE","Bozike","Chicoreus ramosus","","","Bozike"
"5067","H","Horita","Octopus","","","Horita"
"5068","FBONDRO","Fia Bondro","","","","Fia Bondro"
"5069","LAMERA","Lamera","eel","LAMAIRA,LAMAIRAKINA,LAMAIRA FESOTSE AMBATO,LAMAIRA KINA,LAMAIRANKENA","GYMNOTHORAX JAVANICUS, GYMNOMURAENA ZEBRA, ECHIDNA NEBULOSA, GYMNOTORAX JAVANICUS","LAMAIRA,LAMAIRAKINA,LAMAIRA FESOTSE AMBATO,LAMAIRA KINA,LAMAIRANKENA"
"5070","",NA,NA,NA,NA,NA
"5071","",NA,NA,NA,NA,NA
"5072","FTSOY","Fia Tsoy","Mulloides auriflamma","TSOY","MULLOIDICHTHYS FLAVOLINEATUS, MULLOIDICHTHYS VANICAULEUSIS","TSOY"
"5073","FTSOY","Fia Tsoy","Mulloides auriflamma","TSOY","MULLOIDICHTHYS FLAVOLINEATUS, MULLOIDICHTHYS VANICAULEUSIS","TSOY"
"5074","FLEME","Fia Leme","Dusky Parrotfish/scarus niger","LEME,LEME","GRAMMISTES SEXLINEATUS, CHROMIS NIGRURA, AMPHIPRION LATIFASCIATUS, AMPHIPRION AKALLOPISOS, OXYCHEILINUS DIGRAMMA, GOMPHOSUS CAERULEUS, CORIS CUVIERI, CORIS CAUDIMACULA, THALASSOMA HARDWICKE, STETHOJULIS STRIGIVENTER, STETHOJULIS BANDANENSIS, HALICHOERES HORTULANUS, OXYCHEILINUS DIGRAMMUS, CORIS CAUDUNACULA, HALICHOCRES COSMETUS, MACROPHANYNGODON VIVINAE, PSEUDOCHEILINUS HEXATAENIA, ANAMPSES LINEATUS, ANAMPSES CAERULLEOPUNCTATUS, PSEUDOCHEILNUS EVANUDUS, LABRICHTHYS UNILNEATUS, ANAMPSES MELEAGRIDES, ANAMPSES MELANURIS, ANAMPSES GEOGRAPHICUS, LEBROIDES BICOLOR, EPIBILUS UNSUDIATOR, CROMPHOSUS CAERULEUS, PTERELEOTRIS EVIDES, HEMALEOTRIS MAGNIFICA","LEME,LEME"
"5075","H","Horita","Octopus","","","Horita"
"5076","FBONDRO","Fia Bondro","","","","Fia Bondro"
"5077","H","Horita","Octopus","","","Horita"
"5078","FVORAMASAKE","Voramasake","","VORAMASAKE,VORAMASAEKE","SIGANUS SUTOR, SIGANUS STELLATUS, SIGANUS SUTOR<A0>, SIGANUS NETOR","VORAMASAKE,VORAMASAEKE"
"5079","H","Horita","Octopus","","","Horita"
"5080","H","Horita","Octopus","","","Horita"
"5081","FMENA","Fia Mena","Squirrelfish, Holocentrinae","","","Fia Mena"
"5082","FBODOLOHA","Fia Bodoloha","Blue Barred parrotfish/ scarus ghobban","BODOLOHA","HIPPOSCARUS HARID, SCARUS PRASIOGNATHUS, SCARUS NIGER, CALOTOMUS SPINIDENS, SCARUS GHOBBAN, CALOTOMUS CAROLINUS, CHLORURUS STRONGYLOCEPHALUS, SCARUS TRICOLOR, SCARUS SCABER, SCARUS RUSSELLI, SCARUS RUBROVIOLACEUS, SCARUS PSITTACUS, SCARUS FRENATUS, CHLORURUS SORDIDUS, CHLORURUS ATRILUNULA, CETOSCARUS BICOLOR, THALASSOMA QUINQUEVITTATUM, SCARUS GHOBBAN<A0>, SCARUS CAUDOFASCIATUS, POMACENTRUS PAVO, PRISTOTIS OBTUSIROSTRIS","BODOLOHA"
"5083","FVALALA","Valalataitse","","","","Valalataitse"
"5084","FVALALA","Valalataitse","","","","Valalataitse"
"5085","FVAREVIKE"," Varevike","","",""," Varevike"
"5086","H NAKORA","Horita nakora","Octopus aegina","","","Horita nakora"
"5087","FSORONALE","Soronale","Fish","SORONALE","LUTJANUS FULVIFLAMMA, LUTJANUS KASMIRA","SORONALE"
"5088","H","Horita","Octopus","","","Horita"
"5089","BOZIKE","Bozike","Chicoreus ramosus","","","Bozike"
"5090","BOZIKE","Bozike","Chicoreus ramosus","","","Bozike"
"5091","FVOTSANDRA","Fia Votosandra?","No idea but these seem to go together","VOTSANDRA,VOTSANJA,VOTSANDRA SAMPA","PSEUDOBALISTES FUSCUS, BALISTOIDES VIRIDESCENS, ABALISTES STELLATUS, BALISTAPUS UNDULATUS, ODONUS NIGER, BALISTOIDES VIRIDESENS, PSEUDOBALISTES FURCUS, ODUNUS NIGER, SUFFLAMEN BURSA","VOTSANDRA,VOTSANJA,VOTSANDRA SAMPA"
"5092","FTABAKE","Fia Tabaky/ Fia Tsabeake","Ember parrotfish/ scarus rubroviolaceus","TABAKE","AROTHRON NIGROPUNCTATUS","TABAKE"
"5093","H","Horita","Octopus","","","Horita"
"5094","FSAVESAVE","Savisavy","Fish","","","Savisavy"
"5095","H","Horita","Octopus","","","Horita"
"5096","FVORAMASAKE","Voramasake","","VORAMASAKE,VORAMASAEKE","SIGANUS SUTOR, SIGANUS STELLATUS, SIGANUS SUTOR<A0>, SIGANUS NETOR","VORAMASAKE,VORAMASAEKE"
"5097","FAMPOZA","Fia Ampoza","","AMPOZA,AMPOZO","NASO ANNULATUS, NASO VLAMINGII, NASO BREVIROSTRIS, ACANTHURUS GUTTATUS, NASO HEXACANTHUS, NASO FAGENI, NASO TUBEROSUS, NASO BRANCHYCENTRON, NASO FAGANI, ACANTURUS GUTTATUS","AMPOZA,AMPOZO"
"5098","FVORAMASAKE","Voramasake","","VORAMASAKE,VORAMASAEKE","SIGANUS SUTOR, SIGANUS STELLATUS, SIGANUS SUTOR<A0>, SIGANUS NETOR","VORAMASAKE,VORAMASAEKE"
"5099","H","Horita","Octopus","","","Horita"
"5100","H","Horita","Octopus","","","Horita"
"5101","H","Horita","Octopus","","","Horita"
"5102","H","Horita","Octopus","","","Horita"
"5103","H","Horita","Octopus","","","Horita"
"5104","BOZIKE","Bozike","Chicoreus ramosus","","","Bozike"
"5105","H","Horita","Octopus","","","Horita"
"5106","H NAKORA","Horita nakora","Octopus aegina","","","Horita nakora"
"5107","FVAREVIKE"," Varevike","","",""," Varevike"
"5108","FAY RARA","Fay rara","","","","Fay rara"
"5109","FTOHO","Fia Toho","Duckbill sleeper or freshwater goby or speckled goby/ Butis butis or awaous aeneofuscus or redigobius bikolanus","","","Fia Toho"
"5110","BOZIKE","Bozike","Chicoreus ramosus","","","Bozike"
"5111","H","Horita","Octopus","","","Horita"
"5112","H NAKORA","Horita nakora","Octopus aegina","","","Horita nakora"
"5113","FVALALA","Valalataitse","","","","Valalataitse"
"5114","H","Horita","Octopus","","","Horita"
"5115","FTSABEAKE","","","TSABEAKE","GNATHODENTEX AUROLINEATUS, LETHRINUS NEBULOSUS, LETHEINUS NEBULOSUS","TSABEAKE"
"5116","H","Horita","Octopus","","","Horita"
"5117","FTSOY","Fia Tsoy","Mulloides auriflamma","TSOY","MULLOIDICHTHYS FLAVOLINEATUS, MULLOIDICHTHYS VANICAULEUSIS","TSOY"
"5118","BOZIKE JOKA","Bozike","Chicoreus ramosus","","","Bozike"
"5119","H","Horita","Octopus","","","Horita"
"5120","H","Horita","Octopus","","","Horita"
"5121","H","Horita","Octopus","","","Horita"
"5122","H","Horita","Octopus","","","Horita"
"5123","FBONDRO","Fia Bondro","","","","Fia Bondro"
"5124","H","Horita","Octopus","","","Horita"
"5125","H","Horita","Octopus","","","Horita"
"5126","H","Horita","Octopus","","","Horita"
"5127","H","Horita","Octopus","","","Horita"
"5128","FTSIAMEARENE","Fia Tsamearene?","","","","Fia Tsamearene?"
"5129","H","Horita","Octopus","","","Horita"
"5130","FTSIFA","Fiantsifa","Naso unicornis","","","Fiantsifa"
"5131","H","Horita","Octopus","","","Horita"
"5132","BOZIKE","Bozike","Chicoreus ramosus","","","Bozike"
"5133","H","Horita","Octopus","","","Horita"
"5134","FSORONALE","Soronale","Fish","SORONALE","LUTJANUS FULVIFLAMMA, LUTJANUS KASMIRA","SORONALE"
"5135","H","Horita","Octopus","","","Horita"
"5136","FTSIRIMPAOSA","Fia Tsiripoasa?","","","","Fia Tsiripoasa?"
"5137","H","Horita","Octopus","","","Horita"
"5138","FSAVESAVE","Savisavy","Fish","","","Savisavy"
"5139","H","Horita","Octopus","","","Horita"
"5140","H","Horita","Octopus","","","Horita"
"5141","H","Horita","Octopus","","","Horita"
"5142","FTSOY","Fia Tsoy","Mulloides auriflamma","TSOY","MULLOIDICHTHYS FLAVOLINEATUS, MULLOIDICHTHYS VANICAULEUSIS","TSOY"
"5143","FLAMATSA","Lamatra","Kanadi Kingfish/ scombermorus plurilineatus","LAMATSA,LAMATRA,LAMANTRA,LAMANTRA","SCOMBEROMORUS COMMERSON, SCOMBEROIDES LYSAN, SCOBEROIDES LYSAN","LAMATSA,LAMATRA,LAMANTRA,LAMANTRA"
"5144","H","Horita","Octopus","","","Horita"
"5145","H","Horita","Octopus","","","Horita"
"5146","H","Horita","Octopus","","","Horita"
"5147","H","Horita","Octopus","","","Horita"
"5148","BOZIKE","Bozike","Chicoreus ramosus","","","Bozike"
"5149","FANGERERA","Fia Angerera","Blackspotted rubberlip or Painted sweetlips/ Plectorhinchus gaterinus or diagramma pictum","","","Fia Angerera"
"5150","FTSIFA","Fiantsifa","Naso unicornis","","","Fiantsifa"
"5151","FBODOLOHA","Fia Bodoloha","Blue Barred parrotfish/ scarus ghobban","BODOLOHA","HIPPOSCARUS HARID, SCARUS PRASIOGNATHUS, SCARUS NIGER, CALOTOMUS SPINIDENS, SCARUS GHOBBAN, CALOTOMUS CAROLINUS, CHLORURUS STRONGYLOCEPHALUS, SCARUS TRICOLOR, SCARUS SCABER, SCARUS RUSSELLI, SCARUS RUBROVIOLACEUS, SCARUS PSITTACUS, SCARUS FRENATUS, CHLORURUS SORDIDUS, CHLORURUS ATRILUNULA, CETOSCARUS BICOLOR, THALASSOMA QUINQUEVITTATUM, SCARUS GHOBBAN<A0>, SCARUS CAUDOFASCIATUS, POMACENTRUS PAVO, PRISTOTIS OBTUSIROSTRIS","BODOLOHA"
"5152","FTSOY","Fia Tsoy","Mulloides auriflamma","TSOY","MULLOIDICHTHYS FLAVOLINEATUS, MULLOIDICHTHYS VANICAULEUSIS","TSOY"
"5153","H","Horita","Octopus","","","Horita"
"5154","H","Horita","Octopus","","","Horita"
"5155","H NAKORA","Horita nakora","Octopus aegina","","","Horita nakora"
"5156","H","Horita","Octopus","","","Horita"
"5157","H","Horita","Octopus","","","Horita"
"5158","FVAREVIKE"," Varevike","","",""," Varevike"
"5159","H NAKORA","Horita nakora","Octopus aegina","","","Horita nakora"
"5160","FRARA","Fay rara","","","","Fay rara"
"5161","H","Horita","Octopus","","","Horita"
"5162","FBONDRO","Fia Bondro","","","","Fia Bondro"
"5163","H","Horita","Octopus","","","Horita"
"5164","FTSOY","Fia Tsoy","Mulloides auriflamma","TSOY","MULLOIDICHTHYS FLAVOLINEATUS, MULLOIDICHTHYS VANICAULEUSIS","TSOY"
"5165","H","Horita","Octopus","","","Horita"
"5166","H","Horita","Octopus","","","Horita"
"5167","H","Horita","Octopus","","","Horita"
"5168","FTOHO","Fia Toho","Duckbill sleeper or freshwater goby or speckled goby/ Butis butis or awaous aeneofuscus or redigobius bikolanus","","","Fia Toho"
"5169","H","Horita","Octopus","","","Horita"
"5170","H","Horita","Octopus","","","Horita"
"5171","FLOVOHARA","Fia Lovo","Bluespotted or coral grouper / cephalopholis argus or cephalopholis miniata","LOVO","EPINEPHELUS FUSCOGUTTATUS, CEPHALOPHOLIS SEXMACULATA, CEPHALOPHOLIS MINIATA, ANYPERADON LEUCOGRAMMICUS, EPINEPHELUS CAERULEOPUNCTATUS, EPINEPHELUS FASCIATUS, PLECTROPOMUS PUNCTATUS, CEPHALOPHOLIS URODETA, CEPHALOPHOLIS SONNERATI, PLECTROPOMUS LAEVIS, EPINEPHELUS MULTINOTATUS, PLECTORHINCHUS ALBOVITTATUS, ANYPERODON LEUCOGRAMMICUS, CEPHALOPHOLIS SONNERATI<A0>, PLECTOPOMUS PUNCTATUS, PLECTOPOMUS LAEVIS, PLECTORHINCHUS ALBOVITATUS","LOVO"
"5172","H","Horita","Octopus","","","Horita"
"5173","FAY RARA","Fay rara","","","","Fay rara"
"5174","H","Horita","Octopus","","","Horita"
"5175","H","Horita","Octopus","","","Horita"
"5176","H NAKORA","Horita nakora","Octopus aegina","","","Horita nakora"
"5177","H","Horita","Octopus","","","Horita"
"5178","LAMERA","Lamera","eel","LAMAIRA,LAMAIRAKINA,LAMAIRA FESOTSE AMBATO,LAMAIRA KINA,LAMAIRANKENA","GYMNOTHORAX JAVANICUS, GYMNOMURAENA ZEBRA, ECHIDNA NEBULOSA, GYMNOTORAX JAVANICUS","LAMAIRA,LAMAIRAKINA,LAMAIRA FESOTSE AMBATO,LAMAIRA KINA,LAMAIRANKENA"
"5179","H NAKORA","Horita nakora","Octopus aegina","","","Horita nakora"
"5180","H","Horita","Octopus","","","Horita"
"5181","H","Horita","Octopus","","","Horita"
"5182","FBEMASO","Fia bemaso 
","","","","Fia bemaso 
"
"5183","H","Horita","Octopus","","","Horita"
"5184","FVAREVIKE"," Varevike","","",""," Varevike"
"5185","FVARIVIKE"," Varevike","","",""," Varevike"
"5186","FVORAMASAKE","Voramasake","","VORAMASAKE,VORAMASAEKE","SIGANUS SUTOR, SIGANUS STELLATUS, SIGANUS SUTOR<A0>, SIGANUS NETOR","VORAMASAKE,VORAMASAEKE"
"5187","H","Horita","Octopus","","","Horita"
"5188","H NAKORA","Horita nakora","Octopus aegina","","","Horita nakora"
"5189","H","Horita","Octopus","","","Horita"
"5190","FTSOY","Fia Tsoy","Mulloides auriflamma","TSOY","MULLOIDICHTHYS FLAVOLINEATUS, MULLOIDICHTHYS VANICAULEUSIS","TSOY"
"5191","FTSORABY","","","","",""
"5192","H","Horita","Octopus","","","Horita"
"5193","H NAKORA","Horita nakora","Octopus aegina","","","Horita nakora"
"5194","BOZIKE","Bozike","Chicoreus ramosus","","","Bozike"
"5195","FDABANDRIAKE","Fia Dabandriake","Convict Surgeon, acanthurus triostegus","","","Fia Dabandriake"
"5196","LAMERA","Lamera","eel","LAMAIRA,LAMAIRAKINA,LAMAIRA FESOTSE AMBATO,LAMAIRA KINA,LAMAIRANKENA","GYMNOTHORAX JAVANICUS, GYMNOMURAENA ZEBRA, ECHIDNA NEBULOSA, GYMNOTORAX JAVANICUS","LAMAIRA,LAMAIRAKINA,LAMAIRA FESOTSE AMBATO,LAMAIRA KINA,LAMAIRANKENA"
"5197","FANTSISY","Fia Antisy","No idea but these seem to go together","","","Fia Antisy"
"5198","FVOTSANDRA","Fia Votosandra?","No idea but these seem to go together","VOTSANDRA,VOTSANJA,VOTSANDRA SAMPA","PSEUDOBALISTES FUSCUS, BALISTOIDES VIRIDESCENS, ABALISTES STELLATUS, BALISTAPUS UNDULATUS, ODONUS NIGER, BALISTOIDES VIRIDESENS, PSEUDOBALISTES FURCUS, ODUNUS NIGER, SUFFLAMEN BURSA","VOTSANDRA,VOTSANJA,VOTSANDRA SAMPA"
"5199","FTSIRIMPAOSA","Fia Tsiripoasa?","","","","Fia Tsiripoasa?"
"5200","",NA,NA,NA,NA,NA
"5201","H","Horita","Octopus","","","Horita"
"5202","H","Horita","Octopus","","","Horita"
"5203","H","Horita","Octopus","","","Horita"
"5204","H","Horita","Octopus","","","Horita"
"5205","H","Horita","Octopus","","","Horita"
"5206","FANTSISY","Fia Antisy","No idea but these seem to go together","","","Fia Antisy"
"5207","BOZIKE","Bozike","Chicoreus ramosus","","","Bozike"
"5208","H","Horita","Octopus","","","Horita"
"5209","H","Horita","Octopus","","","Horita"
"5210","H","Horita","Octopus","","","Horita"
"5211","FTSOBARIAKE","","","","",""
"5212","H","Horita","Octopus","","","Horita"
"5213","H NAKORA","Horita nakora","Octopus aegina","","","Horita nakora"
"5214","FBODOLOHA","Fia Bodoloha","Blue Barred parrotfish/ scarus ghobban","BODOLOHA","HIPPOSCARUS HARID, SCARUS PRASIOGNATHUS, SCARUS NIGER, CALOTOMUS SPINIDENS, SCARUS GHOBBAN, CALOTOMUS CAROLINUS, CHLORURUS STRONGYLOCEPHALUS, SCARUS TRICOLOR, SCARUS SCABER, SCARUS RUSSELLI, SCARUS RUBROVIOLACEUS, SCARUS PSITTACUS, SCARUS FRENATUS, CHLORURUS SORDIDUS, CHLORURUS ATRILUNULA, CETOSCARUS BICOLOR, THALASSOMA QUINQUEVITTATUM, SCARUS GHOBBAN<A0>, SCARUS CAUDOFASCIATUS, POMACENTRUS PAVO, PRISTOTIS OBTUSIROSTRIS","BODOLOHA"
"5215","FAMPOZA","Fia Ampoza","","AMPOZA,AMPOZO","NASO ANNULATUS, NASO VLAMINGII, NASO BREVIROSTRIS, ACANTHURUS GUTTATUS, NASO HEXACANTHUS, NASO FAGENI, NASO TUBEROSUS, NASO BRANCHYCENTRON, NASO FAGANI, ACANTURUS GUTTATUS","AMPOZA,AMPOZO"
"5216","H","Horita","Octopus","","","Horita"
"5217","H","Horita","Octopus","","","Horita"
"5218","H","Horita","Octopus","","","Horita"
"5219","FVORAMASAKE","Voramasake","","VORAMASAKE,VORAMASAEKE","SIGANUS SUTOR, SIGANUS STELLATUS, SIGANUS SUTOR<A0>, SIGANUS NETOR","VORAMASAKE,VORAMASAEKE"
"5220","H","Horita","Octopus","","","Horita"
"5221","H","Horita","Octopus","","","Horita"
"5222","FVORAMASAKE","Voramasake","","VORAMASAKE,VORAMASAEKE","SIGANUS SUTOR, SIGANUS STELLATUS, SIGANUS SUTOR<A0>, SIGANUS NETOR","VORAMASAKE,VORAMASAEKE"
"5223","H","Horita","Octopus","","","Horita"
"5224","FVORAMASAKE","Voramasake","","VORAMASAKE,VORAMASAEKE","SIGANUS SUTOR, SIGANUS STELLATUS, SIGANUS SUTOR<A0>, SIGANUS NETOR","VORAMASAKE,VORAMASAEKE"
"5225","FVAREVIKE"," Varevike","","",""," Varevike"
"5226","FVORAMASAKE","Voramasake","","VORAMASAKE,VORAMASAEKE","SIGANUS SUTOR, SIGANUS STELLATUS, SIGANUS SUTOR<A0>, SIGANUS NETOR","VORAMASAKE,VORAMASAEKE"
"5227","H","Horita","Octopus","","","Horita"
"5228","FTSOKAHITSE","","Fish","","","Fish"
"5229","FTSIFA","Fiantsifa","Naso unicornis","","","Fiantsifa"
"5230","FANGERERA","Fia Angerera","Blackspotted rubberlip or Painted sweetlips/ Plectorhinchus gaterinus or diagramma pictum","","","Fia Angerera"
"5231","FTSIFA","Fiantsifa","Naso unicornis","","","Fiantsifa"
"5232","FTSIFA","Fiantsifa","Naso unicornis","","","Fiantsifa"
"5233","FTSOY","Fia Tsoy","Mulloides auriflamma","TSOY","MULLOIDICHTHYS FLAVOLINEATUS, MULLOIDICHTHYS VANICAULEUSIS","TSOY"
"5234","",NA,NA,NA,NA,NA
"5235","",NA,NA,NA,NA,NA
"5236","A","Angisy","Squid","","","Angisy"
"5237","H","Horita","Octopus","","","Horita"
"5238","H NAKORA","Horita nakora","Octopus aegina","","","Horita nakora"
"5239","H","Horita","Octopus","","","Horita"
"5240","FVORAMASAKE","Voramasake","","VORAMASAKE,VORAMASAEKE","SIGANUS SUTOR, SIGANUS STELLATUS, SIGANUS SUTOR<A0>, SIGANUS NETOR","VORAMASAKE,VORAMASAEKE"
"5241","FVALALA","Valalataitse","","","","Valalataitse"
"5242","HNAKORA","Horita nakora","Octopus aegina","","","Horita nakora"
"5243","DRAKAKE","Drakake","Crab","","","Drakake"
"5244","HNAKORA","Horita nakora","Octopus aegina","","","Horita nakora"
"5245","FMAINTE","Fia Mainte?","","","","Fia Mainte?"
"5246","FLAMATRA","Lamatra","Kanadi Kingfish/ scombermorus plurilineatus","LAMATSA,LAMATRA,LAMANTRA,LAMANTRA","SCOMBEROMORUS COMMERSON, SCOMBEROIDES LYSAN, SCOBEROIDES LYSAN","LAMATSA,LAMATRA,LAMANTRA,LAMANTRA"
"5247","H","Horita","Octopus","","","Horita"
"5248","H","Horita","Octopus","","","Horita"
"5249","H","Horita","Octopus","","","Horita"
"5250","FMAINTE","Fia Mainte?","","","","Fia Mainte?"
"5251","FTSAMEARENE","Fia Tsamearene?","","","","Fia Tsamearene?"
"5252","BOZIKE","Bozike","Chicoreus ramosus","","","Bozike"
"5253","FMANTAFAO","Fia Mantafao","","","","Fia Mantafao"
"5254","FTRIRIMPAOSA","Fia Tsiripoasa?","","","","Fia Tsiripoasa?"
"5255","DRAKAKE","Drakake","Crab","","","Drakake"
"5256","HNAKORA","Horita nakora","Octopus aegina","","","Horita nakora"
"5257","BOZIKE","Bozike","Chicoreus ramosus","","","Bozike"
"5258","H","Horita","Octopus","","","Horita"
"5259","H","Horita","Octopus","","","Horita"
"5260","H","Horita","Octopus","","","Horita"
"5261","FBODOLOHA","Fia Bodoloha","Blue Barred parrotfish/ scarus ghobban","BODOLOHA","HIPPOSCARUS HARID, SCARUS PRASIOGNATHUS, SCARUS NIGER, CALOTOMUS SPINIDENS, SCARUS GHOBBAN, CALOTOMUS CAROLINUS, CHLORURUS STRONGYLOCEPHALUS, SCARUS TRICOLOR, SCARUS SCABER, SCARUS RUSSELLI, SCARUS RUBROVIOLACEUS, SCARUS PSITTACUS, SCARUS FRENATUS, CHLORURUS SORDIDUS, CHLORURUS ATRILUNULA, CETOSCARUS BICOLOR, THALASSOMA QUINQUEVITTATUM, SCARUS GHOBBAN<A0>, SCARUS CAUDOFASCIATUS, POMACENTRUS PAVO, PRISTOTIS OBTUSIROSTRIS","BODOLOHA"
"5262","H","Horita","Octopus","","","Horita"
"5263","FBONDRO","Fia Bondro","","","","Fia Bondro"
"5264","FVORAMASAKE","Voramasake","","VORAMASAKE,VORAMASAEKE","SIGANUS SUTOR, SIGANUS STELLATUS, SIGANUS SUTOR<A0>, SIGANUS NETOR","VORAMASAKE,VORAMASAEKE"
"5265","H","Horita","Octopus","","","Horita"
"5266","H","Horita","Octopus","","","Horita"
"5267","FVORAMASAKE","Voramasake","","VORAMASAKE,VORAMASAEKE","SIGANUS SUTOR, SIGANUS STELLATUS, SIGANUS SUTOR<A0>, SIGANUS NETOR","VORAMASAKE,VORAMASAEKE"
"5268","BOZIKE","Bozike","Chicoreus ramosus","","","Bozike"
"5269","FANGERERA","Fia Angerera","Blackspotted rubberlip or Painted sweetlips/ Plectorhinchus gaterinus or diagramma pictum","","","Fia Angerera"
"5270","FVARIVIKE"," Varevike","","",""," Varevike"
"5271","FTALANTARA","","Fish","","","Fish"
"5272","HNAKORA","Horita nakora","Octopus aegina","","","Horita nakora"
"5273","FTSOYMALINIKE","Fia Tsoy","Mulloides auriflamma","TSOY","MULLOIDICHTHYS FLAVOLINEATUS, MULLOIDICHTHYS VANICAULEUSIS","TSOY"
"5274","H","Horita","Octopus","","","Horita"
"5275","FBEMASO","Fia bemaso 
","","","","Fia bemaso 
"
"5276","FSAVESAVE","Savisavy","Fish","","","Savisavy"
"5277","H","Horita","Octopus","","","Horita"
"5278","FVORAMASAKE","Voramasake","","VORAMASAKE,VORAMASAEKE","SIGANUS SUTOR, SIGANUS STELLATUS, SIGANUS SUTOR<A0>, SIGANUS NETOR","VORAMASAKE,VORAMASAEKE"
"5279","H","Horita","Octopus","","","Horita"
"5280","H","Horita","Octopus","","","Horita"
"5281","FALOALO","Fia Aloalo","Great Barracuda, Sphyaena bararcuda","","","Fia Aloalo"
"5282","A","Angisy","Squid","","","Angisy"
"5283","FVORAMASAKE","Voramasake","","VORAMASAKE,VORAMASAEKE","SIGANUS SUTOR, SIGANUS STELLATUS, SIGANUS SUTOR<A0>, SIGANUS NETOR","VORAMASAKE,VORAMASAEKE"
"5284","A","Angisy","Squid","","","Angisy"
"5285","FTSABEAKE","","","TSABEAKE","GNATHODENTEX AUROLINEATUS, LETHRINUS NEBULOSUS, LETHEINUS NEBULOSUS","TSABEAKE"
"5286","FTSORABY","","","","",""
"5287","FTSORABY","","","","",""
"5288","FBONDRO","Fia Bondro","","","","Fia Bondro"
"5289","HNAKORA","Horita nakora","Octopus aegina","","","Horita nakora"
"5290","H","Horita","Octopus","","","Horita"
"5291","H","Horita","Octopus","","","Horita"
"5292","FVAREVIKE"," Varevike","","",""," Varevike"
"5293","FANAKAMPOZA","Fia Ampoza","","AMPOZA,AMPOZO","NASO ANNULATUS, NASO VLAMINGII, NASO BREVIROSTRIS, ACANTHURUS GUTTATUS, NASO HEXACANTHUS, NASO FAGENI, NASO TUBEROSUS, NASO BRANCHYCENTRON, NASO FAGANI, ACANTURUS GUTTATUS","AMPOZA,AMPOZO"
"5294","FTSOKAHITSE","","Fish","","","Fish"
"5295","FTOHO","Fia Toho","Duckbill sleeper or freshwater goby or speckled goby/ Butis butis or awaous aeneofuscus or redigobius bikolanus","","","Fia Toho"
"5296","FVORAMASAKE","Voramasake","","VORAMASAKE,VORAMASAEKE","SIGANUS SUTOR, SIGANUS STELLATUS, SIGANUS SUTOR<A0>, SIGANUS NETOR","VORAMASAKE,VORAMASAEKE"
"5297","H","Horita","Octopus","","","Horita"
"5298","FRARA","Fay rara","","","","Fay rara"
"5299","BOZIKE JOKA","Bozike","Chicoreus ramosus","","","Bozike"
"5300","HNAKORA","Horita nakora","Octopus aegina","","","Horita nakora"
"5301","BOZIKE","Bozike","Chicoreus ramosus","","","Bozike"
"5302","H","Horita","Octopus","","","Horita"
"5303","FMENA BEMASO","Fia Mena","Squirrelfish, Holocentrinae","","","Fia Mena"
"5304","BOZIKE","Bozike","Chicoreus ramosus","","","Bozike"
"5305","FTSOKAHITSE","","Fish","","","Fish"
"5306","FTSABEAKE","","","TSABEAKE","GNATHODENTEX AUROLINEATUS, LETHRINUS NEBULOSUS, LETHEINUS NEBULOSUS","TSABEAKE"
"5307","FATERAKE","Fia Terake?","","","","Fia Terake?"
"5308","H","Horita","Octopus","","","Horita"
"5309","H","Horita","Octopus","","","Horita"
"5310","FMPIVONDRAKE","","Fish","","","Fish"
"5311","BOZIKE","Bozike","Chicoreus ramosus","","","Bozike"
"5312","HNAKORA","Horita nakora","Octopus aegina","","","Horita nakora"
"5313","BOZIKE","Bozike","Chicoreus ramosus","","","Bozike"
"5314","FVAREVIKE"," Varevike","","",""," Varevike"
"5315","FBONDRO","Fia Bondro","","","","Fia Bondro"
"5316","FVORAMASAKE","Voramasake","","VORAMASAKE,VORAMASAEKE","SIGANUS SUTOR, SIGANUS STELLATUS, SIGANUS SUTOR<A0>, SIGANUS NETOR","VORAMASAKE,VORAMASAEKE"
"5317","ZANGA DORILISY","Zanga Dorilisy","Pink/black sea cucumber or black teatfish/ holothuria edulis or notabilis","","","Zanga Dorilisy"
"5318","HNAKORA","Horita nakora","Octopus aegina","","","Horita nakora"
"5319","BOZIKE JOKA","Bozike","Chicoreus ramosus","","","Bozike"
"5320","H","Horita","Octopus","","","Horita"
"5321","HNAKORA","Horita nakora","Octopus aegina","","","Horita nakora"
"5322","FSORONALE","Soronale","Fish","SORONALE","LUTJANUS FULVIFLAMMA, LUTJANUS KASMIRA","SORONALE"
"5323","H","Horita","Octopus","","","Horita"
"5324","FLOVOHARA","Fia Lovo","Bluespotted or coral grouper / cephalopholis argus or cephalopholis miniata","LOVO","EPINEPHELUS FUSCOGUTTATUS, CEPHALOPHOLIS SEXMACULATA, CEPHALOPHOLIS MINIATA, ANYPERADON LEUCOGRAMMICUS, EPINEPHELUS CAERULEOPUNCTATUS, EPINEPHELUS FASCIATUS, PLECTROPOMUS PUNCTATUS, CEPHALOPHOLIS URODETA, CEPHALOPHOLIS SONNERATI, PLECTROPOMUS LAEVIS, EPINEPHELUS MULTINOTATUS, PLECTORHINCHUS ALBOVITTATUS, ANYPERODON LEUCOGRAMMICUS, CEPHALOPHOLIS SONNERATI<A0>, PLECTOPOMUS PUNCTATUS, PLECTOPOMUS LAEVIS, PLECTORHINCHUS ALBOVITATUS","LOVO"
"5325","FSAVESAVE","Savisavy","Fish","","","Savisavy"
"5326","FVORAMASAKE","Voramasake","","VORAMASAKE,VORAMASAEKE","SIGANUS SUTOR, SIGANUS STELLATUS, SIGANUS SUTOR<A0>, SIGANUS NETOR","VORAMASAKE,VORAMASAEKE"
"5327","FVORAMASAKE","Voramasake","","VORAMASAKE,VORAMASAEKE","SIGANUS SUTOR, SIGANUS STELLATUS, SIGANUS SUTOR<A0>, SIGANUS NETOR","VORAMASAKE,VORAMASAEKE"
"5328","H","Horita","Octopus","","","Horita"
"5329","FTOHO","Fia Toho","Duckbill sleeper or freshwater goby or speckled goby/ Butis butis or awaous aeneofuscus or redigobius bikolanus","","","Fia Toho"
"5330","H","Horita","Octopus","","","Horita"
"5331","FBODOLOHA","Fia Bodoloha","Blue Barred parrotfish/ scarus ghobban","BODOLOHA","HIPPOSCARUS HARID, SCARUS PRASIOGNATHUS, SCARUS NIGER, CALOTOMUS SPINIDENS, SCARUS GHOBBAN, CALOTOMUS CAROLINUS, CHLORURUS STRONGYLOCEPHALUS, SCARUS TRICOLOR, SCARUS SCABER, SCARUS RUSSELLI, SCARUS RUBROVIOLACEUS, SCARUS PSITTACUS, SCARUS FRENATUS, CHLORURUS SORDIDUS, CHLORURUS ATRILUNULA, CETOSCARUS BICOLOR, THALASSOMA QUINQUEVITTATUM, SCARUS GHOBBAN<A0>, SCARUS CAUDOFASCIATUS, POMACENTRUS PAVO, PRISTOTIS OBTUSIROSTRIS","BODOLOHA"
"5332","BOZIKE JOKA","Bozike","Chicoreus ramosus","","","Bozike"
"5333","FMANDRENDRE","Fia Mandredre","","","","Fia Mandredre"
"5334","HNAKORA","Horita nakora","Octopus aegina","","","Horita nakora"
"5335","H","Horita","Octopus","","","Horita"
"5336","H","Horita","Octopus","","","Horita"
"5337","FMENA BEMASO","Fia Mena","Squirrelfish, Holocentrinae","","","Fia Mena"
"5338","H","Horita","Octopus","","","Horita"
"5339","FTSIFA","Fiantsifa","Naso unicornis","","","Fiantsifa"
"5340","FBODOLOHA","Fia Bodoloha","Blue Barred parrotfish/ scarus ghobban","BODOLOHA","HIPPOSCARUS HARID, SCARUS PRASIOGNATHUS, SCARUS NIGER, CALOTOMUS SPINIDENS, SCARUS GHOBBAN, CALOTOMUS CAROLINUS, CHLORURUS STRONGYLOCEPHALUS, SCARUS TRICOLOR, SCARUS SCABER, SCARUS RUSSELLI, SCARUS RUBROVIOLACEUS, SCARUS PSITTACUS, SCARUS FRENATUS, CHLORURUS SORDIDUS, CHLORURUS ATRILUNULA, CETOSCARUS BICOLOR, THALASSOMA QUINQUEVITTATUM, SCARUS GHOBBAN<A0>, SCARUS CAUDOFASCIATUS, POMACENTRUS PAVO, PRISTOTIS OBTUSIROSTRIS","BODOLOHA"
"5341","HNAKORA","Horita nakora","Octopus aegina","","","Horita nakora"
"5342","HNAKORA","Horita nakora","Octopus aegina","","","Horita nakora"
"5343","H","Horita","Octopus","","","Horita"
"5344","LAMERA","Lamera","eel","LAMAIRA,LAMAIRAKINA,LAMAIRA FESOTSE AMBATO,LAMAIRA KINA,LAMAIRANKENA","GYMNOTHORAX JAVANICUS, GYMNOMURAENA ZEBRA, ECHIDNA NEBULOSA, GYMNOTORAX JAVANICUS","LAMAIRA,LAMAIRAKINA,LAMAIRA FESOTSE AMBATO,LAMAIRA KINA,LAMAIRANKENA"
"5345","H","Horita","Octopus","","","Horita"
"5346","H","Horita","Octopus","","","Horita"
"5347","H","Horita","Octopus","","","Horita"
"5348","FTSIRIMPAOSA","Fia Tsiripoasa?","","","","Fia Tsiripoasa?"
"5349","H","Horita","Octopus","","","Horita"
"5350","H","Horita","Octopus","","","Horita"
"5351","H","Horita","Octopus","","","Horita"
"5352","FRARA","Fay rara","","","","Fay rara"
"5353","FVORAMASAKE","Voramasake","","VORAMASAKE,VORAMASAEKE","SIGANUS SUTOR, SIGANUS STELLATUS, SIGANUS SUTOR<A0>, SIGANUS NETOR","VORAMASAKE,VORAMASAEKE"
"5354","FVARIVIKE"," Varevike","","",""," Varevike"
"5355","FVARIVIKE"," Varevike","","",""," Varevike"
"5356","FVORAMASAKE","Voramasake","","VORAMASAKE,VORAMASAEKE","SIGANUS SUTOR, SIGANUS STELLATUS, SIGANUS SUTOR<A0>, SIGANUS NETOR","VORAMASAKE,VORAMASAEKE"
"5357","FALOALO","Fia Aloalo","Great Barracuda, Sphyaena bararcuda","","","Fia Aloalo"
"5358","FTSIRIMPAOSA","Fia Tsiripoasa?","","","","Fia Tsiripoasa?"
"5359","H","Horita","Octopus","","","Horita"
"5360","FBONDRO","Fia Bondro","","","","Fia Bondro"
"5361","H","Horita","Octopus","","","Horita"
"5362","H","Horita","Octopus","","","Horita"
"5363","H","Horita","Octopus","","","Horita"
"5364","H","Horita","Octopus","","","Horita"
"5365","FVORAMASAKE","Voramasake","","VORAMASAKE,VORAMASAEKE","SIGANUS SUTOR, SIGANUS STELLATUS, SIGANUS SUTOR<A0>, SIGANUS NETOR","VORAMASAKE,VORAMASAEKE"
"5366","H","Horita","Octopus","","","Horita"
"5367","FTSAMEARENE","Fia Tsamearene?","","","","Fia Tsamearene?"
"5368","FTSIFA","Fiantsifa","Naso unicornis","","","Fiantsifa"
"5369","L","Lamera","eel","LAMAIRA,LAMAIRAKINA,LAMAIRA FESOTSE AMBATO,LAMAIRA KINA,LAMAIRANKENA","GYMNOTHORAX JAVANICUS, GYMNOMURAENA ZEBRA, ECHIDNA NEBULOSA, GYMNOTORAX JAVANICUS","LAMAIRA,LAMAIRAKINA,LAMAIRA FESOTSE AMBATO,LAMAIRA KINA,LAMAIRANKENA"
"5370","FTSIRIMPAOSA","Fia Tsiripoasa?","","","","Fia Tsiripoasa?"
"5371","FVORAMASAKE","Voramasake","","VORAMASAKE,VORAMASAEKE","SIGANUS SUTOR, SIGANUS STELLATUS, SIGANUS SUTOR<A0>, SIGANUS NETOR","VORAMASAKE,VORAMASAEKE"
"5372","H","Horita","Octopus","","","Horita"
"5373","",NA,NA,NA,NA,NA
"5374","H","Horita","Octopus","","","Horita"
"5375","H","Horita","Octopus","","","Horita"
"5376","H","Horita","Octopus","","","Horita"
"5377","H","Horita","Octopus","","","Horita"
"5378","FTSOYMALINIKY","Fia Tsoy","Mulloides auriflamma","TSOY","MULLOIDICHTHYS FLAVOLINEATUS, MULLOIDICHTHYS VANICAULEUSIS","TSOY"
"5379","H","Horita","Octopus","","","Horita"
"5380","H","Horita","Octopus","","","Horita"
"5381","FTSABEAKE","","","TSABEAKE","GNATHODENTEX AUROLINEATUS, LETHRINUS NEBULOSUS, LETHEINUS NEBULOSUS","TSABEAKE"
"5382","FANGELIKE","Fia Angelike","Sky emperor","ANGELEKE,ANGELIKE","LETHRINUS MAHSENA, LETHRINUS LENTJAN, LETHEINUS MAHSENA, LETHEINUS LENTJAN, LETHRINUS MASHENA","ANGELEKE,ANGELIKE"
"5383","FBONDRO","Fia Bondro","","","","Fia Bondro"
"5384","H","Horita","Octopus","","","Horita"
"5385","H","Horita","Octopus","","","Horita"
"5386","H","Horita","Octopus","","","Horita"
"5387","H","Horita","Octopus","","","Horita"
"5388","FMANDREDRE","Fia Mandredre","","","","Fia Mandredre"
"5389","H","Horita","Octopus","","","Horita"
"5390","H","Horita","Octopus","","","Horita"
"5391","H","Horita","Octopus","","","Horita"
"5392","H","Horita","Octopus","","","Horita"
"5393","BOZIKE JONKA","Bozike","Chicoreus ramosus","","","Bozike"
"5394","H","Horita","Octopus","","","Horita"
"5395","H","Horita","Octopus","","","Horita"
"5396","FTSOY","Fia Tsoy","Mulloides auriflamma","TSOY","MULLOIDICHTHYS FLAVOLINEATUS, MULLOIDICHTHYS VANICAULEUSIS","TSOY"
"5397","FTSIRIMPAOSA","Fia Tsiripoasa?","","","","Fia Tsiripoasa?"
"5398","L","Lamera","eel","LAMAIRA,LAMAIRAKINA,LAMAIRA FESOTSE AMBATO,LAMAIRA KINA,LAMAIRANKENA","GYMNOTHORAX JAVANICUS, GYMNOMURAENA ZEBRA, ECHIDNA NEBULOSA, GYMNOTORAX JAVANICUS","LAMAIRA,LAMAIRAKINA,LAMAIRA FESOTSE AMBATO,LAMAIRA KINA,LAMAIRANKENA"
"5399","FFOTIHOHY","Fay Foty","Smalltooth sand tiger or dusky shark/ Odontaspis ferox or Carcharhinus obscurus","","","Fay Foty"
"5400","H","Horita","Octopus","","","Horita"
"5401","FTOHO","Fia Toho","Duckbill sleeper or freshwater goby or speckled goby/ Butis butis or awaous aeneofuscus or redigobius bikolanus","","","Fia Toho"
"5402","H","Horita","Octopus","","","Horita"
"5403","H","Horita","Octopus","","","Horita"
"5404","FTABAKE","Fia Tabaky/ Fia Tsabeake","Ember parrotfish/ scarus rubroviolaceus","TABAKE","AROTHRON NIGROPUNCTATUS","TABAKE"
"5405","H","Horita","Octopus","","","Horita"
"5406","H","Horita","Octopus","","","Horita"
"5407","H","Horita","Octopus","","","Horita"
"5408","H","Horita","Octopus","","","Horita"
"5409","H","Horita","Octopus","","","Horita"
"5410","H","Horita","Octopus","","","Horita"
"5411","H","Horita","Octopus","","","Horita"
"5412","H","Horita","Octopus","","","Horita"
"5413","H","Horita","Octopus","","","Horita"
"5414","FBODOLOHA","Fia Bodoloha","Blue Barred parrotfish/ scarus ghobban","BODOLOHA","HIPPOSCARUS HARID, SCARUS PRASIOGNATHUS, SCARUS NIGER, CALOTOMUS SPINIDENS, SCARUS GHOBBAN, CALOTOMUS CAROLINUS, CHLORURUS STRONGYLOCEPHALUS, SCARUS TRICOLOR, SCARUS SCABER, SCARUS RUSSELLI, SCARUS RUBROVIOLACEUS, SCARUS PSITTACUS, SCARUS FRENATUS, CHLORURUS SORDIDUS, CHLORURUS ATRILUNULA, CETOSCARUS BICOLOR, THALASSOMA QUINQUEVITTATUM, SCARUS GHOBBAN<A0>, SCARUS CAUDOFASCIATUS, POMACENTRUS PAVO, PRISTOTIS OBTUSIROSTRIS","BODOLOHA"
"5415","H","Horita","Octopus","","","Horita"
"5416","H","Horita","Octopus","","","Horita"
"5417","H","Horita","Octopus","","","Horita"
"5418","H","Horita","Octopus","","","Horita"
"5419","H","Horita","Octopus","","","Horita"
"5420","H","Horita","Octopus","","","Horita"
"5421","LAMERA","Lamera","eel","LAMAIRA,LAMAIRAKINA,LAMAIRA FESOTSE AMBATO,LAMAIRA KINA,LAMAIRANKENA","GYMNOTHORAX JAVANICUS, GYMNOMURAENA ZEBRA, ECHIDNA NEBULOSA, GYMNOTORAX JAVANICUS","LAMAIRA,LAMAIRAKINA,LAMAIRA FESOTSE AMBATO,LAMAIRA KINA,LAMAIRANKENA"
"5422","L","Lamera","eel","LAMAIRA,LAMAIRAKINA,LAMAIRA FESOTSE AMBATO,LAMAIRA KINA,LAMAIRANKENA","GYMNOTHORAX JAVANICUS, GYMNOMURAENA ZEBRA, ECHIDNA NEBULOSA, GYMNOTORAX JAVANICUS","LAMAIRA,LAMAIRAKINA,LAMAIRA FESOTSE AMBATO,LAMAIRA KINA,LAMAIRANKENA"
"5423","FMANGERELAVENOKE","","Fish","","","Fish"
"5424","FTSIFA","Fiantsifa","Naso unicornis","","","Fiantsifa"
"5425","L","Lamera","eel","LAMAIRA,LAMAIRAKINA,LAMAIRA FESOTSE AMBATO,LAMAIRA KINA,LAMAIRANKENA","GYMNOTHORAX JAVANICUS, GYMNOMURAENA ZEBRA, ECHIDNA NEBULOSA, GYMNOTORAX JAVANICUS","LAMAIRA,LAMAIRAKINA,LAMAIRA FESOTSE AMBATO,LAMAIRA KINA,LAMAIRANKENA"
"5426","FTSIRIMPAOSA","Fia Tsiripoasa?","","","","Fia Tsiripoasa?"
"5427","H","Horita","Octopus","","","Horita"
"5428","FLOVOHARA","Fia Lovo","Bluespotted or coral grouper / cephalopholis argus or cephalopholis miniata","LOVO","EPINEPHELUS FUSCOGUTTATUS, CEPHALOPHOLIS SEXMACULATA, CEPHALOPHOLIS MINIATA, ANYPERADON LEUCOGRAMMICUS, EPINEPHELUS CAERULEOPUNCTATUS, EPINEPHELUS FASCIATUS, PLECTROPOMUS PUNCTATUS, CEPHALOPHOLIS URODETA, CEPHALOPHOLIS SONNERATI, PLECTROPOMUS LAEVIS, EPINEPHELUS MULTINOTATUS, PLECTORHINCHUS ALBOVITTATUS, ANYPERODON LEUCOGRAMMICUS, CEPHALOPHOLIS SONNERATI<A0>, PLECTOPOMUS PUNCTATUS, PLECTOPOMUS LAEVIS, PLECTORHINCHUS ALBOVITATUS","LOVO"
"5429","HNAKORA","Horita nakora","Octopus aegina","","","Horita nakora"
"5430","H","Horita","Octopus","","","Horita"
"5431","H","Horita","Octopus","","","Horita"
"5432","H","Horita","Octopus","","","Horita"
"5433","H","Horita","Octopus","","","Horita"
"5434","H","Horita","Octopus","","","Horita"
"5435","H","Horita","Octopus","","","Horita"
"5436","FBEMASO MENA","Fia bemaso 
","","","","Fia bemaso 
"
"5437","H","Horita","Octopus","","","Horita"
"5438","H","Horita","Octopus","","","Horita"
"5439","H","Horita","Octopus","","","Horita"
"5440","FTSOY MALINIKE","Fia Tsoy","Mulloides auriflamma","TSOY","MULLOIDICHTHYS FLAVOLINEATUS, MULLOIDICHTHYS VANICAULEUSIS","TSOY"
"5441","H","Horita","Octopus","","","Horita"
"5442","H","Horita","Octopus","","","Horita"
"5443","H","Horita","Octopus","","","Horita"
"5444","H","Horita","Octopus","","","Horita"
"5445","FTSOKAHITSE","","Fish","","","Fish"
"5446","FANGERERA","Fia Angerera","Blackspotted rubberlip or Painted sweetlips/ Plectorhinchus gaterinus or diagramma pictum","","","Fia Angerera"
"5447","LAMERA","Lamera","eel","LAMAIRA,LAMAIRAKINA,LAMAIRA FESOTSE AMBATO,LAMAIRA KINA,LAMAIRANKENA","GYMNOTHORAX JAVANICUS, GYMNOMURAENA ZEBRA, ECHIDNA NEBULOSA, GYMNOTORAX JAVANICUS","LAMAIRA,LAMAIRAKINA,LAMAIRA FESOTSE AMBATO,LAMAIRA KINA,LAMAIRANKENA"
"5448","FBABOKE","Fia Baboke","Chaetodon shark","BABOKE","PLATAX TEIRA","BABOKE"
"5449","FTSIFA","Fiantsifa","Naso unicornis","","","Fiantsifa"
"5450","FTSIRIMPAOSA","Fia Tsiripoasa?","","","","Fia Tsiripoasa?"
"5451","FVORAMASAKE","Voramasake","","VORAMASAKE,VORAMASAEKE","SIGANUS SUTOR, SIGANUS STELLATUS, SIGANUS SUTOR<A0>, SIGANUS NETOR","VORAMASAKE,VORAMASAEKE"
"5452","FMAHALOKY","","Fish","MAHALOKY,MAHALOKY BEMASO","PEMPHERIS VANICOLENSIS, SCOLOPSIS GHANAM, AMPHIPRION AKALLOPISOS, BODIANUS ANTHIOIDES, SELAR CRUMENOPHTHALMUS, RASTRELLIGER KANAGURTA, KATSUWONUS PELAMIS, CAESIO CAERULAUREA, GNATHODENTEX AUROLINEATUS, PEMPHERIS VANICILENSIS","MAHALOKY,MAHALOKY BEMASO"
"5453","ZANGA DORILISY","Zanga Dorilisy","Pink/black sea cucumber or black teatfish/ holothuria edulis or notabilis","","","Zanga Dorilisy"
"5454","DRAKAKE","Drakake","Crab","","","Drakake"
"5455","HNAKORA","Horita nakora","Octopus aegina","","","Horita nakora"
"5456","H","Horita","Octopus","","","Horita"
"5457","BOZIKE JONKA","Bozike","Chicoreus ramosus","","","Bozike"
"5458","FVORAMASAKE","Voramasake","","VORAMASAKE,VORAMASAEKE","SIGANUS SUTOR, SIGANUS STELLATUS, SIGANUS SUTOR<A0>, SIGANUS NETOR","VORAMASAKE,VORAMASAEKE"
"5459","FTSABEAKE","","","TSABEAKE","GNATHODENTEX AUROLINEATUS, LETHRINUS NEBULOSUS, LETHEINUS NEBULOSUS","TSABEAKE"
"5460","FTSORABY","","","","",""
"5461","FVORAMASAKE","Voramasake","","VORAMASAKE,VORAMASAEKE","SIGANUS SUTOR, SIGANUS STELLATUS, SIGANUS SUTOR<A0>, SIGANUS NETOR","VORAMASAKE,VORAMASAEKE"
"5462","FVAREVIKE"," Varevike","","",""," Varevike"
"5463","FVORAMASAKE","Voramasake","","VORAMASAKE,VORAMASAEKE","SIGANUS SUTOR, SIGANUS STELLATUS, SIGANUS SUTOR<A0>, SIGANUS NETOR","VORAMASAKE,VORAMASAEKE"
"5464","FVAREVIKE"," Varevike","","",""," Varevike"
"5465","",NA,NA,NA,NA,NA
"5466","H","Horita","Octopus","","","Horita"
"5467","H","Horita","Octopus","","","Horita"
"5468","FBODOLOHA","Fia Bodoloha","Blue Barred parrotfish/ scarus ghobban","BODOLOHA","HIPPOSCARUS HARID, SCARUS PRASIOGNATHUS, SCARUS NIGER, CALOTOMUS SPINIDENS, SCARUS GHOBBAN, CALOTOMUS CAROLINUS, CHLORURUS STRONGYLOCEPHALUS, SCARUS TRICOLOR, SCARUS SCABER, SCARUS RUSSELLI, SCARUS RUBROVIOLACEUS, SCARUS PSITTACUS, SCARUS FRENATUS, CHLORURUS SORDIDUS, CHLORURUS ATRILUNULA, CETOSCARUS BICOLOR, THALASSOMA QUINQUEVITTATUM, SCARUS GHOBBAN<A0>, SCARUS CAUDOFASCIATUS, POMACENTRUS PAVO, PRISTOTIS OBTUSIROSTRIS","BODOLOHA"
"5469","H","Horita","Octopus","","","Horita"
"5470","H","Horita","Octopus","","","Horita"
"5471","FAY RARA","Fay rara","","","","Fay rara"
"5472","H","Horita","Octopus","","","Horita"
"5473","FVOTSANDRA","Fia Votosandra?","No idea but these seem to go together","VOTSANDRA,VOTSANJA,VOTSANDRA SAMPA","PSEUDOBALISTES FUSCUS, BALISTOIDES VIRIDESCENS, ABALISTES STELLATUS, BALISTAPUS UNDULATUS, ODONUS NIGER, BALISTOIDES VIRIDESENS, PSEUDOBALISTES FURCUS, ODUNUS NIGER, SUFFLAMEN BURSA","VOTSANDRA,VOTSANJA,VOTSANDRA SAMPA"
"5474","H","Horita","Octopus","","","Horita"
"5475","H","Horita","Octopus","","","Horita"
"5476","FTSOKAHITSE","","Fish","","","Fish"
"5477","FMENA BEMASO","Fia Mena","Squirrelfish, Holocentrinae","","","Fia Mena"
"5478","H","Horita","Octopus","","","Horita"
"5479","HNAKORA","Horita nakora","Octopus aegina","","","Horita nakora"
"5480","FAMBORY","","","AMBORY,AMBORY FOTIHOHY,AMBORY KIOSA,AMBORY LAVATSIFA","NASO TUBEROSUS, NASO FAGENI, ACANTHURUS TENNENTI, NASO BRACHYCENTRON, NASO HEXACANTHUS, NASO BRANCHYCENTRON, NASO ANNULATUS, NASO VLAMINGII, NASO BREVIROSTRIS, NASO BRACHYCENTRONA","AMBORY,AMBORY FOTIHOHY,AMBORY KIOSA,AMBORY LAVATSIFA"
"5481","FVAREVIKE"," Varevike","","",""," Varevike"
"5482","FVORAMASAKE","Voramasake","","VORAMASAKE,VORAMASAEKE","SIGANUS SUTOR, SIGANUS STELLATUS, SIGANUS SUTOR<A0>, SIGANUS NETOR","VORAMASAKE,VORAMASAEKE"
"5483","FVORAMASAKE","Voramasake","","VORAMASAKE,VORAMASAEKE","SIGANUS SUTOR, SIGANUS STELLATUS, SIGANUS SUTOR<A0>, SIGANUS NETOR","VORAMASAKE,VORAMASAEKE"
"5484","H","Horita","Octopus","","","Horita"
"5485","H","Horita","Octopus","","","Horita"
"5486","FLAVANIFY","","","LAVANIFY","LETHRINUS OLIVACEUS","LAVANIFY"
"5487","H","Horita","Octopus","","","Horita"
"5488","H","Horita","Octopus","","","Horita"
"5489","H","Horita","Octopus","","","Horita"
"5490","H","Horita","Octopus","","","Horita"
"5491","H","Horita","Octopus","","","Horita"
"5492","FTSIRIMPAOSA","Fia Tsiripoasa?","","","","Fia Tsiripoasa?"
"5493","LAMERA","Lamera","eel","LAMAIRA,LAMAIRAKINA,LAMAIRA FESOTSE AMBATO,LAMAIRA KINA,LAMAIRANKENA","GYMNOTHORAX JAVANICUS, GYMNOMURAENA ZEBRA, ECHIDNA NEBULOSA, GYMNOTORAX JAVANICUS","LAMAIRA,LAMAIRAKINA,LAMAIRA FESOTSE AMBATO,LAMAIRA KINA,LAMAIRANKENA"
"5494","L","Lamera","eel","LAMAIRA,LAMAIRAKINA,LAMAIRA FESOTSE AMBATO,LAMAIRA KINA,LAMAIRANKENA","GYMNOTHORAX JAVANICUS, GYMNOMURAENA ZEBRA, ECHIDNA NEBULOSA, GYMNOTORAX JAVANICUS","LAMAIRA,LAMAIRAKINA,LAMAIRA FESOTSE AMBATO,LAMAIRA KINA,LAMAIRANKENA"
"5495","LAMERA","Lamera","eel","LAMAIRA,LAMAIRAKINA,LAMAIRA FESOTSE AMBATO,LAMAIRA KINA,LAMAIRANKENA","GYMNOTHORAX JAVANICUS, GYMNOMURAENA ZEBRA, ECHIDNA NEBULOSA, GYMNOTORAX JAVANICUS","LAMAIRA,LAMAIRAKINA,LAMAIRA FESOTSE AMBATO,LAMAIRA KINA,LAMAIRANKENA"
"5496","BOZIKE JONKA","Bozike","Chicoreus ramosus","","","Bozike"
"5497","H","Horita","Octopus","","","Horita"
"5498","H","Horita","Octopus","","","Horita"
"5499","H","Horita","Octopus","","","Horita"
"5500","H","Horita","Octopus","","","Horita"
"5501","ZANGA BENONO","Zanga Benono","White teatfish/ holothuria fuscogilva","","","Zanga Benono"
"5502","H","Horita","Octopus","","","Horita"
"5503","H","Horita","Octopus","","","Horita"
"5504","ZANGA BENONO","Zanga Benono","White teatfish/ holothuria fuscogilva","","","Zanga Benono"
"5505","H","Horita","Octopus","","","Horita"
"5506","H","Horita","Octopus","","","Horita"
"5507","LAMERA","Lamera","eel","LAMAIRA,LAMAIRAKINA,LAMAIRA FESOTSE AMBATO,LAMAIRA KINA,LAMAIRANKENA","GYMNOTHORAX JAVANICUS, GYMNOMURAENA ZEBRA, ECHIDNA NEBULOSA, GYMNOTORAX JAVANICUS","LAMAIRA,LAMAIRAKINA,LAMAIRA FESOTSE AMBATO,LAMAIRA KINA,LAMAIRANKENA"
"5508","H","Horita","Octopus","","","Horita"
"5509","H","Horita","Octopus","","","Horita"
"5510","FVORAMASAKE","Voramasake","","VORAMASAKE,VORAMASAEKE","SIGANUS SUTOR, SIGANUS STELLATUS, SIGANUS SUTOR<A0>, SIGANUS NETOR","VORAMASAKE,VORAMASAEKE"
"5511","FVAREVIKE"," Varevike","","",""," Varevike"
"5512","FTSORABY","","","","",""
"5513","H","Horita","Octopus","","","Horita"
"5514","H","Horita","Octopus","","","Horita"
"5515","H","Horita","Octopus","","","Horita"
"5516","ZANGA BENONO","Zanga Benono","White teatfish/ holothuria fuscogilva","","","Zanga Benono"
"5517","ZANGA DORILISY","Zanga Dorilisy","Pink/black sea cucumber or black teatfish/ holothuria edulis or notabilis","","","Zanga Dorilisy"
"5518","FTSIFA","Fiantsifa","Naso unicornis","","","Fiantsifa"
"5519","FTSOY","Fia Tsoy","Mulloides auriflamma","TSOY","MULLOIDICHTHYS FLAVOLINEATUS, MULLOIDICHTHYS VANICAULEUSIS","TSOY"
"5520","FAY SIFY","","","","",""
"5521","FMOLONTO","Fia Molonto<a0>","","MOLONTO,MOLOTO","CALOTOMUS SPINIDENS","MOLONTO,MOLOTO"
"5522","FANTSISY","Fia Antisy","No idea but these seem to go together","","","Fia Antisy"
"5523","FFITSE","Fia Fitse","Caesia caerulaureus","","","Fia Fitse"
"5524","HNAKORA","Horita nakora","Octopus aegina","","","Horita nakora"
"5525","H","Horita","Octopus","","","Horita"
"5526","FAY RARA","Fay rara","","","","Fay rara"
"5527","H","Horita","Octopus","","","Horita"
"5528","FTOHO","Fia Toho","Duckbill sleeper or freshwater goby or speckled goby/ Butis butis or awaous aeneofuscus or redigobius bikolanus","","","Fia Toho"
"5529","H","Horita","Octopus","","","Horita"
"5530","FMOROY","Fia Moroy","Lionfish","","","Fia Moroy"
"5531","FVORAMASAKE","Voramasake","","VORAMASAKE,VORAMASAEKE","SIGANUS SUTOR, SIGANUS STELLATUS, SIGANUS SUTOR<A0>, SIGANUS NETOR","VORAMASAKE,VORAMASAEKE"
"5532","FVAREVIKE"," Varevike","","",""," Varevike"
"5533","FVORAMASAKE","Voramasake","","VORAMASAKE,VORAMASAEKE","SIGANUS SUTOR, SIGANUS STELLATUS, SIGANUS SUTOR<A0>, SIGANUS NETOR","VORAMASAKE,VORAMASAEKE"
"5534","FAMPASE",NA,NA,NA,NA,NA
"5535","FVAREVIKE"," Varevike","","",""," Varevike"
"5536","FVORAMASAKE","Voramasake","","VORAMASAKE,VORAMASAEKE","SIGANUS SUTOR, SIGANUS STELLATUS, SIGANUS SUTOR<A0>, SIGANUS NETOR","VORAMASAKE,VORAMASAEKE"
"5537","H","Horita","Octopus","","","Horita"
"5538","ZANGA DORILISY","Zanga Dorilisy","Pink/black sea cucumber or black teatfish/ holothuria edulis or notabilis","","","Zanga Dorilisy"
"5539","H","Horita","Octopus","","","Horita"
"5540","FVORAMASAKE","Voramasake","","VORAMASAKE,VORAMASAEKE","SIGANUS SUTOR, SIGANUS STELLATUS, SIGANUS SUTOR<A0>, SIGANUS NETOR","VORAMASAKE,VORAMASAEKE"
"5541","FBONDRO","Fia Bondro","","","","Fia Bondro"
"5542","FTSIFA","Fiantsifa","Naso unicornis","","","Fiantsifa"
"5543","FFONGIKE","Fia Ongike","","ONGIKE, ONGIKY","BODIANUS ANTHIOIDES, MACOLOR NIGER, MONOTAXIS GRANDOCULIS, GYMNOCRANIUS GRISEUS, SCOLOPSIS GHANAM","ONGIKE, ONGIKY"
"5544","FAMPASE",NA,NA,NA,NA,NA
"5545","H","Horita","Octopus","","","Horita"
"5546","H","Horita","Octopus","","","Horita"
"5547","FBODOLOHA","Fia Bodoloha","Blue Barred parrotfish/ scarus ghobban","BODOLOHA","HIPPOSCARUS HARID, SCARUS PRASIOGNATHUS, SCARUS NIGER, CALOTOMUS SPINIDENS, SCARUS GHOBBAN, CALOTOMUS CAROLINUS, CHLORURUS STRONGYLOCEPHALUS, SCARUS TRICOLOR, SCARUS SCABER, SCARUS RUSSELLI, SCARUS RUBROVIOLACEUS, SCARUS PSITTACUS, SCARUS FRENATUS, CHLORURUS SORDIDUS, CHLORURUS ATRILUNULA, CETOSCARUS BICOLOR, THALASSOMA QUINQUEVITTATUM, SCARUS GHOBBAN<A0>, SCARUS CAUDOFASCIATUS, POMACENTRUS PAVO, PRISTOTIS OBTUSIROSTRIS","BODOLOHA"
"5548","H","Horita","Octopus","","","Horita"
"5549","H","Horita","Octopus","","","Horita"
"5550","FAY FOTY","Fay Foty","Smalltooth sand tiger or dusky shark/ Odontaspis ferox or Carcharhinus obscurus","","","Fay Foty"
"5551","H","Horita","Octopus","","","Horita"
"5552","H","Horita","Octopus","","","Horita"
"5553","H","Horita","Octopus","","","Horita"
"5554","FVOTOSAKA","Fia Votosandra?","No idea but these seem to go together","VOTSANDRA,VOTSANJA,VOTSANDRA SAMPA","PSEUDOBALISTES FUSCUS, BALISTOIDES VIRIDESCENS, ABALISTES STELLATUS, BALISTAPUS UNDULATUS, ODONUS NIGER, BALISTOIDES VIRIDESENS, PSEUDOBALISTES FURCUS, ODUNUS NIGER, SUFFLAMEN BURSA","VOTSANDRA,VOTSANJA,VOTSANDRA SAMPA"
"5555","",NA,NA,NA,NA,NA
"5556","FTSIRIMPAOSA","Fia Tsiripoasa?","","","","Fia Tsiripoasa?"
"5557","FSAVESAVE","Savisavy","Fish","","","Savisavy"
"5558","BOZIKE","Bozike","Chicoreus ramosus","","","Bozike"
"5559","FTSIFA","Fiantsifa","Naso unicornis","","","Fiantsifa"
"5560","FTSOY ROTSE","Fia Tsoy","Mulloides auriflamma","TSOY","MULLOIDICHTHYS FLAVOLINEATUS, MULLOIDICHTHYS VANICAULEUSIS","TSOY"
"5561","FVONTSO","Fia Votosandra?","No idea but these seem to go together","VOTSANDRA,VOTSANJA,VOTSANDRA SAMPA","PSEUDOBALISTES FUSCUS, BALISTOIDES VIRIDESCENS, ABALISTES STELLATUS, BALISTAPUS UNDULATUS, ODONUS NIGER, BALISTOIDES VIRIDESENS, PSEUDOBALISTES FURCUS, ODUNUS NIGER, SUFFLAMEN BURSA","VOTSANDRA,VOTSANJA,VOTSANDRA SAMPA"
"5562","FVOTSANDRA","Fia Votosandra?","No idea but these seem to go together","VOTSANDRA,VOTSANJA,VOTSANDRA SAMPA","PSEUDOBALISTES FUSCUS, BALISTOIDES VIRIDESCENS, ABALISTES STELLATUS, BALISTAPUS UNDULATUS, ODONUS NIGER, BALISTOIDES VIRIDESENS, PSEUDOBALISTES FURCUS, ODUNUS NIGER, SUFFLAMEN BURSA","VOTSANDRA,VOTSANJA,VOTSANDRA SAMPA"
"5563","H","Horita","Octopus","","","Horita"
"5564","H","Horita","Octopus","","","Horita"
"5565","FBODOLOHA","Fia Bodoloha","Blue Barred parrotfish/ scarus ghobban","BODOLOHA","HIPPOSCARUS HARID, SCARUS PRASIOGNATHUS, SCARUS NIGER, CALOTOMUS SPINIDENS, SCARUS GHOBBAN, CALOTOMUS CAROLINUS, CHLORURUS STRONGYLOCEPHALUS, SCARUS TRICOLOR, SCARUS SCABER, SCARUS RUSSELLI, SCARUS RUBROVIOLACEUS, SCARUS PSITTACUS, SCARUS FRENATUS, CHLORURUS SORDIDUS, CHLORURUS ATRILUNULA, CETOSCARUS BICOLOR, THALASSOMA QUINQUEVITTATUM, SCARUS GHOBBAN<A0>, SCARUS CAUDOFASCIATUS, POMACENTRUS PAVO, PRISTOTIS OBTUSIROSTRIS","BODOLOHA"
"5566","H","Horita","Octopus","","","Horita"
"5567","FMENA","Fia Mena","Squirrelfish, Holocentrinae","","","Fia Mena"
"5568","ZANGA DORILISY","Zanga Dorilisy","Pink/black sea cucumber or black teatfish/ holothuria edulis or notabilis","","","Zanga Dorilisy"
"5569","BOZIKE","Bozike","Chicoreus ramosus","","","Bozike"
"5570","FVORAMASAKE","Voramasake","","VORAMASAKE,VORAMASAEKE","SIGANUS SUTOR, SIGANUS STELLATUS, SIGANUS SUTOR<A0>, SIGANUS NETOR","VORAMASAKE,VORAMASAEKE"
"5571","FVAREVIKE"," Varevike","","",""," Varevike"
"5572","H","Horita","Octopus","","","Horita"
"5573","FTSIRIMPAOSA","Fia Tsiripoasa?","","","","Fia Tsiripoasa?"
"5574","FTSIFA","Fiantsifa","Naso unicornis","","","Fiantsifa"
"5575","FTSIFA","Fiantsifa","Naso unicornis","","","Fiantsifa"
"5576","FAMBATSOY","","","AMBATSOY,AMBATSOY VAHO,,AMBATSOY VANDA","PLECTROPOMUS PUNCTATUS, MULLOIDICHTHYS FLAVOLINEATUS, RHABDOSARGUS SARBA, ANYPERODON LEUCOGRAMMICUS, MULLOIDICHTHYS VANICAULEUSIS","AMBATSOY,AMBATSOY VAHO,,AMBATSOY VANDA"
"5577","",NA,NA,NA,NA,NA
"5578","",NA,NA,NA,NA,NA
"5579","H","Horita","Octopus","","","Horita"
"5580","FTABAKE","Fia Tabaky/ Fia Tsabeake","Ember parrotfish/ scarus rubroviolaceus","TABAKE","AROTHRON NIGROPUNCTATUS","TABAKE"
"5581","FBODOLOHA","Fia Bodoloha","Blue Barred parrotfish/ scarus ghobban","BODOLOHA","HIPPOSCARUS HARID, SCARUS PRASIOGNATHUS, SCARUS NIGER, CALOTOMUS SPINIDENS, SCARUS GHOBBAN, CALOTOMUS CAROLINUS, CHLORURUS STRONGYLOCEPHALUS, SCARUS TRICOLOR, SCARUS SCABER, SCARUS RUSSELLI, SCARUS RUBROVIOLACEUS, SCARUS PSITTACUS, SCARUS FRENATUS, CHLORURUS SORDIDUS, CHLORURUS ATRILUNULA, CETOSCARUS BICOLOR, THALASSOMA QUINQUEVITTATUM, SCARUS GHOBBAN<A0>, SCARUS CAUDOFASCIATUS, POMACENTRUS PAVO, PRISTOTIS OBTUSIROSTRIS","BODOLOHA"
"5582","FTSOKAHITSE","","Fish","","","Fish"
"5583","HNAKORA","Horita nakora","Octopus aegina","","","Horita nakora"
"5584","FVORAMASAKE","Voramasake","","VORAMASAKE,VORAMASAEKE","SIGANUS SUTOR, SIGANUS STELLATUS, SIGANUS SUTOR<A0>, SIGANUS NETOR","VORAMASAKE,VORAMASAEKE"
"5585","FVAREVIKE"," Varevike","","",""," Varevike"
"5586","BOZIKE JONKA","Bozike","Chicoreus ramosus","","","Bozike"
"5587","H","Horita","Octopus","","","Horita"
"5588","H","Horita","Octopus","","","Horita"
"5589","H","Horita","Octopus","","","Horita"
"5590","FVORAMASAKE","Voramasake","","VORAMASAKE,VORAMASAEKE","SIGANUS SUTOR, SIGANUS STELLATUS, SIGANUS SUTOR<A0>, SIGANUS NETOR","VORAMASAKE,VORAMASAEKE"
"5591","FTSORABY","","","","",""
"5592","FTSABEAKE","","","TSABEAKE","GNATHODENTEX AUROLINEATUS, LETHRINUS NEBULOSUS, LETHEINUS NEBULOSUS","TSABEAKE"
"5593","",NA,NA,NA,NA,NA
"5594","",NA,NA,NA,NA,NA
"5595","",NA,NA,NA,NA,NA
"5596","FBONDRO","Fia Bondro","","","","Fia Bondro"
"5597","FMANGERELAVENOKE","","Fish","","","Fish"
"5598","FVAREVIKE"," Varevike","","",""," Varevike"
"5599","FMALILY","Malily","Black and yellow grouper/ Epinephelus flavocaeruleus","MALILY","MACOLOR NIGER","MALILY"
"5600","H","Horita","Octopus","","","Horita"
"5601","FBODOLOHA","Fia Bodoloha","Blue Barred parrotfish/ scarus ghobban","BODOLOHA","HIPPOSCARUS HARID, SCARUS PRASIOGNATHUS, SCARUS NIGER, CALOTOMUS SPINIDENS, SCARUS GHOBBAN, CALOTOMUS CAROLINUS, CHLORURUS STRONGYLOCEPHALUS, SCARUS TRICOLOR, SCARUS SCABER, SCARUS RUSSELLI, SCARUS RUBROVIOLACEUS, SCARUS PSITTACUS, SCARUS FRENATUS, CHLORURUS SORDIDUS, CHLORURUS ATRILUNULA, CETOSCARUS BICOLOR, THALASSOMA QUINQUEVITTATUM, SCARUS GHOBBAN<A0>, SCARUS CAUDOFASCIATUS, POMACENTRUS PAVO, PRISTOTIS OBTUSIROSTRIS","BODOLOHA"
"5602","FVALALA","Valalataitse","","","","Valalataitse"
"5603","FTSABEAKE","","","TSABEAKE","GNATHODENTEX AUROLINEATUS, LETHRINUS NEBULOSUS, LETHEINUS NEBULOSUS","TSABEAKE"
"5604","HNAKORA","Horita nakora","Octopus aegina","","","Horita nakora"
"5605","H","Horita","Octopus","","","Horita"
"5606","H","Horita","Octopus","","","Horita"
"5607","H","Horita","Octopus","","","Horita"
"5608","H","Horita","Octopus","","","Horita"
"5609","H","Horita","Octopus","","","Horita"
"5610","HNAKORA","Horita nakora","Octopus aegina","","","Horita nakora"
"5611","FVORRAMASAKE","Voramasake","","VORAMASAKE,VORAMASAEKE","SIGANUS SUTOR, SIGANUS STELLATUS, SIGANUS SUTOR<A0>, SIGANUS NETOR","VORAMASAKE,VORAMASAEKE"
"5612","FVAREVIKE"," Varevike","","",""," Varevike"
"5613","FANGELIKE","Fia Angelike","Sky emperor","ANGELEKE,ANGELIKE","LETHRINUS MAHSENA, LETHRINUS LENTJAN, LETHEINUS MAHSENA, LETHEINUS LENTJAN, LETHRINUS MASHENA","ANGELEKE,ANGELIKE"
"5614","FTSORABY","","","","",""
"5615","FBODOLOHA","Fia Bodoloha","Blue Barred parrotfish/ scarus ghobban","BODOLOHA","HIPPOSCARUS HARID, SCARUS PRASIOGNATHUS, SCARUS NIGER, CALOTOMUS SPINIDENS, SCARUS GHOBBAN, CALOTOMUS CAROLINUS, CHLORURUS STRONGYLOCEPHALUS, SCARUS TRICOLOR, SCARUS SCABER, SCARUS RUSSELLI, SCARUS RUBROVIOLACEUS, SCARUS PSITTACUS, SCARUS FRENATUS, CHLORURUS SORDIDUS, CHLORURUS ATRILUNULA, CETOSCARUS BICOLOR, THALASSOMA QUINQUEVITTATUM, SCARUS GHOBBAN<A0>, SCARUS CAUDOFASCIATUS, POMACENTRUS PAVO, PRISTOTIS OBTUSIROSTRIS","BODOLOHA"
"5616","FVAREVIKE"," Varevike","","",""," Varevike"
"5617","H","Horita","Octopus","","","Horita"
"5618","H","Horita","Octopus","","","Horita"
"5619","FTOHO","Fia Toho","Duckbill sleeper or freshwater goby or speckled goby/ Butis butis or awaous aeneofuscus or redigobius bikolanus","","","Fia Toho"
"5620","H","Horita","Octopus","","","Horita"
"5621","H","Horita","Octopus","","","Horita"
"5622","FVOTSANDRA","Fia Votosandra?","No idea but these seem to go together","VOTSANDRA,VOTSANJA,VOTSANDRA SAMPA","PSEUDOBALISTES FUSCUS, BALISTOIDES VIRIDESCENS, ABALISTES STELLATUS, BALISTAPUS UNDULATUS, ODONUS NIGER, BALISTOIDES VIRIDESENS, PSEUDOBALISTES FURCUS, ODUNUS NIGER, SUFFLAMEN BURSA","VOTSANDRA,VOTSANJA,VOTSANDRA SAMPA"
"5623","FTSIRIMPAOSA","Fia Tsiripoasa?","","","","Fia Tsiripoasa?"
"5624","FAMPOZA","Fia Ampoza","","AMPOZA,AMPOZO","NASO ANNULATUS, NASO VLAMINGII, NASO BREVIROSTRIS, ACANTHURUS GUTTATUS, NASO HEXACANTHUS, NASO FAGENI, NASO TUBEROSUS, NASO BRANCHYCENTRON, NASO FAGANI, ACANTURUS GUTTATUS","AMPOZA,AMPOZO"
"5625","H","Horita","Octopus","","","Horita"
"5626","H","Horita","Octopus","","","Horita"
"5627","FANGELIKE","Fia Angelike","Sky emperor","ANGELEKE,ANGELIKE","LETHRINUS MAHSENA, LETHRINUS LENTJAN, LETHEINUS MAHSENA, LETHEINUS LENTJAN, LETHRINUS MASHENA","ANGELEKE,ANGELIKE"
"5628","FVORRAMASAKE","Voramasake","","VORAMASAKE,VORAMASAEKE","SIGANUS SUTOR, SIGANUS STELLATUS, SIGANUS SUTOR<A0>, SIGANUS NETOR","VORAMASAKE,VORAMASAEKE"
"5629","FV0RAMASAKE",NA,NA,NA,NA,NA
"5630","FVAREVIKE"," Varevike","","",""," Varevike"
"5631","H","Horita","Octopus","","","Horita"
"5632","H","Horita","Octopus","","","Horita"
"5633","LAMERA","Lamera","eel","LAMAIRA,LAMAIRAKINA,LAMAIRA FESOTSE AMBATO,LAMAIRA KINA,LAMAIRANKENA","GYMNOTHORAX JAVANICUS, GYMNOMURAENA ZEBRA, ECHIDNA NEBULOSA, GYMNOTORAX JAVANICUS","LAMAIRA,LAMAIRAKINA,LAMAIRA FESOTSE AMBATO,LAMAIRA KINA,LAMAIRANKENA"
"5634","H","Horita","Octopus","","","Horita"
"5635","FBODOLOHA","Fia Bodoloha","Blue Barred parrotfish/ scarus ghobban","BODOLOHA","HIPPOSCARUS HARID, SCARUS PRASIOGNATHUS, SCARUS NIGER, CALOTOMUS SPINIDENS, SCARUS GHOBBAN, CALOTOMUS CAROLINUS, CHLORURUS STRONGYLOCEPHALUS, SCARUS TRICOLOR, SCARUS SCABER, SCARUS RUSSELLI, SCARUS RUBROVIOLACEUS, SCARUS PSITTACUS, SCARUS FRENATUS, CHLORURUS SORDIDUS, CHLORURUS ATRILUNULA, CETOSCARUS BICOLOR, THALASSOMA QUINQUEVITTATUM, SCARUS GHOBBAN<A0>, SCARUS CAUDOFASCIATUS, POMACENTRUS PAVO, PRISTOTIS OBTUSIROSTRIS","BODOLOHA"
"5636","LAMERA","Lamera","eel","LAMAIRA,LAMAIRAKINA,LAMAIRA FESOTSE AMBATO,LAMAIRA KINA,LAMAIRANKENA","GYMNOTHORAX JAVANICUS, GYMNOMURAENA ZEBRA, ECHIDNA NEBULOSA, GYMNOTORAX JAVANICUS","LAMAIRA,LAMAIRAKINA,LAMAIRA FESOTSE AMBATO,LAMAIRA KINA,LAMAIRANKENA"
"5637","H","Horita","Octopus","","","Horita"
"5638","FLAMATRA","Lamatra","Kanadi Kingfish/ scombermorus plurilineatus","LAMATSA,LAMATRA,LAMANTRA,LAMANTRA","SCOMBEROMORUS COMMERSON, SCOMBEROIDES LYSAN, SCOBEROIDES LYSAN","LAMATSA,LAMATRA,LAMANTRA,LAMANTRA"
"5639","FTSABEAKE","","","TSABEAKE","GNATHODENTEX AUROLINEATUS, LETHRINUS NEBULOSUS, LETHEINUS NEBULOSUS","TSABEAKE"
"5640","L","Lamera","eel","LAMAIRA,LAMAIRAKINA,LAMAIRA FESOTSE AMBATO,LAMAIRA KINA,LAMAIRANKENA","GYMNOTHORAX JAVANICUS, GYMNOMURAENA ZEBRA, ECHIDNA NEBULOSA, GYMNOTORAX JAVANICUS","LAMAIRA,LAMAIRAKINA,LAMAIRA FESOTSE AMBATO,LAMAIRA KINA,LAMAIRANKENA"
"5641","FAY RARA","Fay rara","","","","Fay rara"
"5642","FTSOY MALINIKE","Fia Tsoy","Mulloides auriflamma","TSOY","MULLOIDICHTHYS FLAVOLINEATUS, MULLOIDICHTHYS VANICAULEUSIS","TSOY"
"5643","HNAKORA","Horita nakora","Octopus aegina","","","Horita nakora"
"5644","FVAREVIKE"," Varevike","","",""," Varevike"
"5645","H","Horita","Octopus","","","Horita"
"5646","H","Horita","Octopus","","","Horita"
"5647","FVOTOSAKA","Fia Votosandra?","No idea but these seem to go together","VOTSANDRA,VOTSANJA,VOTSANDRA SAMPA","PSEUDOBALISTES FUSCUS, BALISTOIDES VIRIDESCENS, ABALISTES STELLATUS, BALISTAPUS UNDULATUS, ODONUS NIGER, BALISTOIDES VIRIDESENS, PSEUDOBALISTES FURCUS, ODUNUS NIGER, SUFFLAMEN BURSA","VOTSANDRA,VOTSANJA,VOTSANDRA SAMPA"
"5648","BOZIKE","Bozike","Chicoreus ramosus","","","Bozike"
"5649","LAMERA","Lamera","eel","LAMAIRA,LAMAIRAKINA,LAMAIRA FESOTSE AMBATO,LAMAIRA KINA,LAMAIRANKENA","GYMNOTHORAX JAVANICUS, GYMNOMURAENA ZEBRA, ECHIDNA NEBULOSA, GYMNOTORAX JAVANICUS","LAMAIRA,LAMAIRAKINA,LAMAIRA FESOTSE AMBATO,LAMAIRA KINA,LAMAIRANKENA"
"5650","H","Horita","Octopus","","","Horita"
"5651","FVAREVIKE"," Varevike","","",""," Varevike"
"5652","FTSARAMATSEROKE","","","","",""
"5653","FTSIRIMPAOSA","Fia Tsiripoasa?","","","","Fia Tsiripoasa?"
"5654","H","Horita","Octopus","","","Horita"
"5655","FTARATAKE","Fia Taratake","Blacktip or brownspotted grouper/ Epinephelus fasciatus or hexagonatus","","","Fia Taratake"
"5656","FVAREVIKE"," Varevike","","",""," Varevike"
"5657","H","Horita","Octopus","","","Horita"
"5658","FMOLONTO","Fia Molonto<a0>","","MOLONTO,MOLOTO","CALOTOMUS SPINIDENS","MOLONTO,MOLOTO"
"5659","H","Horita","Octopus","","","Horita"
"5660","H","Horita","Octopus","","","Horita"
"5661","FTABAKE","Fia Tabaky/ Fia Tsabeake","Ember parrotfish/ scarus rubroviolaceus","TABAKE","AROTHRON NIGROPUNCTATUS","TABAKE"
"5662","H","Horita","Octopus","","","Horita"
"5663","FAMBITSOZO","","","","",""
"5664","H","Horita","Octopus","","","Horita"
"5665","H","Horita","Octopus","","","Horita"
"5666","H","Horita","Octopus","","","Horita"
"5667","FBODOLOHA","Fia Bodoloha","Blue Barred parrotfish/ scarus ghobban","BODOLOHA","HIPPOSCARUS HARID, SCARUS PRASIOGNATHUS, SCARUS NIGER, CALOTOMUS SPINIDENS, SCARUS GHOBBAN, CALOTOMUS CAROLINUS, CHLORURUS STRONGYLOCEPHALUS, SCARUS TRICOLOR, SCARUS SCABER, SCARUS RUSSELLI, SCARUS RUBROVIOLACEUS, SCARUS PSITTACUS, SCARUS FRENATUS, CHLORURUS SORDIDUS, CHLORURUS ATRILUNULA, CETOSCARUS BICOLOR, THALASSOMA QUINQUEVITTATUM, SCARUS GHOBBAN<A0>, SCARUS CAUDOFASCIATUS, POMACENTRUS PAVO, PRISTOTIS OBTUSIROSTRIS","BODOLOHA"
"5668","FTSIFA","Fiantsifa","Naso unicornis","","","Fiantsifa"
"5669","FMANDREDRE","Fia Mandredre","","","","Fia Mandredre"
"5670","H","Horita","Octopus","","","Horita"
"5671","H","Horita","Octopus","","","Horita"
"5672","FMENA BEMASO","Fia Mena","Squirrelfish, Holocentrinae","","","Fia Mena"
"5673","H","Horita","Octopus","","","Horita"
"5674","H","Horita","Octopus","","","Horita"
"5675","FTABAKE","Fia Tabaky/ Fia Tsabeake","Ember parrotfish/ scarus rubroviolaceus","TABAKE","AROTHRON NIGROPUNCTATUS","TABAKE"
"5676","FVALALA","Valalataitse","","","","Valalataitse"
"5677","FANGELIKE","Fia Angelike","Sky emperor","ANGELEKE,ANGELIKE","LETHRINUS MAHSENA, LETHRINUS LENTJAN, LETHEINUS MAHSENA, LETHEINUS LENTJAN, LETHRINUS MASHENA","ANGELEKE,ANGELIKE"
"5678","FTSORABY","","","","",""
"5679","FTSIFA","Fiantsifa","Naso unicornis","","","Fiantsifa"
"5680","FAY RARA","Fay rara","","","","Fay rara"
"5681","H","Horita","Octopus","","","Horita"
"5682","LAMERA","Lamera","eel","LAMAIRA,LAMAIRAKINA,LAMAIRA FESOTSE AMBATO,LAMAIRA KINA,LAMAIRANKENA","GYMNOTHORAX JAVANICUS, GYMNOMURAENA ZEBRA, ECHIDNA NEBULOSA, GYMNOTORAX JAVANICUS","LAMAIRA,LAMAIRAKINA,LAMAIRA FESOTSE AMBATO,LAMAIRA KINA,LAMAIRANKENA"
"5683","H","Horita","Octopus","","","Horita"
"5684","FMOLONTO","Fia Molonto<a0>","","MOLONTO,MOLOTO","CALOTOMUS SPINIDENS","MOLONTO,MOLOTO"
"5685","H","Horita","Octopus","","","Horita"
"5686","H","Horita","Octopus","","","Horita"
"5687","FAMPOZA","Fia Ampoza","","AMPOZA,AMPOZO","NASO ANNULATUS, NASO VLAMINGII, NASO BREVIROSTRIS, ACANTHURUS GUTTATUS, NASO HEXACANTHUS, NASO FAGENI, NASO TUBEROSUS, NASO BRANCHYCENTRON, NASO FAGANI, ACANTURUS GUTTATUS","AMPOZA,AMPOZO"
"5688","H","Horita","Octopus","","","Horita"
"5689","FBONDRO","Fia Bondro","","","","Fia Bondro"
"5690","FVAREVIKE"," Varevike","","",""," Varevike"
"5691","H","Horita","Octopus","","","Horita"
"5692","H","Horita","Octopus","","","Horita"
"5693","H","Horita","Octopus","","","Horita"
"5694","HNAKORA","Horita nakora","Octopus aegina","","","Horita nakora"
"5695","FVORAMASAKE","Voramasake","","VORAMASAKE,VORAMASAEKE","SIGANUS SUTOR, SIGANUS STELLATUS, SIGANUS SUTOR<A0>, SIGANUS NETOR","VORAMASAKE,VORAMASAEKE"
"5696","FVORAMASAKE","Voramasake","","VORAMASAKE,VORAMASAEKE","SIGANUS SUTOR, SIGANUS STELLATUS, SIGANUS SUTOR<A0>, SIGANUS NETOR","VORAMASAKE,VORAMASAEKE"
"5697","FVAREVIKE"," Varevike","","",""," Varevike"
"5698","FVORAMASAKE","Voramasake","","VORAMASAKE,VORAMASAEKE","SIGANUS SUTOR, SIGANUS STELLATUS, SIGANUS SUTOR<A0>, SIGANUS NETOR","VORAMASAKE,VORAMASAEKE"
"5699","FBODOLOHA","Fia Bodoloha","Blue Barred parrotfish/ scarus ghobban","BODOLOHA","HIPPOSCARUS HARID, SCARUS PRASIOGNATHUS, SCARUS NIGER, CALOTOMUS SPINIDENS, SCARUS GHOBBAN, CALOTOMUS CAROLINUS, CHLORURUS STRONGYLOCEPHALUS, SCARUS TRICOLOR, SCARUS SCABER, SCARUS RUSSELLI, SCARUS RUBROVIOLACEUS, SCARUS PSITTACUS, SCARUS FRENATUS, CHLORURUS SORDIDUS, CHLORURUS ATRILUNULA, CETOSCARUS BICOLOR, THALASSOMA QUINQUEVITTATUM, SCARUS GHOBBAN<A0>, SCARUS CAUDOFASCIATUS, POMACENTRUS PAVO, PRISTOTIS OBTUSIROSTRIS","BODOLOHA"
"5700","",NA,NA,NA,NA,NA
"5701","H","Horita","Octopus","","","Horita"
"5702","H","Horita","Octopus","","","Horita"
"5703","FTABAKE","Fia Tabaky/ Fia Tsabeake","Ember parrotfish/ scarus rubroviolaceus","TABAKE","AROTHRON NIGROPUNCTATUS","TABAKE"
"5704","H","Horita","Octopus","","","Horita"
"5705","H","Horita","Octopus","","","Horita"
"5706","FBODOLOHA","Fia Bodoloha","Blue Barred parrotfish/ scarus ghobban","BODOLOHA","HIPPOSCARUS HARID, SCARUS PRASIOGNATHUS, SCARUS NIGER, CALOTOMUS SPINIDENS, SCARUS GHOBBAN, CALOTOMUS CAROLINUS, CHLORURUS STRONGYLOCEPHALUS, SCARUS TRICOLOR, SCARUS SCABER, SCARUS RUSSELLI, SCARUS RUBROVIOLACEUS, SCARUS PSITTACUS, SCARUS FRENATUS, CHLORURUS SORDIDUS, CHLORURUS ATRILUNULA, CETOSCARUS BICOLOR, THALASSOMA QUINQUEVITTATUM, SCARUS GHOBBAN<A0>, SCARUS CAUDOFASCIATUS, POMACENTRUS PAVO, PRISTOTIS OBTUSIROSTRIS","BODOLOHA"
"5707","H","Horita","Octopus","","","Horita"
"5708","H","Horita","Octopus","","","Horita"
"5709","H","Horita","Octopus","","","Horita"
"5710","H","Horita","Octopus","","","Horita"
"5711","FVAREVIKE"," Varevike","","",""," Varevike"
"5712","H","Horita","Octopus","","","Horita"
"5713","H","Horita","Octopus","","","Horita"
"5714","H","Horita","Octopus","","","Horita"
"5715","FBEMASO","Fia bemaso 
","","","","Fia bemaso 
"
"5716","H","Horita","Octopus","","","Horita"
"5717","FANTSISY","Fia Antisy","No idea but these seem to go together","","","Fia Antisy"
"5718","FMOROY","Fia Moroy","Lionfish","","","Fia Moroy"
"5719","",NA,NA,NA,NA,NA
"5720","",NA,NA,NA,NA,NA
"5721","H","Horita","Octopus","","","Horita"
"5722","H","Horita","Octopus","","","Horita"
"5723","FTOHO","Fia Toho","Duckbill sleeper or freshwater goby or speckled goby/ Butis butis or awaous aeneofuscus or redigobius bikolanus","","","Fia Toho"
"5724","HNAKORA","Horita nakora","Octopus aegina","","","Horita nakora"
"5725","H","Horita","Octopus","","","Horita"
"5726","H","Horita","Octopus","","","Horita"
"5727","FTABAKE","Fia Tabaky/ Fia Tsabeake","Ember parrotfish/ scarus rubroviolaceus","TABAKE","AROTHRON NIGROPUNCTATUS","TABAKE"
"5728","FTABAKE","Fia Tabaky/ Fia Tsabeake","Ember parrotfish/ scarus rubroviolaceus","TABAKE","AROTHRON NIGROPUNCTATUS","TABAKE"
"5729","H","Horita","Octopus","","","Horita"
"5730","H","Horita","Octopus","","","Horita"
"5731","H","Horita","Octopus","","","Horita"
"5732","H","Horita","Octopus","","","Horita"
"5733","H","Horita","Octopus","","","Horita"
"5734","FSAVESAVE","Savisavy","Fish","","","Savisavy"
"5735","H","Horita","Octopus","","","Horita"
"5736","FTSIRIMPAOSA","Fia Tsiripoasa?","","","","Fia Tsiripoasa?"
"5737","FVORRAMASAKE","Voramasake","","VORAMASAKE,VORAMASAEKE","SIGANUS SUTOR, SIGANUS STELLATUS, SIGANUS SUTOR<A0>, SIGANUS NETOR","VORAMASAKE,VORAMASAEKE"
"5738","H","Horita","Octopus","","","Horita"
"5739","H","Horita","Octopus","","","Horita"
"5740","H","Horita","Octopus","","","Horita"
"5741","FAY RARA","Fay rara","","","","Fay rara"
"5742","H","Horita","Octopus","","","Horita"
"5743","FAMONGO","","Fish","","","Fish"
"5744","FLOVOHARA","Fia Lovo","Bluespotted or coral grouper / cephalopholis argus or cephalopholis miniata","LOVO","EPINEPHELUS FUSCOGUTTATUS, CEPHALOPHOLIS SEXMACULATA, CEPHALOPHOLIS MINIATA, ANYPERADON LEUCOGRAMMICUS, EPINEPHELUS CAERULEOPUNCTATUS, EPINEPHELUS FASCIATUS, PLECTROPOMUS PUNCTATUS, CEPHALOPHOLIS URODETA, CEPHALOPHOLIS SONNERATI, PLECTROPOMUS LAEVIS, EPINEPHELUS MULTINOTATUS, PLECTORHINCHUS ALBOVITTATUS, ANYPERODON LEUCOGRAMMICUS, CEPHALOPHOLIS SONNERATI<A0>, PLECTOPOMUS PUNCTATUS, PLECTOPOMUS LAEVIS, PLECTORHINCHUS ALBOVITATUS","LOVO"
"5745","H","Horita","Octopus","","","Horita"
"5746","FMANDREDRE","Fia Mandredre","","","","Fia Mandredre"
"5747","HNAKORA","Horita nakora","Octopus aegina","","","Horita nakora"
"5748","H","Horita","Octopus","","","Horita"
"5749","H","Horita","Octopus","","","Horita"
"5750","FTABAKE","Fia Tabaky/ Fia Tsabeake","Ember parrotfish/ scarus rubroviolaceus","TABAKE","AROTHRON NIGROPUNCTATUS","TABAKE"
"5751","FVAREVIKE"," Varevike","","",""," Varevike"
"5752","H","Horita","Octopus","","","Horita"
"5753","FTSIFA","Fiantsifa","Naso unicornis","","","Fiantsifa"
"5754","FBONDRO","Fia Bondro","","","","Fia Bondro"
"5755","FTSABEAKE","","","TSABEAKE","GNATHODENTEX AUROLINEATUS, LETHRINUS NEBULOSUS, LETHEINUS NEBULOSUS","TSABEAKE"
"5756","FTSORABY","","","","",""
"5757","",NA,NA,NA,NA,NA
"5758","FLAVANIFY","","","LAVANIFY","LETHRINUS OLIVACEUS","LAVANIFY"
"5759","FVAREVIKE"," Varevike","","",""," Varevike"
"5760","FTSORABY","","","","",""
"5761","FAMPOZA","Fia Ampoza","","AMPOZA,AMPOZO","NASO ANNULATUS, NASO VLAMINGII, NASO BREVIROSTRIS, ACANTHURUS GUTTATUS, NASO HEXACANTHUS, NASO FAGENI, NASO TUBEROSUS, NASO BRANCHYCENTRON, NASO FAGANI, ACANTURUS GUTTATUS","AMPOZA,AMPOZO"
"5762","FVORRAMASAKE","Voramasake","","VORAMASAKE,VORAMASAEKE","SIGANUS SUTOR, SIGANUS STELLATUS, SIGANUS SUTOR<A0>, SIGANUS NETOR","VORAMASAKE,VORAMASAEKE"
"5763","FVAREVIKE"," Varevike","","",""," Varevike"
"5764","FTSABEAKE","","","TSABEAKE","GNATHODENTEX AUROLINEATUS, LETHRINUS NEBULOSUS, LETHEINUS NEBULOSUS","TSABEAKE"
"5765","FANGELIKE","Fia Angelike","Sky emperor","ANGELEKE,ANGELIKE","LETHRINUS MAHSENA, LETHRINUS LENTJAN, LETHEINUS MAHSENA, LETHEINUS LENTJAN, LETHRINUS MASHENA","ANGELEKE,ANGELIKE"
"5766","FLANORA","Fia Lanora","Yellowspotted or giant trevally/ caragoides fulvoguttatus or Caranx ignobilis","LANORA","CARANX PAPUENSIS, CARANX MELAMPYGUS, CARANX IGNOBILIS, CARANGOIDES FULVOGUTTATUS, CARANGOIDES FERDAU, CARANX IGNOBILIS<A0>","LANORA"
"5767","FTSORABY","","","","",""
"5768","FVORRAMASAKE","Voramasake","","VORAMASAKE,VORAMASAEKE","SIGANUS SUTOR, SIGANUS STELLATUS, SIGANUS SUTOR<A0>, SIGANUS NETOR","VORAMASAKE,VORAMASAEKE"
"5769","FVAREVIKE"," Varevike","","",""," Varevike"
"5770","FTSABEAKE","","","TSABEAKE","GNATHODENTEX AUROLINEATUS, LETHRINUS NEBULOSUS, LETHEINUS NEBULOSUS","TSABEAKE"
"5771","FVAREVIKE"," Varevike","","",""," Varevike"
"5772","FTSABEAKE","","","TSABEAKE","GNATHODENTEX AUROLINEATUS, LETHRINUS NEBULOSUS, LETHEINUS NEBULOSUS","TSABEAKE"
"5773","FVAREVIKE"," Varevike","","",""," Varevike"
"5774","FAMPOZA","Fia Ampoza","","AMPOZA,AMPOZO","NASO ANNULATUS, NASO VLAMINGII, NASO BREVIROSTRIS, ACANTHURUS GUTTATUS, NASO HEXACANTHUS, NASO FAGENI, NASO TUBEROSUS, NASO BRANCHYCENTRON, NASO FAGANI, ACANTURUS GUTTATUS","AMPOZA,AMPOZO"
"5775","HNAKORA","Horita nakora","Octopus aegina","","","Horita nakora"
"5776","H","Horita","Octopus","","","Horita"
"5777","FTSABEAKE","","","TSABEAKE","GNATHODENTEX AUROLINEATUS, LETHRINUS NEBULOSUS, LETHEINUS NEBULOSUS","TSABEAKE"
"5778","FVAREVIKE"," Varevike","","",""," Varevike"
"5779","H","Horita","Octopus","","","Horita"
"5780","FVALALA","Valalataitse","","","","Valalataitse"
"5781","FBABAKE","","","","",""
"5782","H","Horita","Octopus","","","Horita"
"5783","FMENA BEMASO","Fia Mena","Squirrelfish, Holocentrinae","","","Fia Mena"
"5784","H","Horita","Octopus","","","Horita"
"5785","H","Horita","Octopus","","","Horita"
"5786","BOZ IKE","Bozike","Chicoreus ramosus","","","Bozike"
"5787","H","Horita","Octopus","","","Horita"
"5788","H","Horita","Octopus","","","Horita"
"5789","FSAVESAVE","Savisavy","Fish","","","Savisavy"
"5790","FVAREVIKE"," Varevike","","",""," Varevike"
"5791","FVAREVIKE"," Varevike","","",""," Varevike"
"5792","FVAREVIKE"," Varevike","","",""," Varevike"
"5793","H","Horita","Octopus","","","Horita"
"5794","FTSIRIMPAOSA","Fia Tsiripoasa?","","","","Fia Tsiripoasa?"
"5795","H","Horita","Octopus","","","Horita"
"5796","H","Horita","Octopus","","","Horita"
"5797","H","Horita","Octopus","","","Horita"
"5798","H","Horita","Octopus","","","Horita"
"5799","FTOHO","Fia Toho","Duckbill sleeper or freshwater goby or speckled goby/ Butis butis or awaous aeneofuscus or redigobius bikolanus","","","Fia Toho"
"5800","FTSOY","Fia Tsoy","Mulloides auriflamma","TSOY","MULLOIDICHTHYS FLAVOLINEATUS, MULLOIDICHTHYS VANICAULEUSIS","TSOY"
"5801","H","Horita","Octopus","","","Horita"
"5802","H","Horita","Octopus","","","Horita"
"5803","",NA,NA,NA,NA,NA
"5804","H","Horita","Octopus","","","Horita"
"5805","FANGERERA","Fia Angerera","Blackspotted rubberlip or Painted sweetlips/ Plectorhinchus gaterinus or diagramma pictum","","","Fia Angerera"
"5806","H","Horita","Octopus","","","Horita"
"5807","H","Horita","Octopus","","","Horita"
"5808","H","Horita","Octopus","","","Horita"
"5809","H","Horita","Octopus","","","Horita"
"5810","H","Horita","Octopus","","","Horita"
"5811","H","Horita","Octopus","","","Horita"
"5812","H","Horita","Octopus","","","Horita"
"5813","H","Horita","Octopus","","","Horita"
"5814","H","Horita","Octopus","","","Horita"
"5815","H","Horita","Octopus","","","Horita"
"5816","H","Horita","Octopus","","","Horita"
"5817","H","Horita","Octopus","","","Horita"
"5818","H","Horita","Octopus","","","Horita"
"5819","H","Horita","Octopus","","","Horita"
"5820","H","Horita","Octopus","","","Horita"
"5821","H","Horita","Octopus","","","Horita"
"5822","H","Horita","Octopus","","","Horita"
"5823","FSAVESAVE","Savisavy","Fish","","","Savisavy"
"5824","FKABO","Fia Kabo","Frogfish/ antennariidae","KABO,KABO","EPINEPHELUS FUSCOGUTTATUS, AROTHRON MELEAGRIS","KABO,KABO"
"5825","H","Horita","Octopus","","","Horita"
"5826","H","Horita","Octopus","","","Horita"
"5827","H","Horita","Octopus","","","Horita"
"5828","H","Horita","Octopus","","","Horita"
"5829","H","Horita","Octopus","","","Horita"
"5830","H","Horita","Octopus","","","Horita"
"5831","H","Horita","Octopus","","","Horita"
"5832","H","Horita","Octopus","","","Horita"
"5833","H","Horita","Octopus","","","Horita"
"5834","H","Horita","Octopus","","","Horita"
"5835","H","Horita","Octopus","","","Horita"
"5836","H","Horita","Octopus","","","Horita"
"5837","H","Horita","Octopus","","","Horita"
"5838","H","Horita","Octopus","","","Horita"
"5839","H","Horita","Octopus","","","Horita"
"5840","H","Horita","Octopus","","","Horita"
"5841","H","Horita","Octopus","","","Horita"
"5842","H","Horita","Octopus","","","Horita"
"5843","H","Horita","Octopus","","","Horita"
"5844","H","Horita","Octopus","","","Horita"
"5845","H","Horita","Octopus","","","Horita"
"5846","H","Horita","Octopus","","","Horita"
"5847","H","Horita","Octopus","","","Horita"
"5848","FKIFALAOTSE","Kifalaoke","","KIFALAOTSE","KYPHOSUS VAIGIENSIS, KYPHOSUS CINERASCENS, DIAGRAMMA PICTUM, PLECTORHINCHUS GIBBOSUS","KIFALAOTSE"
"5849","H","Horita","Octopus","","","Horita"
"5850","FANTSISY","Fia Antisy","No idea but these seem to go together","","","Fia Antisy"
"5851","FAY RARA","Fay rara","","","","Fay rara"
"5852","HNAKORA","Horita nakora","Octopus aegina","","","Horita nakora"
"5853","H","Horita","Octopus","","","Horita"
"5854","H","Horita","Octopus","","","Horita"
"5855","FBONDRO","Fia Bondro","","","","Fia Bondro"
"5856","H","Horita","Octopus","","","Horita"
"5857","H","Horita","Octopus","","","Horita"
"5858","H","Horita","Octopus","","","Horita"
"5859","FTSIRIMPAOSA","Fia Tsiripoasa?","","","","Fia Tsiripoasa?"
"5860","FTSABEAKE","","","TSABEAKE","GNATHODENTEX AUROLINEATUS, LETHRINUS NEBULOSUS, LETHEINUS NEBULOSUS","TSABEAKE"
"5861","FBONDRO","Fia Bondro","","","","Fia Bondro"
"5862","H","Horita","Octopus","","","Horita"
"5863","H","Horita","Octopus","","","Horita"
"5864","H","Horita","Octopus","","","Horita"
"5865","H","Horita","Octopus","","","Horita"
"5866","H","Horita","Octopus","","","Horita"
"5867","FBODOLOHA","Fia Bodoloha","Blue Barred parrotfish/ scarus ghobban","BODOLOHA","HIPPOSCARUS HARID, SCARUS PRASIOGNATHUS, SCARUS NIGER, CALOTOMUS SPINIDENS, SCARUS GHOBBAN, CALOTOMUS CAROLINUS, CHLORURUS STRONGYLOCEPHALUS, SCARUS TRICOLOR, SCARUS SCABER, SCARUS RUSSELLI, SCARUS RUBROVIOLACEUS, SCARUS PSITTACUS, SCARUS FRENATUS, CHLORURUS SORDIDUS, CHLORURUS ATRILUNULA, CETOSCARUS BICOLOR, THALASSOMA QUINQUEVITTATUM, SCARUS GHOBBAN<A0>, SCARUS CAUDOFASCIATUS, POMACENTRUS PAVO, PRISTOTIS OBTUSIROSTRIS","BODOLOHA"
"5868","FMOLONTO","Fia Molonto<a0>","","MOLONTO,MOLOTO","CALOTOMUS SPINIDENS","MOLONTO,MOLOTO"
"5869","FTSABEAKY","","","TSABEAKE","GNATHODENTEX AUROLINEATUS, LETHRINUS NEBULOSUS, LETHEINUS NEBULOSUS","TSABEAKE"
"5870","FTSORABY","","","","",""
"5871","FAMPOZA","Fia Ampoza","","AMPOZA,AMPOZO","NASO ANNULATUS, NASO VLAMINGII, NASO BREVIROSTRIS, ACANTHURUS GUTTATUS, NASO HEXACANTHUS, NASO FAGENI, NASO TUBEROSUS, NASO BRANCHYCENTRON, NASO FAGANI, ACANTURUS GUTTATUS","AMPOZA,AMPOZO"
"5872","FTSABEAKY","","","TSABEAKE","GNATHODENTEX AUROLINEATUS, LETHRINUS NEBULOSUS, LETHEINUS NEBULOSUS","TSABEAKE"
"5873","",NA,NA,NA,NA,NA
"5874","",NA,NA,NA,NA,NA
"5875","FTSOY MALINIKE","Fia Tsoy","Mulloides auriflamma","TSOY","MULLOIDICHTHYS FLAVOLINEATUS, MULLOIDICHTHYS VANICAULEUSIS","TSOY"
"5876","FTAPAPOROHA","Fia Tapaporoha","Thumbprint emperor/ Lethrinus harak","","","Fia Tapaporoha"
"5877","H","Horita","Octopus","","","Horita"
"5878","FMANDREDRE","Fia Mandredre","","","","Fia Mandredre"
"5879","H","Horita","Octopus","","","Horita"
"5880","FTABAKE","Fia Tabaky/ Fia Tsabeake","Ember parrotfish/ scarus rubroviolaceus","TABAKE","AROTHRON NIGROPUNCTATUS","TABAKE"
"5881","H","Horita","Octopus","","","Horita"
"5882","FTOHO","Fia Toho","Duckbill sleeper or freshwater goby or speckled goby/ Butis butis or awaous aeneofuscus or redigobius bikolanus","","","Fia Toho"
"5883","H","Horita","Octopus","","","Horita"
"5884","H","Horita","Octopus","","","Horita"
"5885","H","Horita","Octopus","","","Horita"
"5886","H","Horita","Octopus","","","Horita"
"5887","H","Horita","Octopus","","","Horita"
"5888","H","Horita","Octopus","","","Horita"
"5889","FTSORABY","","","","",""
"5890","FBONDRO","Fia Bondro","","","","Fia Bondro"
"5891","FTSAMEARENE","Fia Tsamearene?","","","","Fia Tsamearene?"
"5892","FAY ANDEMA","Fay Andema","Rhinobatos","","","Fay Andema"
"5893","H","Horita","Octopus","","","Horita"
"5894","H","Horita","Octopus","","","Horita"
"5895","H","Horita","Octopus","","","Horita"
"5896","H","Horita","Octopus","","","Horita"
"5897","FVAREVIKE"," Varevike","","",""," Varevike"
"5898","FTABAKE","Fia Tabaky/ Fia Tsabeake","Ember parrotfish/ scarus rubroviolaceus","TABAKE","AROTHRON NIGROPUNCTATUS","TABAKE"
"5899","FTAPAPOROHA","Fia Tapaporoha","Thumbprint emperor/ Lethrinus harak","","","Fia Tapaporoha"
"5900","FMENA","Fia Mena","Squirrelfish, Holocentrinae","","","Fia Mena"
"5901","LAMERA","Lamera","eel","LAMAIRA,LAMAIRAKINA,LAMAIRA FESOTSE AMBATO,LAMAIRA KINA,LAMAIRANKENA","GYMNOTHORAX JAVANICUS, GYMNOMURAENA ZEBRA, ECHIDNA NEBULOSA, GYMNOTORAX JAVANICUS","LAMAIRA,LAMAIRAKINA,LAMAIRA FESOTSE AMBATO,LAMAIRA KINA,LAMAIRANKENA"
"5902","FTABAKE","Fia Tabaky/ Fia Tsabeake","Ember parrotfish/ scarus rubroviolaceus","TABAKE","AROTHRON NIGROPUNCTATUS","TABAKE"
"5903","FSAVESAVE","Savisavy","Fish","","","Savisavy"
"5904","A","Angisy","Squid","","","Angisy"
"5905","A","Angisy","Squid","","","Angisy"
"5906","A","Angisy","Squid","","","Angisy"
"5907","A","Angisy","Squid","","","Angisy"
"5908","A","Angisy","Squid","","","Angisy"
"5909","A","Angisy","Squid","","","Angisy"
"5910","A","Angisy","Squid","","","Angisy"
"5911","FTSOY","Fia Tsoy","Mulloides auriflamma","TSOY","MULLOIDICHTHYS FLAVOLINEATUS, MULLOIDICHTHYS VANICAULEUSIS","TSOY"
"5912","FBABAKE","","","","",""
"5913","H","Horita","Octopus","","","Horita"
"5914","H","Horita","Octopus","","","Horita"
"5915","H","Horita","Octopus","","","Horita"
"5916","FTABAKE","Fia Tabaky/ Fia Tsabeake","Ember parrotfish/ scarus rubroviolaceus","TABAKE","AROTHRON NIGROPUNCTATUS","TABAKE"
"5917","H","Horita","Octopus","","","Horita"
"5918","FVOTSANDRA","Fia Votosandra?","No idea but these seem to go together","VOTSANDRA,VOTSANJA,VOTSANDRA SAMPA","PSEUDOBALISTES FUSCUS, BALISTOIDES VIRIDESCENS, ABALISTES STELLATUS, BALISTAPUS UNDULATUS, ODONUS NIGER, BALISTOIDES VIRIDESENS, PSEUDOBALISTES FURCUS, ODUNUS NIGER, SUFFLAMEN BURSA","VOTSANDRA,VOTSANJA,VOTSANDRA SAMPA"
"5919","FTSORABY","","","","",""
"5920","FANGELIKE","Fia Angelike","Sky emperor","ANGELEKE,ANGELIKE","LETHRINUS MAHSENA, LETHRINUS LENTJAN, LETHEINUS MAHSENA, LETHEINUS LENTJAN, LETHRINUS MASHENA","ANGELEKE,ANGELIKE"
"5921","H","Horita","Octopus","","","Horita"
"5922","FTSIFA","Fiantsifa","Naso unicornis","","","Fiantsifa"
"5923","FTSABEAKE","","","TSABEAKE","GNATHODENTEX AUROLINEATUS, LETHRINUS NEBULOSUS, LETHEINUS NEBULOSUS","TSABEAKE"
"5924","FVAREVIKE"," Varevike","","",""," Varevike"
"5925","H","Horita","Octopus","","","Horita"
"5926","FVAREVIKE"," Varevike","","",""," Varevike"
"5927","H","Horita","Octopus","","","Horita"
"5928","H","Horita","Octopus","","","Horita"
"5929","FSAVESAVE","Savisavy","Fish","","","Savisavy"
"5930","H","Horita","Octopus","","","Horita"
"5931","LAMERA","Lamera","eel","LAMAIRA,LAMAIRAKINA,LAMAIRA FESOTSE AMBATO,LAMAIRA KINA,LAMAIRANKENA","GYMNOTHORAX JAVANICUS, GYMNOMURAENA ZEBRA, ECHIDNA NEBULOSA, GYMNOTORAX JAVANICUS","LAMAIRA,LAMAIRAKINA,LAMAIRA FESOTSE AMBATO,LAMAIRA KINA,LAMAIRANKENA"
"5932","FTSIFA","Fiantsifa","Naso unicornis","","","Fiantsifa"
"5933","FTABAKE","Fia Tabaky/ Fia Tsabeake","Ember parrotfish/ scarus rubroviolaceus","TABAKE","AROTHRON NIGROPUNCTATUS","TABAKE"
"5934","H","Horita","Octopus","","","Horita"
"5935","FLOVOHARA","Fia Lovo","Bluespotted or coral grouper / cephalopholis argus or cephalopholis miniata","LOVO","EPINEPHELUS FUSCOGUTTATUS, CEPHALOPHOLIS SEXMACULATA, CEPHALOPHOLIS MINIATA, ANYPERADON LEUCOGRAMMICUS, EPINEPHELUS CAERULEOPUNCTATUS, EPINEPHELUS FASCIATUS, PLECTROPOMUS PUNCTATUS, CEPHALOPHOLIS URODETA, CEPHALOPHOLIS SONNERATI, PLECTROPOMUS LAEVIS, EPINEPHELUS MULTINOTATUS, PLECTORHINCHUS ALBOVITTATUS, ANYPERODON LEUCOGRAMMICUS, CEPHALOPHOLIS SONNERATI<A0>, PLECTOPOMUS PUNCTATUS, PLECTOPOMUS LAEVIS, PLECTORHINCHUS ALBOVITATUS","LOVO"
"5936","H","Horita","Octopus","","","Horita"
"5937","H","Horita","Octopus","","","Horita"
"5938","H","Horita","Octopus","","","Horita"
"5939","H","Horita","Octopus","","","Horita"
"5940","H","Horita","Octopus","","","Horita"
"5941","FBODOLOHA","Fia Bodoloha","Blue Barred parrotfish/ scarus ghobban","BODOLOHA","HIPPOSCARUS HARID, SCARUS PRASIOGNATHUS, SCARUS NIGER, CALOTOMUS SPINIDENS, SCARUS GHOBBAN, CALOTOMUS CAROLINUS, CHLORURUS STRONGYLOCEPHALUS, SCARUS TRICOLOR, SCARUS SCABER, SCARUS RUSSELLI, SCARUS RUBROVIOLACEUS, SCARUS PSITTACUS, SCARUS FRENATUS, CHLORURUS SORDIDUS, CHLORURUS ATRILUNULA, CETOSCARUS BICOLOR, THALASSOMA QUINQUEVITTATUM, SCARUS GHOBBAN<A0>, SCARUS CAUDOFASCIATUS, POMACENTRUS PAVO, PRISTOTIS OBTUSIROSTRIS","BODOLOHA"
"5942","H","Horita","Octopus","","","Horita"
"5943","H","Horita","Octopus","","","Horita"
"5944","H","Horita","Octopus","","","Horita"
"5945","H","Horita","Octopus","","","Horita"
"5946","H","Horita","Octopus","","","Horita"
"5947","H","Horita","Octopus","","","Horita"
"5948","FAY RARA","Fay rara","","","","Fay rara"
"5949","ZANGA FOTY","Zanga foty","Sandfish Holothuria scabra","","","Zanga foty"
"5950","H","Horita","Octopus","","","Horita"
"5951","H","Horita","Octopus","","","Horita"
"5952","ZANGA BENONO","Zanga Benono","White teatfish/ holothuria fuscogilva","","","Zanga Benono"
"5953","FANGELIKE","Fia Angelike","Sky emperor","ANGELEKE,ANGELIKE","LETHRINUS MAHSENA, LETHRINUS LENTJAN, LETHEINUS MAHSENA, LETHEINUS LENTJAN, LETHRINUS MASHENA","ANGELEKE,ANGELIKE"
"5954","FBONDRO","Fia Bondro","","","","Fia Bondro"
"5955","FTSORABY","","","","",""
"5956","FLAVANIFY","","","LAVANIFY","LETHRINUS OLIVACEUS","LAVANIFY"
"5957","H","Horita","Octopus","","","Horita"
"5958","FBODOLOHA","Fia Bodoloha","Blue Barred parrotfish/ scarus ghobban","BODOLOHA","HIPPOSCARUS HARID, SCARUS PRASIOGNATHUS, SCARUS NIGER, CALOTOMUS SPINIDENS, SCARUS GHOBBAN, CALOTOMUS CAROLINUS, CHLORURUS STRONGYLOCEPHALUS, SCARUS TRICOLOR, SCARUS SCABER, SCARUS RUSSELLI, SCARUS RUBROVIOLACEUS, SCARUS PSITTACUS, SCARUS FRENATUS, CHLORURUS SORDIDUS, CHLORURUS ATRILUNULA, CETOSCARUS BICOLOR, THALASSOMA QUINQUEVITTATUM, SCARUS GHOBBAN<A0>, SCARUS CAUDOFASCIATUS, POMACENTRUS PAVO, PRISTOTIS OBTUSIROSTRIS","BODOLOHA"
"5959","FTSAMEARENE","Fia Tsamearene?","","","","Fia Tsamearene?"
"5960","FTSIFA","Fiantsifa","Naso unicornis","","","Fiantsifa"
"5961","FVALALA","Valalataitse","","","","Valalataitse"
"5962","FTSARAMATSEROKE","","","","",""
"5963","A","Angisy","Squid","","","Angisy"
"5964","FDABANDRIAKE","Fia Dabandriake","Convict Surgeon, acanthurus triostegus","","","Fia Dabandriake"
"5965","A","Angisy","Squid","","","Angisy"
"5966","FTONA","Fia Toho","Duckbill sleeper or freshwater goby or speckled goby/ Butis butis or awaous aeneofuscus or redigobius bikolanus","","","Fia Toho"
"5967","FBONDRO","Fia Bondro","","","","Fia Bondro"
"5968","FALOALO","Fia Aloalo","Great Barracuda, Sphyaena bararcuda","","","Fia Aloalo"
"5969","FTSOY","Fia Tsoy","Mulloides auriflamma","TSOY","MULLOIDICHTHYS FLAVOLINEATUS, MULLOIDICHTHYS VANICAULEUSIS","TSOY"
"5970","H","Horita","Octopus","","","Horita"
"5971","H","Horita","Octopus","","","Horita"
"5972","H","Horita","Octopus","","","Horita"
"5973","A","Angisy","Squid","","","Angisy"
"5974","A","Angisy","Squid","","","Angisy"
"5975","ZANGA TSOKENA","Zanga Trokena","Brownfish/ Actinopyga echinites","","","Zanga Trokena"
"5976","ZANGA ZOMALY","","Sea Cucumber","","","Sea Cucumber"
"5977","A","Angisy","Squid","","","Angisy"
"5978","A","Angisy","Squid","","","Angisy"
"5979","A","Angisy","Squid","","","Angisy"
"5980","FBONDRO","Fia Bondro","","","","Fia Bondro"
"5981","HNAKORA","Horita nakora","Octopus aegina","","","Horita nakora"
"5982","ZANGA ZOMALY","","Sea Cucumber","","","Sea Cucumber"
"5983","FBONDRO","Fia Bondro","","","","Fia Bondro"
"5984","FTSIFA","Fiantsifa","Naso unicornis","","","Fiantsifa"
"5985","HNAKORA","Horita nakora","Octopus aegina","","","Horita nakora"
"5986","H","Horita","Octopus","","","Horita"
"5987","FSAVESAVE","Savisavy","Fish","","","Savisavy"
"5988","H","Horita","Octopus","","","Horita"
"5989","H","Horita","Octopus","","","Horita"
"5990","FTSOY MALINIKE","Fia Tsoy","Mulloides auriflamma","TSOY","MULLOIDICHTHYS FLAVOLINEATUS, MULLOIDICHTHYS VANICAULEUSIS","TSOY"
"5991","H","Horita","Octopus","","","Horita"
"5992","H","Horita","Octopus","","","Horita"
"5993","H","Horita","Octopus","","","Horita"
"5994","FMANDRENDRE","Fia Mandredre","","","","Fia Mandredre"
"5995","H","Horita","Octopus","","","Horita"
"5996","H","Horita","Octopus","","","Horita"
"5997","FLOVOHARA","Fia Lovo","Bluespotted or coral grouper / cephalopholis argus or cephalopholis miniata","LOVO","EPINEPHELUS FUSCOGUTTATUS, CEPHALOPHOLIS SEXMACULATA, CEPHALOPHOLIS MINIATA, ANYPERADON LEUCOGRAMMICUS, EPINEPHELUS CAERULEOPUNCTATUS, EPINEPHELUS FASCIATUS, PLECTROPOMUS PUNCTATUS, CEPHALOPHOLIS URODETA, CEPHALOPHOLIS SONNERATI, PLECTROPOMUS LAEVIS, EPINEPHELUS MULTINOTATUS, PLECTORHINCHUS ALBOVITTATUS, ANYPERODON LEUCOGRAMMICUS, CEPHALOPHOLIS SONNERATI<A0>, PLECTOPOMUS PUNCTATUS, PLECTOPOMUS LAEVIS, PLECTORHINCHUS ALBOVITATUS","LOVO"
"5998","A","Angisy","Squid","","","Angisy"
"5999","A","Angisy","Squid","","","Angisy"
"6000","H","Horita","Octopus","","","Horita"
"6001","H","Horita","Octopus","","","Horita"
"6002","H","Horita","Octopus","","","Horita"
"6003","H","Horita","Octopus","","","Horita"
"6004","HNAKORA","Horita nakora","Octopus aegina","","","Horita nakora"
"6005","FTSIRIMPAOSA","Fia Tsiripoasa?","","","","Fia Tsiripoasa?"
"6006","FTSIFA","Fiantsifa","Naso unicornis","","","Fiantsifa"
"6007","FFOTIHOHY","Fay Foty","Smalltooth sand tiger or dusky shark/ Odontaspis ferox or Carcharhinus obscurus","","","Fay Foty"
"6008","FTSIFA","Fiantsifa","Naso unicornis","","","Fiantsifa"
"6009","A","Angisy","Squid","","","Angisy"
"6010","A","Angisy","Squid","","","Angisy"
"6011","A","Angisy","Squid","","","Angisy"
"6012","H","Horita","Octopus","","","Horita"
"6013","ZANGAMBATO","Zangambato","Actinopyga lecanora","","","Zangambato"
"6014","H","Horita","Octopus","","","Horita"
"6015","H","Horita","Octopus","","","Horita"
"6016","FBONDRO","Fia Bondro","","","","Fia Bondro"
"6017","FMALILY","Malily","Black and yellow grouper/ Epinephelus flavocaeruleus","MALILY","MACOLOR NIGER","MALILY"
"6018","H","Horita","Octopus","","","Horita"
"6019","H","Horita","Octopus","","","Horita"
"6020","H","Horita","Octopus","","","Horita"
"6021","H","Horita","Octopus","","","Horita"
"6022","H","Horita","Octopus","","","Horita"
"6023","FTSIFA","Fiantsifa","Naso unicornis","","","Fiantsifa"
"6024","FTABAKE","Fia Tabaky/ Fia Tsabeake","Ember parrotfish/ scarus rubroviolaceus","TABAKE","AROTHRON NIGROPUNCTATUS","TABAKE"
"6025","FVORAMASAKE","Voramasake","","VORAMASAKE,VORAMASAEKE","SIGANUS SUTOR, SIGANUS STELLATUS, SIGANUS SUTOR<A0>, SIGANUS NETOR","VORAMASAKE,VORAMASAEKE"
"6026","H","Horita","Octopus","","","Horita"
"6027","A","Angisy","Squid","","","Angisy"
"6028","A","Angisy","Squid","","","Angisy"
"6029","A","Angisy","Squid","","","Angisy"
"6030","FTSORABY","","","","",""
"6031","FANGELIKE","Fia Angelike","Sky emperor","ANGELEKE,ANGELIKE","LETHRINUS MAHSENA, LETHRINUS LENTJAN, LETHEINUS MAHSENA, LETHEINUS LENTJAN, LETHRINUS MASHENA","ANGELEKE,ANGELIKE"
"6032","H","Horita","Octopus","","","Horita"
"6033","FMENASOFY","","","MENASOFY","LETHRINUS LENTJAN","MENASOFY"
"6034","FTSIFA","Fiantsifa","Naso unicornis","","","Fiantsifa"
"6035","FANTSISY","Fia Antisy","No idea but these seem to go together","","","Fia Antisy"
"6036","FTSIRIMPAOSA","Fia Tsiripoasa?","","","","Fia Tsiripoasa?"
"6037","",NA,NA,NA,NA,NA
"6038","",NA,NA,NA,NA,NA
"6039","F","Fia","Fish","","","Fia"
"6040","B","Bozike","Chicoreus ramosus","","","Bozike"
"6041","H","Horita","Octopus","","","Horita"
"6042","F","Fia","Fish","","","Fia"
"6043","B","Bozike","Chicoreus ramosus","","","Bozike"
"6044","L","Lamera","eel","LAMAIRA,LAMAIRAKINA,LAMAIRA FESOTSE AMBATO,LAMAIRA KINA,LAMAIRANKENA","GYMNOTHORAX JAVANICUS, GYMNOMURAENA ZEBRA, ECHIDNA NEBULOSA, GYMNOTORAX JAVANICUS","LAMAIRA,LAMAIRAKINA,LAMAIRA FESOTSE AMBATO,LAMAIRA KINA,LAMAIRANKENA"
"6045","H","Horita","Octopus","","","Horita"
"6046","H","Horita","Octopus","","","Horita"
"6047","A","Angisy","Squid","","","Angisy"
"6048","A","Angisy","Squid","","","Angisy"
"6049","F","Fia","Fish","","","Fia"
"6050","L","Lamera","eel","LAMAIRA,LAMAIRAKINA,LAMAIRA FESOTSE AMBATO,LAMAIRA KINA,LAMAIRANKENA","GYMNOTHORAX JAVANICUS, GYMNOMURAENA ZEBRA, ECHIDNA NEBULOSA, GYMNOTORAX JAVANICUS","LAMAIRA,LAMAIRAKINA,LAMAIRA FESOTSE AMBATO,LAMAIRA KINA,LAMAIRANKENA"
"6051","B","Bozike","Chicoreus ramosus","","","Bozike"
"6052","H","Horita","Octopus","","","Horita"
"6053","H","Horita","Octopus","","","Horita"
"6054","H","Horita","Octopus","","","Horita"
"6055","H","Horita","Octopus","","","Horita"
"6056","B","Bozike","Chicoreus ramosus","","","Bozike"
"6057","F","Fia","Fish","","","Fia"
"6058","H","Horita","Octopus","","","Horita"
"6059","H","Horita","Octopus","","","Horita"
"6060","B","Bozike","Chicoreus ramosus","","","Bozike"
"6061","B","Bozike","Chicoreus ramosus","","","Bozike"
"6062","F","Fia","Fish","","","Fia"
"6063","F","Fia","Fish","","","Fia"
"6064","H","Horita","Octopus","","","Horita"
"6065","H","Horita","Octopus","","","Horita"
"6066","H","Horita","Octopus","","","Horita"
"6067","BOKAHI","","","","",""
"6068","H","Horita","Octopus","","","Horita"
"6069","FMAINTY","Fia Mainte?","","","","Fia Mainte?"
"6070","FTSABEAKE","","","TSABEAKE","GNATHODENTEX AUROLINEATUS, LETHRINUS NEBULOSUS, LETHEINUS NEBULOSUS","TSABEAKE"
"6071","FMAINTE","Fia Mainte?","","","","Fia Mainte?"
"6072","FVORAMASAKE","Voramasake","","VORAMASAKE,VORAMASAEKE","SIGANUS SUTOR, SIGANUS STELLATUS, SIGANUS SUTOR<A0>, SIGANUS NETOR","VORAMASAKE,VORAMASAEKE"
"6073","VORAMASAKE","Voramasake","","VORAMASAKE,VORAMASAEKE","SIGANUS SUTOR, SIGANUS STELLATUS, SIGANUS SUTOR<A0>, SIGANUS NETOR","VORAMASAKE,VORAMASAEKE"
"6074","FTSOY","Fia Tsoy","Mulloides auriflamma","TSOY","MULLOIDICHTHYS FLAVOLINEATUS, MULLOIDICHTHYS VANICAULEUSIS","TSOY"
"6075","FJOGINY","Fia Joginy","","LOGY","SELAR CRUMENOPHTHALMUS, RASTRELLIGER KANAGURTA","LOGY"
"6076","FMAITE","Fia Mainte?","","","","Fia Mainte?"
"6077","FFITSE","Fia Fitse","Caesia caerulaureus","","","Fia Fitse"
"6078","H","Horita","Octopus","","","Horita"
"6079","FMAINTE","Fia Mainte?","","","","Fia Mainte?"
"6080","FTSIPA","Fiantsifa","Naso unicornis","","","Fiantsifa"
"6081","FTSIFA","Fiantsifa","Naso unicornis","","","Fiantsifa"
"6082","H","Horita","Octopus","","","Horita"
"6083","H","Horita","Octopus","","","Horita"
"6084","LAMATRA","Lamatra","Kanadi Kingfish/ scombermorus plurilineatus","LAMATSA,LAMATRA,LAMANTRA,LAMANTRA","SCOMBEROMORUS COMMERSON, SCOMBEROIDES LYSAN, SCOBEROIDES LYSAN","LAMATSA,LAMATRA,LAMANTRA,LAMANTRA"
"6085","H","Horita","Octopus","","","Horita"
"6086","FMENA","Fia Mena","Squirrelfish, Holocentrinae","","","Fia Mena"
"6087","FLOVO SARA",NA,NA,NA,NA,NA
"6088","FTABAKE","Fia Tabaky/ Fia Tsabeake","Ember parrotfish/ scarus rubroviolaceus","TABAKE","AROTHRON NIGROPUNCTATUS","TABAKE"
"6089","FTSIFAH","Fiantsifa","Naso unicornis","","","Fiantsifa"
"6090","H","Horita","Octopus","","","Horita"
"6091","H","Horita","Octopus","","","Horita"
"6092","H","Horita","Octopus","","","Horita"
"6093","FTSIFA","Fiantsifa","Naso unicornis","","","Fiantsifa"
"6094","FTSIFA","Fiantsifa","Naso unicornis","","","Fiantsifa"
"6095","FMENA","Fia Mena","Squirrelfish, Holocentrinae","","","Fia Mena"
"6096","H","Horita","Octopus","","","Horita"
"6097","FLANORA","Fia Lanora","Yellowspotted or giant trevally/ caragoides fulvoguttatus or Caranx ignobilis","LANORA","CARANX PAPUENSIS, CARANX MELAMPYGUS, CARANX IGNOBILIS, CARANGOIDES FULVOGUTTATUS, CARANGOIDES FERDAU, CARANX IGNOBILIS<A0>","LANORA"
"6098","FTSOKAHITSE","","Fish","","","Fish"
"6099","H","Horita","Octopus","","","Horita"
"6100","FTABAKE","Fia Tabaky/ Fia Tsabeake","Ember parrotfish/ scarus rubroviolaceus","TABAKE","AROTHRON NIGROPUNCTATUS","TABAKE"
"6101","H","Horita","Octopus","","","Horita"
"6102","H","Horita","Octopus","","","Horita"
"6103","H","Horita","Octopus","","","Horita"
"6104","H","Horita","Octopus","","","Horita"
"6105","FTOHO","Fia Toho","Duckbill sleeper or freshwater goby or speckled goby/ Butis butis or awaous aeneofuscus or redigobius bikolanus","","","Fia Toho"
"6106","FMAINTE","Fia Mainte?","","","","Fia Mainte?"
"6107","FVORAMASAKE","Voramasake","","VORAMASAKE,VORAMASAEKE","SIGANUS SUTOR, SIGANUS STELLATUS, SIGANUS SUTOR<A0>, SIGANUS NETOR","VORAMASAKE,VORAMASAEKE"
"6108","FTSARA","Fia tsara","","","","Fia tsara"
"6109","FTABAKE","Fia Tabaky/ Fia Tsabeake","Ember parrotfish/ scarus rubroviolaceus","TABAKE","AROTHRON NIGROPUNCTATUS","TABAKE"
"6110","",NA,NA,NA,NA,NA
"6111","FMAINTE","Fia Mainte?","","","","Fia Mainte?"
"6112","FTSORABY","","","","",""
"6113","FTSOY","Fia Tsoy","Mulloides auriflamma","TSOY","MULLOIDICHTHYS FLAVOLINEATUS, MULLOIDICHTHYS VANICAULEUSIS","TSOY"
"6114","FMAINTE","Fia Mainte?","","","","Fia Mainte?"
"6115","FTSORABY","","","","",""
"6116","FTSORABY","","","","",""
"6117","FJOGINY","Fia Joginy","","LOGY","SELAR CRUMENOPHTHALMUS, RASTRELLIGER KANAGURTA","LOGY"
"6118","FVORAMASAKE","Voramasake","","VORAMASAKE,VORAMASAEKE","SIGANUS SUTOR, SIGANUS STELLATUS, SIGANUS SUTOR<A0>, SIGANUS NETOR","VORAMASAKE,VORAMASAEKE"
"6119","FMAINTE","Fia Mainte?","","","","Fia Mainte?"
"6120","H","Horita","Octopus","","","Horita"
"6121","FANTSISY","Fia Antisy","No idea but these seem to go together","","","Fia Antisy"
"6122","FMENA","Fia Mena","Squirrelfish, Holocentrinae","","","Fia Mena"
"6123","L","Lamera","eel","LAMAIRA,LAMAIRAKINA,LAMAIRA FESOTSE AMBATO,LAMAIRA KINA,LAMAIRANKENA","GYMNOTHORAX JAVANICUS, GYMNOMURAENA ZEBRA, ECHIDNA NEBULOSA, GYMNOTORAX JAVANICUS","LAMAIRA,LAMAIRAKINA,LAMAIRA FESOTSE AMBATO,LAMAIRA KINA,LAMAIRANKENA"
"6124","H","Horita","Octopus","","","Horita"
"6125","FMAINTE","Fia Mainte?","","","","Fia Mainte?"
"6126","FVORAMASAKE","Voramasake","","VORAMASAKE,VORAMASAEKE","SIGANUS SUTOR, SIGANUS STELLATUS, SIGANUS SUTOR<A0>, SIGANUS NETOR","VORAMASAKE,VORAMASAEKE"
"6127","",NA,NA,NA,NA,NA
"6128","FMAITE","Fia Mainte?","","","","Fia Mainte?"
"6129","FTSABEAKE","","","TSABEAKE","GNATHODENTEX AUROLINEATUS, LETHRINUS NEBULOSUS, LETHEINUS NEBULOSUS","TSABEAKE"
"6130","H","Horita","Octopus","","","Horita"
"6131","FSAVESAVE","Savisavy","Fish","","","Savisavy"
"6132","FSAVESAVE","Savisavy","Fish","","","Savisavy"
"6133","H","Horita","Octopus","","","Horita"
"6134","FTABAKE","Fia Tabaky/ Fia Tsabeake","Ember parrotfish/ scarus rubroviolaceus","TABAKE","AROTHRON NIGROPUNCTATUS","TABAKE"
"6135","FANTSISY","Fia Antisy","No idea but these seem to go together","","","Fia Antisy"
"6136","H","Horita","Octopus","","","Horita"
"6137","H","Horita","Octopus","","","Horita"
"6138","FMAINTE","Fia Mainte?","","","","Fia Mainte?"
"6139","FLOVOHO","Fia Lovo","Bluespotted or coral grouper / cephalopholis argus or cephalopholis miniata","LOVO","EPINEPHELUS FUSCOGUTTATUS, CEPHALOPHOLIS SEXMACULATA, CEPHALOPHOLIS MINIATA, ANYPERADON LEUCOGRAMMICUS, EPINEPHELUS CAERULEOPUNCTATUS, EPINEPHELUS FASCIATUS, PLECTROPOMUS PUNCTATUS, CEPHALOPHOLIS URODETA, CEPHALOPHOLIS SONNERATI, PLECTROPOMUS LAEVIS, EPINEPHELUS MULTINOTATUS, PLECTORHINCHUS ALBOVITTATUS, ANYPERODON LEUCOGRAMMICUS, CEPHALOPHOLIS SONNERATI<A0>, PLECTOPOMUS PUNCTATUS, PLECTOPOMUS LAEVIS, PLECTORHINCHUS ALBOVITATUS","LOVO"
"6140","FVORAMASAKE","Voramasake","","VORAMASAKE,VORAMASAEKE","SIGANUS SUTOR, SIGANUS STELLATUS, SIGANUS SUTOR<A0>, SIGANUS NETOR","VORAMASAKE,VORAMASAEKE"
"6141","H","Horita","Octopus","","","Horita"
"6142","H","Horita","Octopus","","","Horita"
"6143","FTSOY","Fia Tsoy","Mulloides auriflamma","TSOY","MULLOIDICHTHYS FLAVOLINEATUS, MULLOIDICHTHYS VANICAULEUSIS","TSOY"
"6144","H","Horita","Octopus","","","Horita"
"6145","FSAVESAVE","Savisavy","Fish","","","Savisavy"
"6146","FMENA","Fia Mena","Squirrelfish, Holocentrinae","","","Fia Mena"
"6147","H","Horita","Octopus","","","Horita"
"6148","H","Horita","Octopus","","","Horita"
"6149","FTSABEAKE","","","TSABEAKE","GNATHODENTEX AUROLINEATUS, LETHRINUS NEBULOSUS, LETHEINUS NEBULOSUS","TSABEAKE"
"6150","FMAINTE","Fia Mainte?","","","","Fia Mainte?"
"6151","H","Horita","Octopus","","","Horita"
"6152","FTOHO","Fia Toho","Duckbill sleeper or freshwater goby or speckled goby/ Butis butis or awaous aeneofuscus or redigobius bikolanus","","","Fia Toho"
"6153","H","Horita","Octopus","","","Horita"
"6154","H","Horita","Octopus","","","Horita"
"6155","FGOGO","Fia gogo","Madagascar sea catfish/ Arius madagascariensis","","","Fia gogo"
"6156","FTABAKE","Fia Tabaky/ Fia Tsabeake","Ember parrotfish/ scarus rubroviolaceus","TABAKE","AROTHRON NIGROPUNCTATUS","TABAKE"
"6157","H","Horita","Octopus","","","Horita"
"6158","H","Horita","Octopus","","","Horita"
"6159","L","Lamera","eel","LAMAIRA,LAMAIRAKINA,LAMAIRA FESOTSE AMBATO,LAMAIRA KINA,LAMAIRANKENA","GYMNOTHORAX JAVANICUS, GYMNOMURAENA ZEBRA, ECHIDNA NEBULOSA, GYMNOTORAX JAVANICUS","LAMAIRA,LAMAIRAKINA,LAMAIRA FESOTSE AMBATO,LAMAIRA KINA,LAMAIRANKENA"
"6160","FTSOKAHITSE","","Fish","","","Fish"
"6161","FMAINTE","Fia Mainte?","","","","Fia Mainte?"
"6162","H","Horita","Octopus","","","Horita"
"6163","H","Horita","Octopus","","","Horita"
"6164","H","Horita","Octopus","","","Horita"
"6165","H","Horita","Octopus","","","Horita"
"6166","H","Horita","Octopus","","","Horita"
"6167","H","Horita","Octopus","","","Horita"
"6168","H","Horita","Octopus","","","Horita"
"6169","H","Horita","Octopus","","","Horita"
"6170","H","Horita","Octopus","","","Horita"
"6171","FARELOHA","Fia Areloha","Goldsilk seabream/ acanthopagrus berda","","","Fia Areloha"
"6172","H","Horita","Octopus","","","Horita"
"6173","FMAINTE","Fia Mainte?","","","","Fia Mainte?"
"6174","FTSABEAKE","","","TSABEAKE","GNATHODENTEX AUROLINEATUS, LETHRINUS NEBULOSUS, LETHEINUS NEBULOSUS","TSABEAKE"
"6175","FLANORA","Fia Lanora","Yellowspotted or giant trevally/ caragoides fulvoguttatus or Caranx ignobilis","LANORA","CARANX PAPUENSIS, CARANX MELAMPYGUS, CARANX IGNOBILIS, CARANGOIDES FULVOGUTTATUS, CARANGOIDES FERDAU, CARANX IGNOBILIS<A0>","LANORA"
"6176","FMAITE","Fia Mainte?","","","","Fia Mainte?"
"6177","H","Horita","Octopus","","","Horita"
"6178","FTOHO","Fia Toho","Duckbill sleeper or freshwater goby or speckled goby/ Butis butis or awaous aeneofuscus or redigobius bikolanus","","","Fia Toho"
"6179","FTABAKE","Fia Tabaky/ Fia Tsabeake","Ember parrotfish/ scarus rubroviolaceus","TABAKE","AROTHRON NIGROPUNCTATUS","TABAKE"
"6180","FTABAKE","Fia Tabaky/ Fia Tsabeake","Ember parrotfish/ scarus rubroviolaceus","TABAKE","AROTHRON NIGROPUNCTATUS","TABAKE"
"6181","FMAITE","Fia Mainte?","","","","Fia Mainte?"
"6182","H","Horita","Octopus","","","Horita"
"6183","FMENA","Fia Mena","Squirrelfish, Holocentrinae","","","Fia Mena"
"6184","H","Horita","Octopus","","","Horita"
"6185","H","Horita","Octopus","","","Horita"
"6186","H","Horita","Octopus","","","Horita"
"6187","H","Horita","Octopus","","","Horita"
"6188","FMAITE","Fia Mainte?","","","","Fia Mainte?"
"6189","H","Horita","Octopus","","","Horita"
"6190","H","Horita","Octopus","","","Horita"
"6191","H","Horita","Octopus","","","Horita"
"6192","FTABAKE","Fia Tabaky/ Fia Tsabeake","Ember parrotfish/ scarus rubroviolaceus","TABAKE","AROTHRON NIGROPUNCTATUS","TABAKE"
"6193","H","Horita","Octopus","","","Horita"
"6194","H","Horita","Octopus","","","Horita"
"6195","FSAVESAVE","Savisavy","Fish","","","Savisavy"
"6196","H","Horita","Octopus","","","Horita"
"6197","FSAVESAVE","Savisavy","Fish","","","Savisavy"
"6198","L","Lamera","eel","LAMAIRA,LAMAIRAKINA,LAMAIRA FESOTSE AMBATO,LAMAIRA KINA,LAMAIRANKENA","GYMNOTHORAX JAVANICUS, GYMNOMURAENA ZEBRA, ECHIDNA NEBULOSA, GYMNOTORAX JAVANICUS","LAMAIRA,LAMAIRAKINA,LAMAIRA FESOTSE AMBATO,LAMAIRA KINA,LAMAIRANKENA"
"6199","H","Horita","Octopus","","","Horita"
"6200","FMAINTE","Fia Mainte?","","","","Fia Mainte?"
"6201","FVORAMASAKE","Voramasake","","VORAMASAKE,VORAMASAEKE","SIGANUS SUTOR, SIGANUS STELLATUS, SIGANUS SUTOR<A0>, SIGANUS NETOR","VORAMASAKE,VORAMASAEKE"
"6202","H","Horita","Octopus","","","Horita"
"6203","H","Horita","Octopus","","","Horita"
"6204","H","Horita","Octopus","","","Horita"
"6205","H","Horita","Octopus","","","Horita"
"6206","FLOVOHARA","Fia Lovo","Bluespotted or coral grouper / cephalopholis argus or cephalopholis miniata","LOVO","EPINEPHELUS FUSCOGUTTATUS, CEPHALOPHOLIS SEXMACULATA, CEPHALOPHOLIS MINIATA, ANYPERADON LEUCOGRAMMICUS, EPINEPHELUS CAERULEOPUNCTATUS, EPINEPHELUS FASCIATUS, PLECTROPOMUS PUNCTATUS, CEPHALOPHOLIS URODETA, CEPHALOPHOLIS SONNERATI, PLECTROPOMUS LAEVIS, EPINEPHELUS MULTINOTATUS, PLECTORHINCHUS ALBOVITTATUS, ANYPERODON LEUCOGRAMMICUS, CEPHALOPHOLIS SONNERATI<A0>, PLECTOPOMUS PUNCTATUS, PLECTOPOMUS LAEVIS, PLECTORHINCHUS ALBOVITATUS","LOVO"
"6207","FMAINTE","Fia Mainte?","","","","Fia Mainte?"
"6208","H","Horita","Octopus","","","Horita"
"6209","L","Lamera","eel","LAMAIRA,LAMAIRAKINA,LAMAIRA FESOTSE AMBATO,LAMAIRA KINA,LAMAIRANKENA","GYMNOTHORAX JAVANICUS, GYMNOMURAENA ZEBRA, ECHIDNA NEBULOSA, GYMNOTORAX JAVANICUS","LAMAIRA,LAMAIRAKINA,LAMAIRA FESOTSE AMBATO,LAMAIRA KINA,LAMAIRANKENA"
"6210","H","Horita","Octopus","","","Horita"
"6211","FVORAMASAKE","Voramasake","","VORAMASAKE,VORAMASAEKE","SIGANUS SUTOR, SIGANUS STELLATUS, SIGANUS SUTOR<A0>, SIGANUS NETOR","VORAMASAKE,VORAMASAEKE"
"6212","FTABAKE","Fia Tabaky/ Fia Tsabeake","Ember parrotfish/ scarus rubroviolaceus","TABAKE","AROTHRON NIGROPUNCTATUS","TABAKE"
"6213","FTSIFA","Fiantsifa","Naso unicornis","","","Fiantsifa"
"6214","FFITSE","Fia Fitse","Caesia caerulaureus","","","Fia Fitse"
"6215","FTSIFA","Fiantsifa","Naso unicornis","","","Fiantsifa"
"6216","FTABAKE","Fia Tabaky/ Fia Tsabeake","Ember parrotfish/ scarus rubroviolaceus","TABAKE","AROTHRON NIGROPUNCTATUS","TABAKE"
"6217","H","Horita","Octopus","","","Horita"
"6218","FMAITE","Fia Mainte?","","","","Fia Mainte?"
"6219","FTABAKE","Fia Tabaky/ Fia Tsabeake","Ember parrotfish/ scarus rubroviolaceus","TABAKE","AROTHRON NIGROPUNCTATUS","TABAKE"
"6220","H","Horita","Octopus","","","Horita"
"6221","FTABAKE","Fia Tabaky/ Fia Tsabeake","Ember parrotfish/ scarus rubroviolaceus","TABAKE","AROTHRON NIGROPUNCTATUS","TABAKE"
"6222","H","Horita","Octopus","","","Horita"
"6223","H","Horita","Octopus","","","Horita"
"6224","FTOHO","Fia Toho","Duckbill sleeper or freshwater goby or speckled goby/ Butis butis or awaous aeneofuscus or redigobius bikolanus","","","Fia Toho"
"6225","H","Horita","Octopus","","","Horita"
"6226","H","Horita","Octopus","","","Horita"
"6227","H","Horita","Octopus","","","Horita"
"6228","FTSOKAHITSE","","Fish","","","Fish"
"6229","H","Horita","Octopus","","","Horita"
"6230","FTSIFA","Fiantsifa","Naso unicornis","","","Fiantsifa"
"6231","H","Horita","Octopus","","","Horita"
"6232","H","Horita","Octopus","","","Horita"
"6233","H","Horita","Octopus","","","Horita"
"6234","H","Horita","Octopus","","","Horita"
"6235","H","Horita","Octopus","","","Horita"
"6236","H","Horita","Octopus","","","Horita"
"6237","H","Horita","Octopus","","","Horita"
"6238","H","Horita","Octopus","","","Horita"
"6239","H","Horita","Octopus","","","Horita"
"6240","FJOGINY","Fia Joginy","","LOGY","SELAR CRUMENOPHTHALMUS, RASTRELLIGER KANAGURTA","LOGY"
"6241","FLAVANIFY","","","LAVANIFY","LETHRINUS OLIVACEUS","LAVANIFY"
"6242","FVORAMASAKE","Voramasake","","VORAMASAKE,VORAMASAEKE","SIGANUS SUTOR, SIGANUS STELLATUS, SIGANUS SUTOR<A0>, SIGANUS NETOR","VORAMASAKE,VORAMASAEKE"
"6243","H","Horita","Octopus","","","Horita"
"6244","H","Horita","Octopus","","","Horita"
"6245","FMENA","Fia Mena","Squirrelfish, Holocentrinae","","","Fia Mena"
"6246","H","Horita","Octopus","","","Horita"
"6247","FSAKAVOTO","","","","",""
"6248","FTSIFA","Fiantsifa","Naso unicornis","","","Fiantsifa"
"6249","H","Horita","Octopus","","","Horita"
"6250","FTSIFA","Fiantsifa","Naso unicornis","","","Fiantsifa"
"6251","H","Horita","Octopus","","","Horita"
"6252","H","Horita","Octopus","","","Horita"
"6253","H","Horita","Octopus","","","Horita"
"6254","H","Horita","Octopus","","","Horita"
"6255","H","Horita","Octopus","","","Horita"
"6256","H","Horita","Octopus","","","Horita"
"6257","H","Horita","Octopus","","","Horita"
"6258","H","Horita","Octopus","","","Horita"
"6259","H","Horita","Octopus","","","Horita"
"6260","FJOGINY","Fia Joginy","","LOGY","SELAR CRUMENOPHTHALMUS, RASTRELLIGER KANAGURTA","LOGY"
"6261","FTSOY","Fia Tsoy","Mulloides auriflamma","TSOY","MULLOIDICHTHYS FLAVOLINEATUS, MULLOIDICHTHYS VANICAULEUSIS","TSOY"
"6262","H","Horita","Octopus","","","Horita"
"6263","H","Horita","Octopus","","","Horita"
"6264","H","Horita","Octopus","","","Horita"
"6265","H","Horita","Octopus","","","Horita"
"6266","FTSIFA","Fiantsifa","Naso unicornis","","","Fiantsifa"
"6267","FTABIKE","Fia Tabaky/ Fia Tsabeake","Ember parrotfish/ scarus rubroviolaceus","TABAKE","AROTHRON NIGROPUNCTATUS","TABAKE"
"6268","FMAINTE","Fia Mainte?","","","","Fia Mainte?"
"6269","H","Horita","Octopus","","","Horita"
"6270","FTSIFA","Fiantsifa","Naso unicornis","","","Fiantsifa"
"6271","FFITSE","Fia Fitse","Caesia caerulaureus","","","Fia Fitse"
"6272","FMAINTE","Fia Mainte?","","","","Fia Mainte?"
"6273","FTSORABY","","","","",""
"6274","FTSORABY","","","","",""
"6275","FTSABEAKE","","","TSABEAKE","GNATHODENTEX AUROLINEATUS, LETHRINUS NEBULOSUS, LETHEINUS NEBULOSUS","TSABEAKE"
"6276","FTSOY","Fia Tsoy","Mulloides auriflamma","TSOY","MULLOIDICHTHYS FLAVOLINEATUS, MULLOIDICHTHYS VANICAULEUSIS","TSOY"
"6277","FFITSE","Fia Fitse","Caesia caerulaureus","","","Fia Fitse"
"6278","FTSABEAKE","","","TSABEAKE","GNATHODENTEX AUROLINEATUS, LETHRINUS NEBULOSUS, LETHEINUS NEBULOSUS","TSABEAKE"
"6279","FMAINTE","Fia Mainte?","","","","Fia Mainte?"
"6280","FTSABEAKE","","","TSABEAKE","GNATHODENTEX AUROLINEATUS, LETHRINUS NEBULOSUS, LETHEINUS NEBULOSUS","TSABEAKE"
"6281","H","Horita","Octopus","","","Horita"
"6282","H","Horita","Octopus","","","Horita"
"6283","FMAINTE","Fia Mainte?","","","","Fia Mainte?"
"6284","H","Horita","Octopus","","","Horita"
"6285","H","Horita","Octopus","","","Horita"
"6286","H","Horita","Octopus","","","Horita"
"6287","H","Horita","Octopus","","","Horita"
"6288","L","Lamera","eel","LAMAIRA,LAMAIRAKINA,LAMAIRA FESOTSE AMBATO,LAMAIRA KINA,LAMAIRANKENA","GYMNOTHORAX JAVANICUS, GYMNOMURAENA ZEBRA, ECHIDNA NEBULOSA, GYMNOTORAX JAVANICUS","LAMAIRA,LAMAIRAKINA,LAMAIRA FESOTSE AMBATO,LAMAIRA KINA,LAMAIRANKENA"
"6289","FLEONTINE","Leontiny","","","","Leontiny"
"6290","FANTISY","Fia Antisy","No idea but these seem to go together","","","Fia Antisy"
"6291","H","Horita","Octopus","","","Horita"
"6292","FTABAKE","Fia Tabaky/ Fia Tsabeake","Ember parrotfish/ scarus rubroviolaceus","TABAKE","AROTHRON NIGROPUNCTATUS","TABAKE"
"6293","H","Horita","Octopus","","","Horita"
"6294","H","Horita","Octopus","","","Horita"
"6295","H","Horita","Octopus","","","Horita"
"6296","H","Horita","Octopus","","","Horita"
"6297","FVORAMASAKE","Voramasake","","VORAMASAKE,VORAMASAEKE","SIGANUS SUTOR, SIGANUS STELLATUS, SIGANUS SUTOR<A0>, SIGANUS NETOR","VORAMASAKE,VORAMASAEKE"
"6298","FMAINTE","Fia Mainte?","","","","Fia Mainte?"
"6299","FTABAKE","Fia Tabaky/ Fia Tsabeake","Ember parrotfish/ scarus rubroviolaceus","TABAKE","AROTHRON NIGROPUNCTATUS","TABAKE"
"6300","",NA,NA,NA,NA,NA
"6301","FVORAMASAKE","Voramasake","","VORAMASAKE,VORAMASAEKE","SIGANUS SUTOR, SIGANUS STELLATUS, SIGANUS SUTOR<A0>, SIGANUS NETOR","VORAMASAKE,VORAMASAEKE"
"6302","FMAINTE","Fia Mainte?","","","","Fia Mainte?"
"6303","H","Horita","Octopus","","","Horita"
"6304","FFITSE","Fia Fitse","Caesia caerulaureus","","","Fia Fitse"
"6305","H","Horita","Octopus","","","Horita"
"6306","FBODOLOHA","Fia Bodoloha","Blue Barred parrotfish/ scarus ghobban","BODOLOHA","HIPPOSCARUS HARID, SCARUS PRASIOGNATHUS, SCARUS NIGER, CALOTOMUS SPINIDENS, SCARUS GHOBBAN, CALOTOMUS CAROLINUS, CHLORURUS STRONGYLOCEPHALUS, SCARUS TRICOLOR, SCARUS SCABER, SCARUS RUSSELLI, SCARUS RUBROVIOLACEUS, SCARUS PSITTACUS, SCARUS FRENATUS, CHLORURUS SORDIDUS, CHLORURUS ATRILUNULA, CETOSCARUS BICOLOR, THALASSOMA QUINQUEVITTATUM, SCARUS GHOBBAN<A0>, SCARUS CAUDOFASCIATUS, POMACENTRUS PAVO, PRISTOTIS OBTUSIROSTRIS","BODOLOHA"
"6307","H","Horita","Octopus","","","Horita"
"6308","H","Horita","Octopus","","","Horita"
"6309","H","Horita","Octopus","","","Horita"
"6310","H","Horita","Octopus","","","Horita"
"6311","H","Horita","Octopus","","","Horita"
"6312","H","Horita","Octopus","","","Horita"
"6313","FTOHO","Fia Toho","Duckbill sleeper or freshwater goby or speckled goby/ Butis butis or awaous aeneofuscus or redigobius bikolanus","","","Fia Toho"
"6314","H","Horita","Octopus","","","Horita"
"6315","H","Horita","Octopus","","","Horita"
"6316","FSAVESAVE","Savisavy","Fish","","","Savisavy"
"6317","FVORAMASAKE","Voramasake","","VORAMASAKE,VORAMASAEKE","SIGANUS SUTOR, SIGANUS STELLATUS, SIGANUS SUTOR<A0>, SIGANUS NETOR","VORAMASAKE,VORAMASAEKE"
"6318","FTSIFA","Fiantsifa","Naso unicornis","","","Fiantsifa"
"6319","H","Horita","Octopus","","","Horita"
"6320","H","Horita","Octopus","","","Horita"
"6321","FTSOY","Fia Tsoy","Mulloides auriflamma","TSOY","MULLOIDICHTHYS FLAVOLINEATUS, MULLOIDICHTHYS VANICAULEUSIS","TSOY"
"6322","H","Horita","Octopus","","","Horita"
"6323","FTSORABY","","","","",""
"6324","FBODOLOHA","Fia Bodoloha","Blue Barred parrotfish/ scarus ghobban","BODOLOHA","HIPPOSCARUS HARID, SCARUS PRASIOGNATHUS, SCARUS NIGER, CALOTOMUS SPINIDENS, SCARUS GHOBBAN, CALOTOMUS CAROLINUS, CHLORURUS STRONGYLOCEPHALUS, SCARUS TRICOLOR, SCARUS SCABER, SCARUS RUSSELLI, SCARUS RUBROVIOLACEUS, SCARUS PSITTACUS, SCARUS FRENATUS, CHLORURUS SORDIDUS, CHLORURUS ATRILUNULA, CETOSCARUS BICOLOR, THALASSOMA QUINQUEVITTATUM, SCARUS GHOBBAN<A0>, SCARUS CAUDOFASCIATUS, POMACENTRUS PAVO, PRISTOTIS OBTUSIROSTRIS","BODOLOHA"
"6325","FTSABEAKE","","","TSABEAKE","GNATHODENTEX AUROLINEATUS, LETHRINUS NEBULOSUS, LETHEINUS NEBULOSUS","TSABEAKE"
"6326","FVORAMASAKE","Voramasake","","VORAMASAKE,VORAMASAEKE","SIGANUS SUTOR, SIGANUS STELLATUS, SIGANUS SUTOR<A0>, SIGANUS NETOR","VORAMASAKE,VORAMASAEKE"
"6327","FMAINTE","Fia Mainte?","","","","Fia Mainte?"
"6328","FTSORABY","","","","",""
"6329","H","Horita","Octopus","","","Horita"
"6330","H","Horita","Octopus","","","Horita"
"6331","FTSOY","Fia Tsoy","Mulloides auriflamma","TSOY","MULLOIDICHTHYS FLAVOLINEATUS, MULLOIDICHTHYS VANICAULEUSIS","TSOY"
"6332","H","Horita","Octopus","","","Horita"
"6333","FSAVESAVE","Savisavy","Fish","","","Savisavy"
"6334","FMAINTE","Fia Mainte?","","","","Fia Mainte?"
"6335","FANGELIKE","Fia Angelike","Sky emperor","ANGELEKE,ANGELIKE","LETHRINUS MAHSENA, LETHRINUS LENTJAN, LETHEINUS MAHSENA, LETHEINUS LENTJAN, LETHRINUS MASHENA","ANGELEKE,ANGELIKE"
"6336","FANGELIKE","Fia Angelike","Sky emperor","ANGELEKE,ANGELIKE","LETHRINUS MAHSENA, LETHRINUS LENTJAN, LETHEINUS MAHSENA, LETHEINUS LENTJAN, LETHRINUS MASHENA","ANGELEKE,ANGELIKE"
"6337","FTSIFA","Fiantsifa","Naso unicornis","","","Fiantsifa"
"6338","H","Horita","Octopus","","","Horita"
"6339","FTSIKAHITSE","","Fish","","","Fish"
"6340","H","Horita","Octopus","","","Horita"
"6341","H","Horita","Octopus","","","Horita"
"6342","FMAINTE","Fia Mainte?","","","","Fia Mainte?"
"6343","FTSORABY","","","","",""
"6344","FTSORABY","","","","",""
"6345","H","Horita","Octopus","","","Horita"
"6346","H","Horita","Octopus","","","Horita"
"6347","H","Horita","Octopus","","","Horita"
"6348","FMENASOFY","","","MENASOFY","LETHRINUS LENTJAN","MENASOFY"
"6349","H","Horita","Octopus","","","Horita"
"6350","FANGELIKE","Fia Angelike","Sky emperor","ANGELEKE,ANGELIKE","LETHRINUS MAHSENA, LETHRINUS LENTJAN, LETHEINUS MAHSENA, LETHEINUS LENTJAN, LETHRINUS MASHENA","ANGELEKE,ANGELIKE"
"6351","FBODOLOHA","Fia Bodoloha","Blue Barred parrotfish/ scarus ghobban","BODOLOHA","HIPPOSCARUS HARID, SCARUS PRASIOGNATHUS, SCARUS NIGER, CALOTOMUS SPINIDENS, SCARUS GHOBBAN, CALOTOMUS CAROLINUS, CHLORURUS STRONGYLOCEPHALUS, SCARUS TRICOLOR, SCARUS SCABER, SCARUS RUSSELLI, SCARUS RUBROVIOLACEUS, SCARUS PSITTACUS, SCARUS FRENATUS, CHLORURUS SORDIDUS, CHLORURUS ATRILUNULA, CETOSCARUS BICOLOR, THALASSOMA QUINQUEVITTATUM, SCARUS GHOBBAN<A0>, SCARUS CAUDOFASCIATUS, POMACENTRUS PAVO, PRISTOTIS OBTUSIROSTRIS","BODOLOHA"
"6352","H","Horita","Octopus","","","Horita"
"6353","H","Horita","Octopus","","","Horita"
"6354","H","Horita","Octopus","","","Horita"
"6355","FTSIKAHITSE","","Fish","","","Fish"
"6356","FTSARA","Fia tsara","","","","Fia tsara"
"6357","FBABOKE","Fia Baboke","Chaetodon shark","BABOKE","PLATAX TEIRA","BABOKE"
"6358","H","Horita","Octopus","","","Horita"
"6359","H","Horita","Octopus","","","Horita"
"6360","H","Horita","Octopus","","","Horita"
"6361","FVORAMASAKE","Voramasake","","VORAMASAKE,VORAMASAEKE","SIGANUS SUTOR, SIGANUS STELLATUS, SIGANUS SUTOR<A0>, SIGANUS NETOR","VORAMASAKE,VORAMASAEKE"
"6362","FMAINTE","Fia Mainte?","","","","Fia Mainte?"
"6363","H","Horita","Octopus","","","Horita"
"6364","FBODOLOHA","Fia Bodoloha","Blue Barred parrotfish/ scarus ghobban","BODOLOHA","HIPPOSCARUS HARID, SCARUS PRASIOGNATHUS, SCARUS NIGER, CALOTOMUS SPINIDENS, SCARUS GHOBBAN, CALOTOMUS CAROLINUS, CHLORURUS STRONGYLOCEPHALUS, SCARUS TRICOLOR, SCARUS SCABER, SCARUS RUSSELLI, SCARUS RUBROVIOLACEUS, SCARUS PSITTACUS, SCARUS FRENATUS, CHLORURUS SORDIDUS, CHLORURUS ATRILUNULA, CETOSCARUS BICOLOR, THALASSOMA QUINQUEVITTATUM, SCARUS GHOBBAN<A0>, SCARUS CAUDOFASCIATUS, POMACENTRUS PAVO, PRISTOTIS OBTUSIROSTRIS","BODOLOHA"
"6365","H","Horita","Octopus","","","Horita"
"6366","H","Horita","Octopus","","","Horita"
"6367","FMAINTE","Fia Mainte?","","","","Fia Mainte?"
"6368","H","Horita","Octopus","","","Horita"
"6369","H","Horita","Octopus","","","Horita"
"6370","H","Horita","Octopus","","","Horita"
"6371","FVORAMASAKE","Voramasake","","VORAMASAKE,VORAMASAEKE","SIGANUS SUTOR, SIGANUS STELLATUS, SIGANUS SUTOR<A0>, SIGANUS NETOR","VORAMASAKE,VORAMASAEKE"
"6372","FTSIFA","Fiantsifa","Naso unicornis","","","Fiantsifa"
"6373","FTSIRIMPAOSA","Fia Tsiripoasa?","","","","Fia Tsiripoasa?"
"6374","FTSIFA","Fiantsifa","Naso unicornis","","","Fiantsifa"
"6375","FTSORABY","","","","",""
"6376","",NA,NA,NA,NA,NA
"6377","H","Horita","Octopus","","","Horita"
"6378","FSAVESAVE","Savisavy","Fish","","","Savisavy"
"6379","FJOGINY","Fia Joginy","","LOGY","SELAR CRUMENOPHTHALMUS, RASTRELLIGER KANAGURTA","LOGY"
"6380","H","Horita","Octopus","","","Horita"
"6381","MMALILY","Malily","Black and yellow grouper/ Epinephelus flavocaeruleus","MALILY","MACOLOR NIGER","MALILY"
"6382","FTSOKAHITSE","","Fish","","","Fish"
"6383","FMAINTE","Fia Mainte?","","","","Fia Mainte?"
"6384","FLAVANIFY","","","LAVANIFY","LETHRINUS OLIVACEUS","LAVANIFY"
"6385","FTSORABY","","","","",""
"6386","H","Horita","Octopus","","","Horita"
"6387","H","Horita","Octopus","","","Horita"
"6388","H","Horita","Octopus","","","Horita"
"6389","H","Horita","Octopus","","","Horita"
"6390","H","Horita","Octopus","","","Horita"
"6391","FTSORABY","","","","",""
"6392","FTSABEAKE","","","TSABEAKE","GNATHODENTEX AUROLINEATUS, LETHRINUS NEBULOSUS, LETHEINUS NEBULOSUS","TSABEAKE"
"6393","FTSORABY","","","","",""
"6394","FTSIFA","Fiantsifa","Naso unicornis","","","Fiantsifa"
"6395","FMENA","Fia Mena","Squirrelfish, Holocentrinae","","","Fia Mena"
"6396","H","Horita","Octopus","","","Horita"
"6397","FRARA","Fay rara","","","","Fay rara"
"6398","H","Horita","Octopus","","","Horita"
"6399","H","Horita","Octopus","","","Horita"
"6400","H","Horita","Octopus","","","Horita"
"6401","H","Horita","Octopus","","","Horita"
"6402","FBODOLOHA","Fia Bodoloha","Blue Barred parrotfish/ scarus ghobban","BODOLOHA","HIPPOSCARUS HARID, SCARUS PRASIOGNATHUS, SCARUS NIGER, CALOTOMUS SPINIDENS, SCARUS GHOBBAN, CALOTOMUS CAROLINUS, CHLORURUS STRONGYLOCEPHALUS, SCARUS TRICOLOR, SCARUS SCABER, SCARUS RUSSELLI, SCARUS RUBROVIOLACEUS, SCARUS PSITTACUS, SCARUS FRENATUS, CHLORURUS SORDIDUS, CHLORURUS ATRILUNULA, CETOSCARUS BICOLOR, THALASSOMA QUINQUEVITTATUM, SCARUS GHOBBAN<A0>, SCARUS CAUDOFASCIATUS, POMACENTRUS PAVO, PRISTOTIS OBTUSIROSTRIS","BODOLOHA"
"6403","H","Horita","Octopus","","","Horita"
"6404","H","Horita","Octopus","","","Horita"
"6405","FJOGINY","Fia Joginy","","LOGY","SELAR CRUMENOPHTHALMUS, RASTRELLIGER KANAGURTA","LOGY"
"6406","FJOGINY","Fia Joginy","","LOGY","SELAR CRUMENOPHTHALMUS, RASTRELLIGER KANAGURTA","LOGY"
"6407","H","Horita","Octopus","","","Horita"
"6408","H","Horita","Octopus","","","Horita"
"6409","FFSIFA","Fia Fitse","Caesia caerulaureus","","","Fia Fitse"
"6410","H","Horita","Octopus","","","Horita"
"6411","FALOALO","Fia Aloalo","Great Barracuda, Sphyaena bararcuda","","","Fia Aloalo"
"6412","FMAINTE","Fia Mainte?","","","","Fia Mainte?"
"6413","H","Horita","Octopus","","","Horita"
"6414","FBODOLOHA","Fia Bodoloha","Blue Barred parrotfish/ scarus ghobban","BODOLOHA","HIPPOSCARUS HARID, SCARUS PRASIOGNATHUS, SCARUS NIGER, CALOTOMUS SPINIDENS, SCARUS GHOBBAN, CALOTOMUS CAROLINUS, CHLORURUS STRONGYLOCEPHALUS, SCARUS TRICOLOR, SCARUS SCABER, SCARUS RUSSELLI, SCARUS RUBROVIOLACEUS, SCARUS PSITTACUS, SCARUS FRENATUS, CHLORURUS SORDIDUS, CHLORURUS ATRILUNULA, CETOSCARUS BICOLOR, THALASSOMA QUINQUEVITTATUM, SCARUS GHOBBAN<A0>, SCARUS CAUDOFASCIATUS, POMACENTRUS PAVO, PRISTOTIS OBTUSIROSTRIS","BODOLOHA"
"6415","H","Horita","Octopus","","","Horita"
"6416","H","Horita","Octopus","","","Horita"
"6417","FJOGINY","Fia Joginy","","LOGY","SELAR CRUMENOPHTHALMUS, RASTRELLIGER KANAGURTA","LOGY"
"6418","FANGELIKE","Fia Angelike","Sky emperor","ANGELEKE,ANGELIKE","LETHRINUS MAHSENA, LETHRINUS LENTJAN, LETHEINUS MAHSENA, LETHEINUS LENTJAN, LETHRINUS MASHENA","ANGELEKE,ANGELIKE"
"6419","H","Horita","Octopus","","","Horita"
"6420","H","Horita","Octopus","","","Horita"
"6421","H","Horita","Octopus","","","Horita"
"6422","FMAINTE","Fia Mainte?","","","","Fia Mainte?"
"6423","H","Horita","Octopus","","","Horita"
"6424","H","Horita","Octopus","","","Horita"
"6425","FTSIFA","Fiantsifa","Naso unicornis","","","Fiantsifa"
"6426","H","Horita","Octopus","","","Horita"
"6427","H","Horita","Octopus","","","Horita"
"6428","H","Horita","Octopus","","","Horita"
"6429","H","Horita","Octopus","","","Horita"
"6430","FTSIFA","Fiantsifa","Naso unicornis","","","Fiantsifa"
"6431","FTARAMATSE","","Fish","","","Fish"
"6432","H","Horita","Octopus","","","Horita"
"6433","H","Horita","Octopus","","","Horita"
"6434","H","Horita","Octopus","","","Horita"
"6435","H","Horita","Octopus","","","Horita"
"6436","FTOHO","Fia Toho","Duckbill sleeper or freshwater goby or speckled goby/ Butis butis or awaous aeneofuscus or redigobius bikolanus","","","Fia Toho"
"6437","H","Horita","Octopus","","","Horita"
"6438","H","Horita","Octopus","","","Horita"
"6439","H","Horita","Octopus","","","Horita"
"6440","H","Horita","Octopus","","","Horita"
"6441","H","Horita","Octopus","","","Horita"
"6442","FTSIFA","Fiantsifa","Naso unicornis","","","Fiantsifa"
"6443","L","Lamera","eel","LAMAIRA,LAMAIRAKINA,LAMAIRA FESOTSE AMBATO,LAMAIRA KINA,LAMAIRANKENA","GYMNOTHORAX JAVANICUS, GYMNOMURAENA ZEBRA, ECHIDNA NEBULOSA, GYMNOTORAX JAVANICUS","LAMAIRA,LAMAIRAKINA,LAMAIRA FESOTSE AMBATO,LAMAIRA KINA,LAMAIRANKENA"
"6444","FMAINTE","Fia Mainte?","","","","Fia Mainte?"
"6445","FTSOY","Fia Tsoy","Mulloides auriflamma","TSOY","MULLOIDICHTHYS FLAVOLINEATUS, MULLOIDICHTHYS VANICAULEUSIS","TSOY"
"6446","FSAVESAVE","Savisavy","Fish","","","Savisavy"
"6447","FVORAMADAKE","Voramasake","","VORAMASAKE,VORAMASAEKE","SIGANUS SUTOR, SIGANUS STELLATUS, SIGANUS SUTOR<A0>, SIGANUS NETOR","VORAMASAKE,VORAMASAEKE"
"6448","FVORAMADAKE","Voramasake","","VORAMASAKE,VORAMASAEKE","SIGANUS SUTOR, SIGANUS STELLATUS, SIGANUS SUTOR<A0>, SIGANUS NETOR","VORAMASAKE,VORAMASAEKE"
"6449","H","Horita","Octopus","","","Horita"
"6450","FTIMATIPAOSA","Fia Tsiripoasa?","","","","Fia Tsiripoasa?"
"6451","FBODOLOHA","Fia Bodoloha","Blue Barred parrotfish/ scarus ghobban","BODOLOHA","HIPPOSCARUS HARID, SCARUS PRASIOGNATHUS, SCARUS NIGER, CALOTOMUS SPINIDENS, SCARUS GHOBBAN, CALOTOMUS CAROLINUS, CHLORURUS STRONGYLOCEPHALUS, SCARUS TRICOLOR, SCARUS SCABER, SCARUS RUSSELLI, SCARUS RUBROVIOLACEUS, SCARUS PSITTACUS, SCARUS FRENATUS, CHLORURUS SORDIDUS, CHLORURUS ATRILUNULA, CETOSCARUS BICOLOR, THALASSOMA QUINQUEVITTATUM, SCARUS GHOBBAN<A0>, SCARUS CAUDOFASCIATUS, POMACENTRUS PAVO, PRISTOTIS OBTUSIROSTRIS","BODOLOHA"
"6452","H","Horita","Octopus","","","Horita"
"6453","H","Horita","Octopus","","","Horita"
"6454","H","Horita","Octopus","","","Horita"
"6455","FJOGINY","Fia Joginy","","LOGY","SELAR CRUMENOPHTHALMUS, RASTRELLIGER KANAGURTA","LOGY"
"6456","FTSIKAHITSE","","Fish","","","Fish"
"6457","FBODOLOHA","Fia Bodoloha","Blue Barred parrotfish/ scarus ghobban","BODOLOHA","HIPPOSCARUS HARID, SCARUS PRASIOGNATHUS, SCARUS NIGER, CALOTOMUS SPINIDENS, SCARUS GHOBBAN, CALOTOMUS CAROLINUS, CHLORURUS STRONGYLOCEPHALUS, SCARUS TRICOLOR, SCARUS SCABER, SCARUS RUSSELLI, SCARUS RUBROVIOLACEUS, SCARUS PSITTACUS, SCARUS FRENATUS, CHLORURUS SORDIDUS, CHLORURUS ATRILUNULA, CETOSCARUS BICOLOR, THALASSOMA QUINQUEVITTATUM, SCARUS GHOBBAN<A0>, SCARUS CAUDOFASCIATUS, POMACENTRUS PAVO, PRISTOTIS OBTUSIROSTRIS","BODOLOHA"
"6458","FMAINTE","Fia Mainte?","","","","Fia Mainte?"
"6459","FTSIFA","Fiantsifa","Naso unicornis","","","Fiantsifa"
"6460","FBODOLOHA","Fia Bodoloha","Blue Barred parrotfish/ scarus ghobban","BODOLOHA","HIPPOSCARUS HARID, SCARUS PRASIOGNATHUS, SCARUS NIGER, CALOTOMUS SPINIDENS, SCARUS GHOBBAN, CALOTOMUS CAROLINUS, CHLORURUS STRONGYLOCEPHALUS, SCARUS TRICOLOR, SCARUS SCABER, SCARUS RUSSELLI, SCARUS RUBROVIOLACEUS, SCARUS PSITTACUS, SCARUS FRENATUS, CHLORURUS SORDIDUS, CHLORURUS ATRILUNULA, CETOSCARUS BICOLOR, THALASSOMA QUINQUEVITTATUM, SCARUS GHOBBAN<A0>, SCARUS CAUDOFASCIATUS, POMACENTRUS PAVO, PRISTOTIS OBTUSIROSTRIS","BODOLOHA"
"6461","FTSIFA","Fiantsifa","Naso unicornis","","","Fiantsifa"
"6462","FBODOLOHA","Fia Bodoloha","Blue Barred parrotfish/ scarus ghobban","BODOLOHA","HIPPOSCARUS HARID, SCARUS PRASIOGNATHUS, SCARUS NIGER, CALOTOMUS SPINIDENS, SCARUS GHOBBAN, CALOTOMUS CAROLINUS, CHLORURUS STRONGYLOCEPHALUS, SCARUS TRICOLOR, SCARUS SCABER, SCARUS RUSSELLI, SCARUS RUBROVIOLACEUS, SCARUS PSITTACUS, SCARUS FRENATUS, CHLORURUS SORDIDUS, CHLORURUS ATRILUNULA, CETOSCARUS BICOLOR, THALASSOMA QUINQUEVITTATUM, SCARUS GHOBBAN<A0>, SCARUS CAUDOFASCIATUS, POMACENTRUS PAVO, PRISTOTIS OBTUSIROSTRIS","BODOLOHA"
"6463","H","Horita","Octopus","","","Horita"
"6464","",NA,NA,NA,NA,NA
"6465","FTSABEAKE","","","TSABEAKE","GNATHODENTEX AUROLINEATUS, LETHRINUS NEBULOSUS, LETHEINUS NEBULOSUS","TSABEAKE"
"6466","FMAINTE","Fia Mainte?","","","","Fia Mainte?"
"6467","FTAPAPOROHA","Fia Tapaporoha","Thumbprint emperor/ Lethrinus harak","","","Fia Tapaporoha"
"6468","H","Horita","Octopus","","","Horita"
"6469","FVORAMADAKE","Voramasake","","VORAMASAKE,VORAMASAEKE","SIGANUS SUTOR, SIGANUS STELLATUS, SIGANUS SUTOR<A0>, SIGANUS NETOR","VORAMASAKE,VORAMASAEKE"
"6470","H","Horita","Octopus","","","Horita"
"6471","FTSABEAKE","","","TSABEAKE","GNATHODENTEX AUROLINEATUS, LETHRINUS NEBULOSUS, LETHEINUS NEBULOSUS","TSABEAKE"
"6472","H","Horita","Octopus","","","Horita"
"6473","FMAINTE","Fia Mainte?","","","","Fia Mainte?"
"6474","FTSOKAHITSE","","Fish","","","Fish"
"6475","H","Horita","Octopus","","","Horita"
"6476","FTABAKE","Fia Tabaky/ Fia Tsabeake","Ember parrotfish/ scarus rubroviolaceus","TABAKE","AROTHRON NIGROPUNCTATUS","TABAKE"
"6477","H","Horita","Octopus","","","Horita"
"6478","FBODOLOHA","Fia Bodoloha","Blue Barred parrotfish/ scarus ghobban","BODOLOHA","HIPPOSCARUS HARID, SCARUS PRASIOGNATHUS, SCARUS NIGER, CALOTOMUS SPINIDENS, SCARUS GHOBBAN, CALOTOMUS CAROLINUS, CHLORURUS STRONGYLOCEPHALUS, SCARUS TRICOLOR, SCARUS SCABER, SCARUS RUSSELLI, SCARUS RUBROVIOLACEUS, SCARUS PSITTACUS, SCARUS FRENATUS, CHLORURUS SORDIDUS, CHLORURUS ATRILUNULA, CETOSCARUS BICOLOR, THALASSOMA QUINQUEVITTATUM, SCARUS GHOBBAN<A0>, SCARUS CAUDOFASCIATUS, POMACENTRUS PAVO, PRISTOTIS OBTUSIROSTRIS","BODOLOHA"
"6479","FANDRARAME",NA,NA,NA,NA,NA
"6480","H","Horita","Octopus","","","Horita"
"6481","FTSOKAHITSE","","Fish","","","Fish"
"6482","FTSORABY","","","","",""
"6483","H","Horita","Octopus","","","Horita"
"6484","FTSORABY","","","","",""
"6485","H","Horita","Octopus","","","Horita"
"6486","H","Horita","Octopus","","","Horita"
"6487","FBODOLOHA","Fia Bodoloha","Blue Barred parrotfish/ scarus ghobban","BODOLOHA","HIPPOSCARUS HARID, SCARUS PRASIOGNATHUS, SCARUS NIGER, CALOTOMUS SPINIDENS, SCARUS GHOBBAN, CALOTOMUS CAROLINUS, CHLORURUS STRONGYLOCEPHALUS, SCARUS TRICOLOR, SCARUS SCABER, SCARUS RUSSELLI, SCARUS RUBROVIOLACEUS, SCARUS PSITTACUS, SCARUS FRENATUS, CHLORURUS SORDIDUS, CHLORURUS ATRILUNULA, CETOSCARUS BICOLOR, THALASSOMA QUINQUEVITTATUM, SCARUS GHOBBAN<A0>, SCARUS CAUDOFASCIATUS, POMACENTRUS PAVO, PRISTOTIS OBTUSIROSTRIS","BODOLOHA"
"6488","H","Horita","Octopus","","","Horita"
"6489","H","Horita","Octopus","","","Horita"
"6490","FANTSISY","Fia Antisy","No idea but these seem to go together","","","Fia Antisy"
"6491","FBODOLOHA","Fia Bodoloha","Blue Barred parrotfish/ scarus ghobban","BODOLOHA","HIPPOSCARUS HARID, SCARUS PRASIOGNATHUS, SCARUS NIGER, CALOTOMUS SPINIDENS, SCARUS GHOBBAN, CALOTOMUS CAROLINUS, CHLORURUS STRONGYLOCEPHALUS, SCARUS TRICOLOR, SCARUS SCABER, SCARUS RUSSELLI, SCARUS RUBROVIOLACEUS, SCARUS PSITTACUS, SCARUS FRENATUS, CHLORURUS SORDIDUS, CHLORURUS ATRILUNULA, CETOSCARUS BICOLOR, THALASSOMA QUINQUEVITTATUM, SCARUS GHOBBAN<A0>, SCARUS CAUDOFASCIATUS, POMACENTRUS PAVO, PRISTOTIS OBTUSIROSTRIS","BODOLOHA"
"6492","FMAINTE","Fia Mainte?","","","","Fia Mainte?"
"6493","FTSOKAHITSE","","Fish","","","Fish"
"6494","H","Horita","Octopus","","","Horita"
"6495","H","Horita","Octopus","","","Horita"
"6496","H","Horita","Octopus","","","Horita"
"6497","FLOVONAKANGA","Fianakanga","","LOVOHARANAKANGA","EPINEPHELUS FUSCOGUTTATUS, CEPHALOPHOLIS SEXMACULATA, CEPHALOPHOLIS MINIATA, ANYPERADON LEUCOGRAMMICUS, EPINEPHELUS CAERULEOPUNCTATUS, EPINEPHELUS FASCIATUS, PLECTROPOMUS PUNCTATUS, CEPHALOPHOLIS URODETA, CEPHALOPHOLIS SONNERATI, PLECTROPOMUS LAEVIS, EPINEPHELUS MULTINOTATUS, PLECTORHINCHUS ALBOVITTATUS, ANYPERODON LEUCOGRAMMICUS, CEPHALOPHOLIS SONNERATI<A0>, PLECTOPOMUS PUNCTATUS, PLECTOPOMUS LAEVIS, PLECTORHINCHUS ALBOVITATUS","LOVOHARANAKANGA"
"6498","H","Horita","Octopus","","","Horita"
"6499","FMENA","Fia Mena","Squirrelfish, Holocentrinae","","","Fia Mena"
"6500","H","Horita","Octopus","","","Horita"
"6501","FTSIFA","Fiantsifa","Naso unicornis","","","Fiantsifa"
"6502","H","Horita","Octopus","","","Horita"
"6503","H","Horita","Octopus","","","Horita"
"6504","FJOGINY","Fia Joginy","","LOGY","SELAR CRUMENOPHTHALMUS, RASTRELLIGER KANAGURTA","LOGY"
"6505","FMENA","Fia Mena","Squirrelfish, Holocentrinae","","","Fia Mena"
"6506","H","Horita","Octopus","","","Horita"
"6507","H","Horita","Octopus","","","Horita"
"6508","FSAVESAE","Savisavy","Fish","","","Savisavy"
"6509","FMANTE","Fia Mainte?","","","","Fia Mainte?"
"6510","FVORAMASAKE","Voramasake","","VORAMASAKE,VORAMASAEKE","SIGANUS SUTOR, SIGANUS STELLATUS, SIGANUS SUTOR<A0>, SIGANUS NETOR","VORAMASAKE,VORAMASAEKE"
"6511","H","Horita","Octopus","","","Horita"
"6512","H","Horita","Octopus","","","Horita"
"6513","H","Horita","Octopus","","","Horita"
"6514","FMANTE","Fia Mainte?","","","","Fia Mainte?"
"6515","FSAVESAVE","Savisavy","Fish","","","Savisavy"
"6516","FTOHO","Fia Toho","Duckbill sleeper or freshwater goby or speckled goby/ Butis butis or awaous aeneofuscus or redigobius bikolanus","","","Fia Toho"
"6517","FVORAMASAKE","Voramasake","","VORAMASAKE,VORAMASAEKE","SIGANUS SUTOR, SIGANUS STELLATUS, SIGANUS SUTOR<A0>, SIGANUS NETOR","VORAMASAKE,VORAMASAEKE"
"6518","FMAINTE","Fia Mainte?","","","","Fia Mainte?"
"6519","A","Angisy","Squid","","","Angisy"
"6520","FTSORABY","","","","",""
"6521","FTSORABY","","","","",""
"6522","H","Horita","Octopus","","","Horita"
"6523","H","Horita","Octopus","","","Horita"
"6524","H","Horita","Octopus","","","Horita"
"6525","FTOHO","Fia Toho","Duckbill sleeper or freshwater goby or speckled goby/ Butis butis or awaous aeneofuscus or redigobius bikolanus","","","Fia Toho"
"6526","H","Horita","Octopus","","","Horita"
"6527","H","Horita","Octopus","","","Horita"
"6528","H","Horita","Octopus","","","Horita"
"6529","H","Horita","Octopus","","","Horita"
"6530","FBODOLOHA","Fia Bodoloha","Blue Barred parrotfish/ scarus ghobban","BODOLOHA","HIPPOSCARUS HARID, SCARUS PRASIOGNATHUS, SCARUS NIGER, CALOTOMUS SPINIDENS, SCARUS GHOBBAN, CALOTOMUS CAROLINUS, CHLORURUS STRONGYLOCEPHALUS, SCARUS TRICOLOR, SCARUS SCABER, SCARUS RUSSELLI, SCARUS RUBROVIOLACEUS, SCARUS PSITTACUS, SCARUS FRENATUS, CHLORURUS SORDIDUS, CHLORURUS ATRILUNULA, CETOSCARUS BICOLOR, THALASSOMA QUINQUEVITTATUM, SCARUS GHOBBAN<A0>, SCARUS CAUDOFASCIATUS, POMACENTRUS PAVO, PRISTOTIS OBTUSIROSTRIS","BODOLOHA"
"6531","H","Horita","Octopus","","","Horita"
"6532","FTSIFA","Fiantsifa","Naso unicornis","","","Fiantsifa"
"6533","FFITSE","Fia Fitse","Caesia caerulaureus","","","Fia Fitse"
"6534","FMAINTE","Fia Mainte?","","","","Fia Mainte?"
"6535","FTSOY","Fia Tsoy","Mulloides auriflamma","TSOY","MULLOIDICHTHYS FLAVOLINEATUS, MULLOIDICHTHYS VANICAULEUSIS","TSOY"
"6536","FAMPORAMA","Fia Amporama","One-spot snapper/Lutjanus fulviflamma or Lutjanus monostigma","AMPORAMA","LUTJANUS MONOSTIGMA, LUTJANUS FULVIFLAMMA, LUTJANUS EHRENBERGII, LUTJANUSFULVIFLAMMA, LUTJANUS FULVUS, LUTJANUS MONASTIGMA, LUTJANUS FULVUFFLAMMA","AMPORAMA"
"6537","FTSIRIMPAOSA","Fia Tsiripoasa?","","","","Fia Tsiripoasa?"
"6538","H","Horita","Octopus","","","Horita"
"6539","FSAVESAVE","Savisavy","Fish","","","Savisavy"
"6540","FMAINTE","Fia Mainte?","","","","Fia Mainte?"
"6541","FJOGINY","Fia Joginy","","LOGY","SELAR CRUMENOPHTHALMUS, RASTRELLIGER KANAGURTA","LOGY"
"6542","FBODOLOHA","Fia Bodoloha","Blue Barred parrotfish/ scarus ghobban","BODOLOHA","HIPPOSCARUS HARID, SCARUS PRASIOGNATHUS, SCARUS NIGER, CALOTOMUS SPINIDENS, SCARUS GHOBBAN, CALOTOMUS CAROLINUS, CHLORURUS STRONGYLOCEPHALUS, SCARUS TRICOLOR, SCARUS SCABER, SCARUS RUSSELLI, SCARUS RUBROVIOLACEUS, SCARUS PSITTACUS, SCARUS FRENATUS, CHLORURUS SORDIDUS, CHLORURUS ATRILUNULA, CETOSCARUS BICOLOR, THALASSOMA QUINQUEVITTATUM, SCARUS GHOBBAN<A0>, SCARUS CAUDOFASCIATUS, POMACENTRUS PAVO, PRISTOTIS OBTUSIROSTRIS","BODOLOHA"
"6543","H","Horita","Octopus","","","Horita"
"6544","H","Horita","Octopus","","","Horita"
"6545","H","Horita","Octopus","","","Horita"
"6546","FMAINTE","Fia Mainte?","","","","Fia Mainte?"
"6547","FSAVESAVE","Savisavy","Fish","","","Savisavy"
"6548","H","Horita","Octopus","","","Horita"
"6549","FMENA","Fia Mena","Squirrelfish, Holocentrinae","","","Fia Mena"
"6550","H","Horita","Octopus","","","Horita"
"6551","FTSARA","Fia tsara","","","","Fia tsara"
"6552","FTSIFA","Fiantsifa","Naso unicornis","","","Fiantsifa"
"6553","FTSIRIMPAOSA","Fia Tsiripoasa?","","","","Fia Tsiripoasa?"
"6554","FJOGINY","Fia Joginy","","LOGY","SELAR CRUMENOPHTHALMUS, RASTRELLIGER KANAGURTA","LOGY"
"6555","HNAKORA","Horita nakora","Octopus aegina","","","Horita nakora"
"6556","H","Horita","Octopus","","","Horita"
"6557","A","Angisy","Squid","","","Angisy"
"6558","A","Angisy","Squid","","","Angisy"
"6559","H","Horita","Octopus","","","Horita"
"6560","FSAVESAVE","Savisavy","Fish","","","Savisavy"
"6561","H","Horita","Octopus","","","Horita"
"6562","H","Horita","Octopus","","","Horita"
"6563","H","Horita","Octopus","","","Horita"
"6564","H","Horita","Octopus","","","Horita"
"6565","FTOHO","Fia Toho","Duckbill sleeper or freshwater goby or speckled goby/ Butis butis or awaous aeneofuscus or redigobius bikolanus","","","Fia Toho"
"6566","FTSIFA","Fiantsifa","Naso unicornis","","","Fiantsifa"
"6567","FTSFA","Fiantsifa","Naso unicornis","","","Fiantsifa"
"6568","FONGIKE","Fia Ongike","","ONGIKE, ONGIKY","BODIANUS ANTHIOIDES, MACOLOR NIGER, MONOTAXIS GRANDOCULIS, GYMNOCRANIUS GRISEUS, SCOLOPSIS GHANAM","ONGIKE, ONGIKY"
"6569","FTSIFA","Fiantsifa","Naso unicornis","","","Fiantsifa"
"6570","FONGIKE","Fia Ongike","","ONGIKE, ONGIKY","BODIANUS ANTHIOIDES, MACOLOR NIGER, MONOTAXIS GRANDOCULIS, GYMNOCRANIUS GRISEUS, SCOLOPSIS GHANAM","ONGIKE, ONGIKY"
"6571","FTSOKAHITA","","Fish","","","Fish"
"6572","HNAKORA","Horita nakora","Octopus aegina","","","Horita nakora"
"6573","FTSOY","Fia Tsoy","Mulloides auriflamma","TSOY","MULLOIDICHTHYS FLAVOLINEATUS, MULLOIDICHTHYS VANICAULEUSIS","TSOY"
"6574","H","Horita","Octopus","","","Horita"
"6575","HNAKORA","Horita nakora","Octopus aegina","","","Horita nakora"
"6576","FANTSSY","Fia Antisy","No idea but these seem to go together","","","Fia Antisy"
"6577","FTSORABY","","","","",""
"6578","FVORAMASAKE","Voramasake","","VORAMASAKE,VORAMASAEKE","SIGANUS SUTOR, SIGANUS STELLATUS, SIGANUS SUTOR<A0>, SIGANUS NETOR","VORAMASAKE,VORAMASAEKE"
"6579","FMAINTE","Fia Mainte?","","","","Fia Mainte?"
"6580","ANGISY DOLO","Angisy","Squid","","","Angisy"
"6581","H","Horita","Octopus","","","Horita"
"6582","FSAVESAVE","Savisavy","Fish","","","Savisavy"
"6583","HNAKORA","Horita nakora","Octopus aegina","","","Horita nakora"
"6584","FTSOKAHITSE","","Fish","","","Fish"
"6585","",NA,NA,NA,NA,NA
"6586","H","Horita","Octopus","","","Horita"
"6587","FTSOY","Fia Tsoy","Mulloides auriflamma","TSOY","MULLOIDICHTHYS FLAVOLINEATUS, MULLOIDICHTHYS VANICAULEUSIS","TSOY"
"6588","FMAINTE","Fia Mainte?","","","","Fia Mainte?"
"6589","FTSIFA","Fiantsifa","Naso unicornis","","","Fiantsifa"
"6590","H","Horita","Octopus","","","Horita"
"6591","H","Horita","Octopus","","","Horita"
"6592","H","Horita","Octopus","","","Horita"
"6593","FBODOLOHA","Fia Bodoloha","Blue Barred parrotfish/ scarus ghobban","BODOLOHA","HIPPOSCARUS HARID, SCARUS PRASIOGNATHUS, SCARUS NIGER, CALOTOMUS SPINIDENS, SCARUS GHOBBAN, CALOTOMUS CAROLINUS, CHLORURUS STRONGYLOCEPHALUS, SCARUS TRICOLOR, SCARUS SCABER, SCARUS RUSSELLI, SCARUS RUBROVIOLACEUS, SCARUS PSITTACUS, SCARUS FRENATUS, CHLORURUS SORDIDUS, CHLORURUS ATRILUNULA, CETOSCARUS BICOLOR, THALASSOMA QUINQUEVITTATUM, SCARUS GHOBBAN<A0>, SCARUS CAUDOFASCIATUS, POMACENTRUS PAVO, PRISTOTIS OBTUSIROSTRIS","BODOLOHA"
"6594","H","Horita","Octopus","","","Horita"
"6595","A","Angisy","Squid","","","Angisy"
"6596","A","Angisy","Squid","","","Angisy"
"6597","FJOGINY","Fia Joginy","","LOGY","SELAR CRUMENOPHTHALMUS, RASTRELLIGER KANAGURTA","LOGY"
"6598","FFITSE","Fia Fitse","Caesia caerulaureus","","","Fia Fitse"
"6599","H","Horita","Octopus","","","Horita"
"6600","FBONDRO","Fia Bondro","","","","Fia Bondro"
"6601","FBODOLOHA","Fia Bodoloha","Blue Barred parrotfish/ scarus ghobban","BODOLOHA","HIPPOSCARUS HARID, SCARUS PRASIOGNATHUS, SCARUS NIGER, CALOTOMUS SPINIDENS, SCARUS GHOBBAN, CALOTOMUS CAROLINUS, CHLORURUS STRONGYLOCEPHALUS, SCARUS TRICOLOR, SCARUS SCABER, SCARUS RUSSELLI, SCARUS RUBROVIOLACEUS, SCARUS PSITTACUS, SCARUS FRENATUS, CHLORURUS SORDIDUS, CHLORURUS ATRILUNULA, CETOSCARUS BICOLOR, THALASSOMA QUINQUEVITTATUM, SCARUS GHOBBAN<A0>, SCARUS CAUDOFASCIATUS, POMACENTRUS PAVO, PRISTOTIS OBTUSIROSTRIS","BODOLOHA"
"6602","",NA,NA,NA,NA,NA
"6603","A","Angisy","Squid","","","Angisy"
"6604","FMENA","Fia Mena","Squirrelfish, Holocentrinae","","","Fia Mena"
"6605","H","Horita","Octopus","","","Horita"
"6606","FSAVESAVE","Savisavy","Fish","","","Savisavy"
"6607","H","Horita","Octopus","","","Horita"
"6608","FMAINTE","Fia Mainte?","","","","Fia Mainte?"
"6609","H","Horita","Octopus","","","Horita"
"6610","HNAKORA","Horita nakora","Octopus aegina","","","Horita nakora"
"6611","N","NAs","","","","NAs"
"6612","FTSOKAHITE","","Fish","","","Fish"
"6613","FTSOY","Fia Tsoy","Mulloides auriflamma","TSOY","MULLOIDICHTHYS FLAVOLINEATUS, MULLOIDICHTHYS VANICAULEUSIS","TSOY"
"6614","H","Horita","Octopus","","","Horita"
"6615","H","Horita","Octopus","","","Horita"
"6616","FMAINTE","Fia Mainte?","","","","Fia Mainte?"
"6617","FTSIFA","Fiantsifa","Naso unicornis","","","Fiantsifa"
"6618","H","Horita","Octopus","","","Horita"
"6619","H","Horita","Octopus","","","Horita"
"6620","F","Fia","Fish","","","Fia"
"6621","F","Fia","Fish","","","Fia"
"6622","H","Horita","Octopus","","","Horita"
"6623","F","Fia","Fish","","","Fia"
"6624","H","Horita","Octopus","","","Horita"
"6625","H","Horita","Octopus","","","Horita"
"6626","H","Horita","Octopus","","","Horita"
"6627","B","Bozike","Chicoreus ramosus","","","Bozike"
"6628","H","Horita","Octopus","","","Horita"
"6629","H","Horita","Octopus","","","Horita"
"6630","H","Horita","Octopus","","","Horita"
"6631","F","Fia","Fish","","","Fia"
"6632","F","Fia","Fish","","","Fia"
"6633","H","Horita","Octopus","","","Horita"
"6634","B","Bozike","Chicoreus ramosus","","","Bozike"
"6635","B","Bozike","Chicoreus ramosus","","","Bozike"
"6636","F","Fia","Fish","","","Fia"
"6637","F","Fia","Fish","","","Fia"
"6638","F","Fia","Fish","","","Fia"
"6639","F","Fia","Fish","","","Fia"
"6640","L","Lamera","eel","LAMAIRA,LAMAIRAKINA,LAMAIRA FESOTSE AMBATO,LAMAIRA KINA,LAMAIRANKENA","GYMNOTHORAX JAVANICUS, GYMNOMURAENA ZEBRA, ECHIDNA NEBULOSA, GYMNOTORAX JAVANICUS","LAMAIRA,LAMAIRAKINA,LAMAIRA FESOTSE AMBATO,LAMAIRA KINA,LAMAIRANKENA"
"6641","A","Angisy","Squid","","","Angisy"
"6642","F","Fia","Fish","","","Fia"
"6643","H","Horita","Octopus","","","Horita"
"6644","H","Horita","Octopus","","","Horita"
"6645","H","Horita","Octopus","","","Horita"
"6646","H","Horita","Octopus","","","Horita"
"6647","H","Horita","Octopus","","","Horita"
"6648","H","Horita","Octopus","","","Horita"
"6649","A","Angisy","Squid","","","Angisy"
"6650","A","Angisy","Squid","","","Angisy"
"6651","A","Angisy","Squid","","","Angisy"
"6652","H","Horita","Octopus","","","Horita"
"6653","H","Horita","Octopus","","","Horita"
"6654","H","Horita","Octopus","","","Horita"
"6655","H","Horita","Octopus","","","Horita"
"6656","H","Horita","Octopus","","","Horita"
"6657","H","Horita","Octopus","","","Horita"
"6658","H","Horita","Octopus","","","Horita"
"6659","H","Horita","Octopus","","","Horita"
"6660","H","Horita","Octopus","","","Horita"
"6661","F","Fia","Fish","","","Fia"
"6662","F","Fia","Fish","","","Fia"
"6663","H","Horita","Octopus","","","Horita"
"6664","H","Horita","Octopus","","","Horita"
"6665","H","Horita","Octopus","","","Horita"
"6666","A","Angisy","Squid","","","Angisy"
"6667","H","Horita","Octopus","","","Horita"
"6668","H","Horita","Octopus","","","Horita"
"6669","B","Bozike","Chicoreus ramosus","","","Bozike"
"6670","F","Fia","Fish","","","Fia"
"6671","B","Bozike","Chicoreus ramosus","","","Bozike"
"6672","H","Horita","Octopus","","","Horita"
"6673","A","Angisy","Squid","","","Angisy"
"6674","H","Horita","Octopus","","","Horita"
"6675","A","Angisy","Squid","","","Angisy"
"6676","A","Angisy","Squid","","","Angisy"
"6677","H","Horita","Octopus","","","Horita"
"6678","B","Bozike","Chicoreus ramosus","","","Bozike"
"6679","H","Horita","Octopus","","","Horita"
"6680","B","Bozike","Chicoreus ramosus","","","Bozike"
"6681","F","Fia","Fish","","","Fia"
"6682","H","Horita","Octopus","","","Horita"
"6683","H","Horita","Octopus","","","Horita"
"6684","H","Horita","Octopus","","","Horita"
"6685","H","Horita","Octopus","","","Horita"
"6686","H","Horita","Octopus","","","Horita"
"6687","H","Horita","Octopus","","","Horita"
"6688","B","Bozike","Chicoreus ramosus","","","Bozike"
"6689","H","Horita","Octopus","","","Horita"
"6690","F","Fia","Fish","","","Fia"
"6691","B","Bozike","Chicoreus ramosus","","","Bozike"
"6692","B","Bozike","Chicoreus ramosus","","","Bozike"
"6693","H","Horita","Octopus","","","Horita"
"6694","H","Horita","Octopus","","","Horita"
"6695","H","Horita","Octopus","","","Horita"
"6696","B","Bozike","Chicoreus ramosus","","","Bozike"
"6697","F","Fia","Fish","","","Fia"
"6698","B","Bozike","Chicoreus ramosus","","","Bozike"
"6699","H","Horita","Octopus","","","Horita"
"6700","F","Fia","Fish","","","Fia"
"6701","H","Horita","Octopus","","","Horita"
"6702","H","Horita","Octopus","","","Horita"
"6703","H","Horita","Octopus","","","Horita"
"6704","L","Lamera","eel","LAMAIRA,LAMAIRAKINA,LAMAIRA FESOTSE AMBATO,LAMAIRA KINA,LAMAIRANKENA","GYMNOTHORAX JAVANICUS, GYMNOMURAENA ZEBRA, ECHIDNA NEBULOSA, GYMNOTORAX JAVANICUS","LAMAIRA,LAMAIRAKINA,LAMAIRA FESOTSE AMBATO,LAMAIRA KINA,LAMAIRANKENA"
"6705","A","Angisy","Squid","","","Angisy"
"6706","A","Angisy","Squid","","","Angisy"
"6707","A","Angisy","Squid","","","Angisy"
"6708","H","Horita","Octopus","","","Horita"
"6709","H","Horita","Octopus","","","Horita"
"6710","F","Fia","Fish","","","Fia"
"6711","B","Bozike","Chicoreus ramosus","","","Bozike"
"6712","H","Horita","Octopus","","","Horita"
"6713","F","Fia","Fish","","","Fia"
"6714","H","Horita","Octopus","","","Horita"
"6715","H","Horita","Octopus","","","Horita"
"6716","H","Horita","Octopus","","","Horita"
"6717","H","Horita","Octopus","","","Horita"
"6718","F","Fia","Fish","","","Fia"
"6719","H","Horita","Octopus","","","Horita"
"6720","H","Horita","Octopus","","","Horita"
"6721","H","Horita","Octopus","","","Horita"
"6722","F","Fia","Fish","","","Fia"
"6723","H","Horita","Octopus","","","Horita"
"6724","H","Horita","Octopus","","","Horita"
"6725","F","Fia","Fish","","","Fia"
"6726","A","Angisy","Squid","","","Angisy"
"6727","H","Horita","Octopus","","","Horita"
"6728","H","Horita","Octopus","","","Horita"
"6729","H","Horita","Octopus","","","Horita"
"6730","F","Fia","Fish","","","Fia"
"6731","H","Horita","Octopus","","","Horita"
"6732","F","Fia","Fish","","","Fia"
"6733","B","Bozike","Chicoreus ramosus","","","Bozike"
"6734","",NA,NA,NA,NA,NA
"6735","",NA,NA,NA,NA,NA
"6736","",NA,NA,NA,NA,NA
"6737","",NA,NA,NA,NA,NA
"6738","H","Horita","Octopus","","","Horita"
"6739","B","Bozike","Chicoreus ramosus","","","Bozike"
"6740","H","Horita","Octopus","","","Horita"
"6741","H","Horita","Octopus","","","Horita"
"6742","H","Horita","Octopus","","","Horita"
"6743","H","Horita","Octopus","","","Horita"
"6744","H","Horita","Octopus","","","Horita"
"6745","H","Horita","Octopus","","","Horita"
"6746","F","Fia","Fish","","","Fia"
"6747","F","Fia","Fish","","","Fia"
"6748","B","Bozike","Chicoreus ramosus","","","Bozike"
"6749","H","Horita","Octopus","","","Horita"
"6750","B","Bozike","Chicoreus ramosus","","","Bozike"
"6751","H","Horita","Octopus","","","Horita"
"6752","H","Horita","Octopus","","","Horita"
"6753","H","Horita","Octopus","","","Horita"
"6754","H","Horita","Octopus","","","Horita"
"6755","H","Horita","Octopus","","","Horita"
"6756","H","Horita","Octopus","","","Horita"
"6757","H","Horita","Octopus","","","Horita"
"6758","B","Bozike","Chicoreus ramosus","","","Bozike"
"6759","F","Fia","Fish","","","Fia"
"6760","H","Horita","Octopus","","","Horita"
"6761","H","Horita","Octopus","","","Horita"
"6762","F","Fia","Fish","","","Fia"
"6763","B","Bozike","Chicoreus ramosus","","","Bozike"
"6764","H","Horita","Octopus","","","Horita"
"6765","F","Fia","Fish","","","Fia"
"6766","H","Horita","Octopus","","","Horita"
"6767","B","Bozike","Chicoreus ramosus","","","Bozike"
"6768","A","Angisy","Squid","","","Angisy"
"6769","A","Angisy","Squid","","","Angisy"
"6770","F","Fia","Fish","","","Fia"
"6771","H","Horita","Octopus","","","Horita"
"6772","H","Horita","Octopus","","","Horita"
"6773","F","Fia","Fish","","","Fia"
"6774","H","Horita","Octopus","","","Horita"
"6775","L","Lamera","eel","LAMAIRA,LAMAIRAKINA,LAMAIRA FESOTSE AMBATO,LAMAIRA KINA,LAMAIRANKENA","GYMNOTHORAX JAVANICUS, GYMNOMURAENA ZEBRA, ECHIDNA NEBULOSA, GYMNOTORAX JAVANICUS","LAMAIRA,LAMAIRAKINA,LAMAIRA FESOTSE AMBATO,LAMAIRA KINA,LAMAIRANKENA"
"6776","H","Horita","Octopus","","","Horita"
"6777","L","Lamera","eel","LAMAIRA,LAMAIRAKINA,LAMAIRA FESOTSE AMBATO,LAMAIRA KINA,LAMAIRANKENA","GYMNOTHORAX JAVANICUS, GYMNOMURAENA ZEBRA, ECHIDNA NEBULOSA, GYMNOTORAX JAVANICUS","LAMAIRA,LAMAIRAKINA,LAMAIRA FESOTSE AMBATO,LAMAIRA KINA,LAMAIRANKENA"
"6778","H","Horita","Octopus","","","Horita"
"6779","H","Horita","Octopus","","","Horita"
"6780","H","Horita","Octopus","","","Horita"
"6781","H","Horita","Octopus","","","Horita"
"6782","B","Bozike","Chicoreus ramosus","","","Bozike"
"6783","H","Horita","Octopus","","","Horita"
"6784","H","Horita","Octopus","","","Horita"
"6785","B","Bozike","Chicoreus ramosus","","","Bozike"
"6786","F","Fia","Fish","","","Fia"
"6787","B","Bozike","Chicoreus ramosus","","","Bozike"
"6788","H","Horita","Octopus","","","Horita"
"6789","F","Fia","Fish","","","Fia"
"6790","B","Bozike","Chicoreus ramosus","","","Bozike"
"6791","A","Angisy","Squid","","","Angisy"
"6792","H","Horita","Octopus","","","Horita"
"6793","H","Horita","Octopus","","","Horita"
"6794","A","Angisy","Squid","","","Angisy"
"6795","H","Horita","Octopus","","","Horita"
"6796","F","Fia","Fish","","","Fia"
"6797","H","Horita","Octopus","","","Horita"
"6798","L","Lamera","eel","LAMAIRA,LAMAIRAKINA,LAMAIRA FESOTSE AMBATO,LAMAIRA KINA,LAMAIRANKENA","GYMNOTHORAX JAVANICUS, GYMNOMURAENA ZEBRA, ECHIDNA NEBULOSA, GYMNOTORAX JAVANICUS","LAMAIRA,LAMAIRAKINA,LAMAIRA FESOTSE AMBATO,LAMAIRA KINA,LAMAIRANKENA"
"6799","H","Horita","Octopus","","","Horita"
"6800","F","Fia","Fish","","","Fia"
"6801","H","Horita","Octopus","","","Horita"
"6802","L","Lamera","eel","LAMAIRA,LAMAIRAKINA,LAMAIRA FESOTSE AMBATO,LAMAIRA KINA,LAMAIRANKENA","GYMNOTHORAX JAVANICUS, GYMNOMURAENA ZEBRA, ECHIDNA NEBULOSA, GYMNOTORAX JAVANICUS","LAMAIRA,LAMAIRAKINA,LAMAIRA FESOTSE AMBATO,LAMAIRA KINA,LAMAIRANKENA"
"6803","H","Horita","Octopus","","","Horita"
"6804","L","Lamera","eel","LAMAIRA,LAMAIRAKINA,LAMAIRA FESOTSE AMBATO,LAMAIRA KINA,LAMAIRANKENA","GYMNOTHORAX JAVANICUS, GYMNOMURAENA ZEBRA, ECHIDNA NEBULOSA, GYMNOTORAX JAVANICUS","LAMAIRA,LAMAIRAKINA,LAMAIRA FESOTSE AMBATO,LAMAIRA KINA,LAMAIRANKENA"
"6805","H","Horita","Octopus","","","Horita"
"6806","H","Horita","Octopus","","","Horita"
"6807","H","Horita","Octopus","","","Horita"
"6808","F","Fia","Fish","","","Fia"
"6809","B","Bozike","Chicoreus ramosus","","","Bozike"
"6810","F","Fia","Fish","","","Fia"
"6811","H","Horita","Octopus","","","Horita"
"6812","H","Horita","Octopus","","","Horita"
"6813","H","Horita","Octopus","","","Horita"
"6814","B","Bozike","Chicoreus ramosus","","","Bozike"
"6815","F","Fia","Fish","","","Fia"
"6816","H","Horita","Octopus","","","Horita"
"6817","H","Horita","Octopus","","","Horita"
"6818","H","Horita","Octopus","","","Horita"
"6819","B","Bozike","Chicoreus ramosus","","","Bozike"
"6820","H","Horita","Octopus","","","Horita"
"6821","A","Angisy","Squid","","","Angisy"
"6822","H","Horita","Octopus","","","Horita"
"6823","H","Horita","Octopus","","","Horita"
"6824","F","Fia","Fish","","","Fia"
"6825","",NA,NA,NA,NA,NA
"6826","",NA,NA,NA,NA,NA
"6827","",NA,NA,NA,NA,NA
"6828","A","Angisy","Squid","","","Angisy"
"6829","A","Angisy","Squid","","","Angisy"
"6830","H","Horita","Octopus","","","Horita"
"6831","H","Horita","Octopus","","","Horita"
"6832","B","Bozike","Chicoreus ramosus","","","Bozike"
"6833","H","Horita","Octopus","","","Horita"
"6834","H","Horita","Octopus","","","Horita"
"6835","B","Bozike","Chicoreus ramosus","","","Bozike"
"6836","F","Fia","Fish","","","Fia"
"6837","A","Angisy","Squid","","","Angisy"
"6838","H","Horita","Octopus","","","Horita"
"6839","H","Horita","Octopus","","","Horita"
"6840","H","Horita","Octopus","","","Horita"
"6841","H","Horita","Octopus","","","Horita"
"6842","H","Horita","Octopus","","","Horita"
"6843","H","Horita","Octopus","","","Horita"
"6844","B","Bozike","Chicoreus ramosus","","","Bozike"
"6845","H","Horita","Octopus","","","Horita"
"6846","F","Fia","Fish","","","Fia"
"6847","H","Horita","Octopus","","","Horita"
"6848","H","Horita","Octopus","","","Horita"
"6849","H","Horita","Octopus","","","Horita"
"6850","H","Horita","Octopus","","","Horita"
"6851","H","Horita","Octopus","","","Horita"
"6852","H","Horita","Octopus","","","Horita"
"6853","B","Bozike","Chicoreus ramosus","","","Bozike"
"6854","H","Horita","Octopus","","","Horita"
"6855","B","Bozike","Chicoreus ramosus","","","Bozike"
"6856","H","Horita","Octopus","","","Horita"
"6857","H","Horita","Octopus","","","Horita"
"6858","F","Fia","Fish","","","Fia"
"6859","H","Horita","Octopus","","","Horita"
"6860","B","Bozike","Chicoreus ramosus","","","Bozike"
"6861","H","Horita","Octopus","","","Horita"
"6862","H","Horita","Octopus","","","Horita"
"6863","H","Horita","Octopus","","","Horita"
"6864","H","Horita","Octopus","","","Horita"
"6865","H","Horita","Octopus","","","Horita"
"6866","H","Horita","Octopus","","","Horita"
"6867","H","Horita","Octopus","","","Horita"
"6868","H","Horita","Octopus","","","Horita"
"6869","H","Horita","Octopus","","","Horita"
"6870","A","Angisy","Squid","","","Angisy"
"6871","A","Angisy","Squid","","","Angisy"
"6872","B","Bozike","Chicoreus ramosus","","","Bozike"
"6873","H","Horita","Octopus","","","Horita"
"6874","B","Bozike","Chicoreus ramosus","","","Bozike"
"6875","H","Horita","Octopus","","","Horita"
"6876","F","Fia","Fish","","","Fia"
"6877","A","Angisy","Squid","","","Angisy"
"6878","A","Angisy","Squid","","","Angisy"
"6879","F","Fia","Fish","","","Fia"
"6880","H","Horita","Octopus","","","Horita"
"6881","H","Horita","Octopus","","","Horita"
"6882","H","Horita","Octopus","","","Horita"
"6883","H","Horita","Octopus","","","Horita"
"6884","B","Bozike","Chicoreus ramosus","","","Bozike"
"6885","H","Horita","Octopus","","","Horita"
"6886","H","Horita","Octopus","","","Horita"
"6887","H","Horita","Octopus","","","Horita"
"6888","F","Fia","Fish","","","Fia"
"6889","F","Fia","Fish","","","Fia"
"6890","H","Horita","Octopus","","","Horita"
"6891","H","Horita","Octopus","","","Horita"
"6892","B","Bozike","Chicoreus ramosus","","","Bozike"
"6893","H","Horita","Octopus","","","Horita"
"6894","H","Horita","Octopus","","","Horita"
"6895","A","Angisy","Squid","","","Angisy"
"6896","A","Angisy","Squid","","","Angisy"
"6897","H","Horita","Octopus","","","Horita"
"6898","F","Fia","Fish","","","Fia"
"6899","H","Horita","Octopus","","","Horita"
"6900","H","Horita","Octopus","","","Horita"
"6901","B","Bozike","Chicoreus ramosus","","","Bozike"
"6902","H","Horita","Octopus","","","Horita"
"6903","H","Horita","Octopus","","","Horita"
"6904","F","Fia","Fish","","","Fia"
"6905","F","Fia","Fish","","","Fia"
"6906","H","Horita","Octopus","","","Horita"
"6907","F","Fia","Fish","","","Fia"
"6908","B","Bozike","Chicoreus ramosus","","","Bozike"
"6909","B","Bozike","Chicoreus ramosus","","","Bozike"
"6910","H","Horita","Octopus","","","Horita"
"6911","F","Fia","Fish","","","Fia"
"6912","H","Horita","Octopus","","","Horita"
"6913","H","Horita","Octopus","","","Horita"
"6914","B","Bozike","Chicoreus ramosus","","","Bozike"
"6915","H","Horita","Octopus","","","Horita"
"6916","F","Fia","Fish","","","Fia"
"6917","H","Horita","Octopus","","","Horita"
"6918","H","Horita","Octopus","","","Horita"
"6919","F","Fia","Fish","","","Fia"
"6920","B","Bozike","Chicoreus ramosus","","","Bozike"
"6921","H","Horita","Octopus","","","Horita"
"6922","H","Horita","Octopus","","","Horita"
"6923","L","Lamera","eel","LAMAIRA,LAMAIRAKINA,LAMAIRA FESOTSE AMBATO,LAMAIRA KINA,LAMAIRANKENA","GYMNOTHORAX JAVANICUS, GYMNOMURAENA ZEBRA, ECHIDNA NEBULOSA, GYMNOTORAX JAVANICUS","LAMAIRA,LAMAIRAKINA,LAMAIRA FESOTSE AMBATO,LAMAIRA KINA,LAMAIRANKENA"
"6924","H","Horita","Octopus","","","Horita"
"6925","H","Horita","Octopus","","","Horita"
"6926","H","Horita","Octopus","","","Horita"
"6927","H","Horita","Octopus","","","Horita"
"6928","B","Bozike","Chicoreus ramosus","","","Bozike"
"6929","F","Fia","Fish","","","Fia"
"6930","B","Bozike","Chicoreus ramosus","","","Bozike"
"6931","H","Horita","Octopus","","","Horita"
"6932","H","Horita","Octopus","","","Horita"
"6933","F","Fia","Fish","","","Fia"
"6934","A","Angisy","Squid","","","Angisy"
"6935","A","Angisy","Squid","","","Angisy"
"6936","A","Angisy","Squid","","","Angisy"
"6937","H","Horita","Octopus","","","Horita"
"6938","H","Horita","Octopus","","","Horita"
"6939","H","Horita","Octopus","","","Horita"
"6940","H","Horita","Octopus","","","Horita"
"6941","H","Horita","Octopus","","","Horita"
"6942","H","Horita","Octopus","","","Horita"
"6943","B","Bozike","Chicoreus ramosus","","","Bozike"
"6944","L","Lamera","eel","LAMAIRA,LAMAIRAKINA,LAMAIRA FESOTSE AMBATO,LAMAIRA KINA,LAMAIRANKENA","GYMNOTHORAX JAVANICUS, GYMNOMURAENA ZEBRA, ECHIDNA NEBULOSA, GYMNOTORAX JAVANICUS","LAMAIRA,LAMAIRAKINA,LAMAIRA FESOTSE AMBATO,LAMAIRA KINA,LAMAIRANKENA"
"6945","H","Horita","Octopus","","","Horita"
"6946","H","Horita","Octopus","","","Horita"
"6947","L","Lamera","eel","LAMAIRA,LAMAIRAKINA,LAMAIRA FESOTSE AMBATO,LAMAIRA KINA,LAMAIRANKENA","GYMNOTHORAX JAVANICUS, GYMNOMURAENA ZEBRA, ECHIDNA NEBULOSA, GYMNOTORAX JAVANICUS","LAMAIRA,LAMAIRAKINA,LAMAIRA FESOTSE AMBATO,LAMAIRA KINA,LAMAIRANKENA"
"6948","H","Horita","Octopus","","","Horita"
"6949","B","Bozike","Chicoreus ramosus","","","Bozike"
"6950","B","Bozike","Chicoreus ramosus","","","Bozike"
"6951","L","Lamera","eel","LAMAIRA,LAMAIRAKINA,LAMAIRA FESOTSE AMBATO,LAMAIRA KINA,LAMAIRANKENA","GYMNOTHORAX JAVANICUS, GYMNOMURAENA ZEBRA, ECHIDNA NEBULOSA, GYMNOTORAX JAVANICUS","LAMAIRA,LAMAIRAKINA,LAMAIRA FESOTSE AMBATO,LAMAIRA KINA,LAMAIRANKENA"
"6952","L","Lamera","eel","LAMAIRA,LAMAIRAKINA,LAMAIRA FESOTSE AMBATO,LAMAIRA KINA,LAMAIRANKENA","GYMNOTHORAX JAVANICUS, GYMNOMURAENA ZEBRA, ECHIDNA NEBULOSA, GYMNOTORAX JAVANICUS","LAMAIRA,LAMAIRAKINA,LAMAIRA FESOTSE AMBATO,LAMAIRA KINA,LAMAIRANKENA"
"6953","H","Horita","Octopus","","","Horita"
"6954","A","Angisy","Squid","","","Angisy"
"6955","H","Horita","Octopus","","","Horita"
"6956","A","Angisy","Squid","","","Angisy"
"6957","H","Horita","Octopus","","","Horita"
"6958","F","Fia","Fish","","","Fia"
"6959","A","Angisy","Squid","","","Angisy"
"6960","H","Horita","Octopus","","","Horita"
"6961","H","Horita","Octopus","","","Horita"
"6962","H","Horita","Octopus","","","Horita"
"6963","H","Horita","Octopus","","","Horita"
"6964","B","Bozike","Chicoreus ramosus","","","Bozike"
"6965","H","Horita","Octopus","","","Horita"
"6966","B","Bozike","Chicoreus ramosus","","","Bozike"
"6967","H","Horita","Octopus","","","Horita"
"6968","H","Horita","Octopus","","","Horita"
"6969","H","Horita","Octopus","","","Horita"
"6970","H","Horita","Octopus","","","Horita"
"6971","H","Horita","Octopus","","","Horita"
"6972","B","Bozike","Chicoreus ramosus","","","Bozike"
"6973","F","Fia","Fish","","","Fia"
"6974","B","Bozike","Chicoreus ramosus","","","Bozike"
"6975","A","Angisy","Squid","","","Angisy"
"6976","A","Angisy","Squid","","","Angisy"
"6977","A","Angisy","Squid","","","Angisy"
"6978","H","Horita","Octopus","","","Horita"
"6979","H","Horita","Octopus","","","Horita"
"6980","B","Bozike","Chicoreus ramosus","","","Bozike"
"6981","H","Horita","Octopus","","","Horita"
"6982","B","Bozike","Chicoreus ramosus","","","Bozike"
"6983","H","Horita","Octopus","","","Horita"
"6984","A","Angisy","Squid","","","Angisy"
"6985","H","Horita","Octopus","","","Horita"
"6986","H","Horita","Octopus","","","Horita"
"6987","B","Bozike","Chicoreus ramosus","","","Bozike"
"6988","H","Horita","Octopus","","","Horita"
"6989","H","Horita","Octopus","","","Horita"
"6990","F","Fia","Fish","","","Fia"
"6991","B","Bozike","Chicoreus ramosus","","","Bozike"
"6992","A","Angisy","Squid","","","Angisy"
"6993","F","Fia","Fish","","","Fia"
"6994","A","Angisy","Squid","","","Angisy"
"6995","H","Horita","Octopus","","","Horita"
"6996","H","Horita","Octopus","","","Horita"
"6997","H","Horita","Octopus","","","Horita"
"6998","H","Horita","Octopus","","","Horita"
"6999","F","Fia","Fish","","","Fia"
"7000","H","Horita","Octopus","","","Horita"
"7001","F","Fia","Fish","","","Fia"
"7002","H","Horita","Octopus","","","Horita"
"7003","H","Horita","Octopus","","","Horita"
"7004","H","Horita","Octopus","","","Horita"
"7005","H","Horita","Octopus","","","Horita"
"7006","F","Fia","Fish","","","Fia"
"7007","H","Horita","Octopus","","","Horita"
"7008","B","Bozike","Chicoreus ramosus","","","Bozike"
"7009","A","Angisy","Squid","","","Angisy"
"7010","A","Angisy","Squid","","","Angisy"
"7011","A","Angisy","Squid","","","Angisy"
"7012","H","Horita","Octopus","","","Horita"
"7013","F","Fia","Fish","","","Fia"
"7014","H","Horita","Octopus","","","Horita"
"7015","H","Horita","Octopus","","","Horita"
"7016","F","Fia","Fish","","","Fia"
"7017","L","Lamera","eel","LAMAIRA,LAMAIRAKINA,LAMAIRA FESOTSE AMBATO,LAMAIRA KINA,LAMAIRANKENA","GYMNOTHORAX JAVANICUS, GYMNOMURAENA ZEBRA, ECHIDNA NEBULOSA, GYMNOTORAX JAVANICUS","LAMAIRA,LAMAIRAKINA,LAMAIRA FESOTSE AMBATO,LAMAIRA KINA,LAMAIRANKENA"
"7018","H","Horita","Octopus","","","Horita"
"7019","H","Horita","Octopus","","","Horita"
"7020","F","Fia","Fish","","","Fia"
"7021","B","Bozike","Chicoreus ramosus","","","Bozike"
"7022","F","Fia","Fish","","","Fia"
"7023","B","Bozike","Chicoreus ramosus","","","Bozike"
"7024","H","Horita","Octopus","","","Horita"
"7025","B","Bozike","Chicoreus ramosus","","","Bozike"
"7026","F","Fia","Fish","","","Fia"
"7027","H","Horita","Octopus","","","Horita"
"7028","H","Horita","Octopus","","","Horita"
"7029","B","Bozike","Chicoreus ramosus","","","Bozike"
"7030","H","Horita","Octopus","","","Horita"
"7031","H","Horita","Octopus","","","Horita"
"7032","H","Horita","Octopus","","","Horita"
"7033","H","Horita","Octopus","","","Horita"
"7034","H","Horita","Octopus","","","Horita"
"7035","H","Horita","Octopus","","","Horita"
"7036","H","Horita","Octopus","","","Horita"
"7037","F","Fia","Fish","","","Fia"
"7038","B","Bozike","Chicoreus ramosus","","","Bozike"
"7039","H","Horita","Octopus","","","Horita"
"7040","B","Bozike","Chicoreus ramosus","","","Bozike"
"7041","F","Fia","Fish","","","Fia"
"7042","H","Horita","Octopus","","","Horita"
"7043","A","Angisy","Squid","","","Angisy"
"7044","A","Angisy","Squid","","","Angisy"
"7045","A","Angisy","Squid","","","Angisy"
"7046","A","Angisy","Squid","","","Angisy"
"7047","H","Horita","Octopus","","","Horita"
"7048","H","Horita","Octopus","","","Horita"
"7049","H","Horita","Octopus","","","Horita"
"7050","H","Horita","Octopus","","","Horita"
"7051","H","Horita","Octopus","","","Horita"
"7052","L","Lamera","eel","LAMAIRA,LAMAIRAKINA,LAMAIRA FESOTSE AMBATO,LAMAIRA KINA,LAMAIRANKENA","GYMNOTHORAX JAVANICUS, GYMNOMURAENA ZEBRA, ECHIDNA NEBULOSA, GYMNOTORAX JAVANICUS","LAMAIRA,LAMAIRAKINA,LAMAIRA FESOTSE AMBATO,LAMAIRA KINA,LAMAIRANKENA"
"7053","H","Horita","Octopus","","","Horita"
"7054","F","Fia","Fish","","","Fia"
"7055","B","Bozike","Chicoreus ramosus","","","Bozike"
"7056","H","Horita","Octopus","","","Horita"
"7057","H","Horita","Octopus","","","Horita"
"7058","B","Bozike","Chicoreus ramosus","","","Bozike"
"7059","A","Angisy","Squid","","","Angisy"
"7060","F","Fia","Fish","","","Fia"
"7061","A","Angisy","Squid","","","Angisy"
"7062","H","Horita","Octopus","","","Horita"
"7063","H","Horita","Octopus","","","Horita"
"7064","L","Lamera","eel","LAMAIRA,LAMAIRAKINA,LAMAIRA FESOTSE AMBATO,LAMAIRA KINA,LAMAIRANKENA","GYMNOTHORAX JAVANICUS, GYMNOMURAENA ZEBRA, ECHIDNA NEBULOSA, GYMNOTORAX JAVANICUS","LAMAIRA,LAMAIRAKINA,LAMAIRA FESOTSE AMBATO,LAMAIRA KINA,LAMAIRANKENA"
"7065","H","Horita","Octopus","","","Horita"
"7066","L","Lamera","eel","LAMAIRA,LAMAIRAKINA,LAMAIRA FESOTSE AMBATO,LAMAIRA KINA,LAMAIRANKENA","GYMNOTHORAX JAVANICUS, GYMNOMURAENA ZEBRA, ECHIDNA NEBULOSA, GYMNOTORAX JAVANICUS","LAMAIRA,LAMAIRAKINA,LAMAIRA FESOTSE AMBATO,LAMAIRA KINA,LAMAIRANKENA"
"7067","H","Horita","Octopus","","","Horita"
"7068","F","Fia","Fish","","","Fia"
"7069","H","Horita","Octopus","","","Horita"
"7070","B","Bozike","Chicoreus ramosus","","","Bozike"
"7071","H","Horita","Octopus","","","Horita"
"7072","H","Horita","Octopus","","","Horita"
"7073","B","Bozike","Chicoreus ramosus","","","Bozike"
"7074","F","Fia","Fish","","","Fia"
"7075","A","Angisy","Squid","","","Angisy"
"7076","A","Angisy","Squid","","","Angisy"
"7077","A","Angisy","Squid","","","Angisy"
"7078","A","Angisy","Squid","","","Angisy"
"7079","A","Angisy","Squid","","","Angisy"
"7080","A","Angisy","Squid","","","Angisy"
"7081","A","Angisy","Squid","","","Angisy"
"7082","A","Angisy","Squid","","","Angisy"
"7083","A","Angisy","Squid","","","Angisy"
"7084","A","Angisy","Squid","","","Angisy"
"7085","H","Horita","Octopus","","","Horita"
"7086","B","Bozike","Chicoreus ramosus","","","Bozike"
"7087","A","Angisy","Squid","","","Angisy"
"7088","H","Horita","Octopus","","","Horita"
"7089","H","Horita","Octopus","","","Horita"
"7090","H","Horita","Octopus","","","Horita"
"7091","A","Angisy","Squid","","","Angisy"
"7092","A","Angisy","Squid","","","Angisy"
"7093","A","Angisy","Squid","","","Angisy"
"7094","F","Fia","Fish","","","Fia"
"7095","A","Angisy","Squid","","","Angisy"
"7096","A","Angisy","Squid","","","Angisy"
"7097","A","Angisy","Squid","","","Angisy"
"7098","F","Fia","Fish","","","Fia"
"7099","F","Fia","Fish","","","Fia"
"7100","H","Horita","Octopus","","","Horita"
"7101","H","Horita","Octopus","","","Horita"
"7102","F","Fia","Fish","","","Fia"
"7103","A","Angisy","Squid","","","Angisy"
"7104","A","Angisy","Squid","","","Angisy"
"7105","A","Angisy","Squid","","","Angisy"
"7106","F","Fia","Fish","","","Fia"
"7107","H","Horita","Octopus","","","Horita"
"7108","H","Horita","Octopus","","","Horita"
"7109","H","Horita","Octopus","","","Horita"
"7110","",NA,NA,NA,NA,NA
"7111","H","Horita","Octopus","","","Horita"
"7112","H","Horita","Octopus","","","Horita"
"7113","H","Horita","Octopus","","","Horita"
"7114","H","Horita","Octopus","","","Horita"
"7115","F","Fia","Fish","","","Fia"
"7116","H","Horita","Octopus","","","Horita"
"7117","H","Horita","Octopus","","","Horita"
"7118","H","Horita","Octopus","","","Horita"
"7119","H","Horita","Octopus","","","Horita"
"7120","H","Horita","Octopus","","","Horita"
"7121","H","Horita","Octopus","","","Horita"
"7122","F","Fia","Fish","","","Fia"
"7123","B","Bozike","Chicoreus ramosus","","","Bozike"
"7124","H","Horita","Octopus","","","Horita"
"7125","H","Horita","Octopus","","","Horita"
"7126","F","Fia","Fish","","","Fia"
"7127","B","Bozike","Chicoreus ramosus","","","Bozike"
"7128","",NA,NA,NA,NA,NA
"7129","H","Horita","Octopus","","","Horita"
"7130","H","Horita","Octopus","","","Horita"
"7131","H","Horita","Octopus","","","Horita"
"7132","H","Horita","Octopus","","","Horita"
"7133","H","Horita","Octopus","","","Horita"
"7134","A","Angisy","Squid","","","Angisy"
"7135","A","Angisy","Squid","","","Angisy"
"7136","A","Angisy","Squid","","","Angisy"
"7137","H","Horita","Octopus","","","Horita"
"7138","H","Horita","Octopus","","","Horita"
"7139","H","Horita","Octopus","","","Horita"
"7140","F","Fia","Fish","","","Fia"
"7141","H","Horita","Octopus","","","Horita"
"7142","H","Horita","Octopus","","","Horita"
"7143","A","Angisy","Squid","","","Angisy"
"7144","A","Angisy","Squid","","","Angisy"
"7145","H","Horita","Octopus","","","Horita"
"7146","H","Horita","Octopus","","","Horita"
"7147","B","Bozike","Chicoreus ramosus","","","Bozike"
"7148","H","Horita","Octopus","","","Horita"
"7149","H","Horita","Octopus","","","Horita"
"7150","H","Horita","Octopus","","","Horita"
"7151","H","Horita","Octopus","","","Horita"
"7152","H","Horita","Octopus","","","Horita"
"7153","H","Horita","Octopus","","","Horita"
"7154","B","Bozike","Chicoreus ramosus","","","Bozike"
"7155","L","Lamera","eel","LAMAIRA,LAMAIRAKINA,LAMAIRA FESOTSE AMBATO,LAMAIRA KINA,LAMAIRANKENA","GYMNOTHORAX JAVANICUS, GYMNOMURAENA ZEBRA, ECHIDNA NEBULOSA, GYMNOTORAX JAVANICUS","LAMAIRA,LAMAIRAKINA,LAMAIRA FESOTSE AMBATO,LAMAIRA KINA,LAMAIRANKENA"
"7156","F","Fia","Fish","","","Fia"
"7157","H","Horita","Octopus","","","Horita"
"7158","L","Lamera","eel","LAMAIRA,LAMAIRAKINA,LAMAIRA FESOTSE AMBATO,LAMAIRA KINA,LAMAIRANKENA","GYMNOTHORAX JAVANICUS, GYMNOMURAENA ZEBRA, ECHIDNA NEBULOSA, GYMNOTORAX JAVANICUS","LAMAIRA,LAMAIRAKINA,LAMAIRA FESOTSE AMBATO,LAMAIRA KINA,LAMAIRANKENA"
"7159","H","Horita","Octopus","","","Horita"
"7160","F","Fia","Fish","","","Fia"
"7161","H","Horita","Octopus","","","Horita"
"7162","",NA,NA,NA,NA,NA
"7163","",NA,NA,NA,NA,NA
"7164","",NA,NA,NA,NA,NA
"7165","",NA,NA,NA,NA,NA
"7166","F","Fia","Fish","","","Fia"
"7167","B","Bozike","Chicoreus ramosus","","","Bozike"
"7168","H","Horita","Octopus","","","Horita"
"7169","H","Horita","Octopus","","","Horita"
"7170","",NA,NA,NA,NA,NA
"7171","H","Horita","Octopus","","","Horita"
"7172","H","Horita","Octopus","","","Horita"
"7173","H","Horita","Octopus","","","Horita"
"7174","H","Horita","Octopus","","","Horita"
"7175","H","Horita","Octopus","","","Horita"
"7176","B","Bozike","Chicoreus ramosus","","","Bozike"
"7177","F","Fia","Fish","","","Fia"
"7178","H","Horita","Octopus","","","Horita"
"7179","B","Bozike","Chicoreus ramosus","","","Bozike"
"7180","B","Bozike","Chicoreus ramosus","","","Bozike"
"7181","F","Fia","Fish","","","Fia"
"7182","A","Angisy","Squid","","","Angisy"
"7183","A","Angisy","Squid","","","Angisy"
"7184","A","Angisy","Squid","","","Angisy"
"7185","A","Angisy","Squid","","","Angisy"
"7186","H","Horita","Octopus","","","Horita"
"7187","L","Lamera","eel","LAMAIRA,LAMAIRAKINA,LAMAIRA FESOTSE AMBATO,LAMAIRA KINA,LAMAIRANKENA","GYMNOTHORAX JAVANICUS, GYMNOMURAENA ZEBRA, ECHIDNA NEBULOSA, GYMNOTORAX JAVANICUS","LAMAIRA,LAMAIRAKINA,LAMAIRA FESOTSE AMBATO,LAMAIRA KINA,LAMAIRANKENA"
"7188","H","Horita","Octopus","","","Horita"
"7189","H","Horita","Octopus","","","Horita"
"7190","H","Horita","Octopus","","","Horita"
"7191","H","Horita","Octopus","","","Horita"
"7192","H","Horita","Octopus","","","Horita"
"7193","H","Horita","Octopus","","","Horita"
"7194","H","Horita","Octopus","","","Horita"
"7195","B","Bozike","Chicoreus ramosus","","","Bozike"
"7196","H","Horita","Octopus","","","Horita"
"7197","F","Fia","Fish","","","Fia"
"7198","H","Horita","Octopus","","","Horita"
"7199","H","Horita","Octopus","","","Horita"
"7200","H","Horita","Octopus","","","Horita"
"7201","F","Fia","Fish","","","Fia"
"7202","B","Bozike","Chicoreus ramosus","","","Bozike"
"7203","H","Horita","Octopus","","","Horita"
"7204","H","Horita","Octopus","","","Horita"
"7205","F","Fia","Fish","","","Fia"
"7206","",NA,NA,NA,NA,NA
"7207","H","Horita","Octopus","","","Horita"
"7208","B","Bozike","Chicoreus ramosus","","","Bozike"
"7209","H","Horita","Octopus","","","Horita"
"7210","H","Horita","Octopus","","","Horita"
"7211","H","Horita","Octopus","","","Horita"
"7212","A","Angisy","Squid","","","Angisy"
"7213","A","Angisy","Squid","","","Angisy"
"7214","B","Bozike","Chicoreus ramosus","","","Bozike"
"7215","",NA,NA,NA,NA,NA
"7216","",NA,NA,NA,NA,NA
"7217","",NA,NA,NA,NA,NA
"7218","",NA,NA,NA,NA,NA
"7219","",NA,NA,NA,NA,NA
"7220","",NA,NA,NA,NA,NA
"7221","A","Angisy","Squid","","","Angisy"
"7222","F","Fia","Fish","","","Fia"
"7223","A","Angisy","Squid","","","Angisy"
"7224","F","Fia","Fish","","","Fia"
"7225","A","Angisy","Squid","","","Angisy"
"7226","H","Horita","Octopus","","","Horita"
"7227","H","Horita","Octopus","","","Horita"
"7228","B","Bozike","Chicoreus ramosus","","","Bozike"
"7229","F","Fia","Fish","","","Fia"
"7230","B","Bozike","Chicoreus ramosus","","","Bozike"
"7231","H","Horita","Octopus","","","Horita"
"7232","H","Horita","Octopus","","","Horita"
"7233","H","Horita","Octopus","","","Horita"
"7234","F","Fia","Fish","","","Fia"
"7235","H","Horita","Octopus","","","Horita"
"7236","H","Horita","Octopus","","","Horita"
"7237","A","Angisy","Squid","","","Angisy"
"7238","H","Horita","Octopus","","","Horita"
"7239","H","Horita","Octopus","","","Horita"
"7240","H","Horita","Octopus","","","Horita"
"7241","F","Fia","Fish","","","Fia"
"7242","H","Horita","Octopus","","","Horita"
"7243","H","Horita","Octopus","","","Horita"
"7244","H","Horita","Octopus","","","Horita"
"7245","H","Horita","Octopus","","","Horita"
"7246","F","Fia","Fish","","","Fia"
"7247","B","Bozike","Chicoreus ramosus","","","Bozike"
"7248","H","Horita","Octopus","","","Horita"
"7249","A","Angisy","Squid","","","Angisy"
"7250","A","Angisy","Squid","","","Angisy"
"7251","A","Angisy","Squid","","","Angisy"
"7252","H","Horita","Octopus","","","Horita"
"7253","F","Fia","Fish","","","Fia"
"7254","B","Bozike","Chicoreus ramosus","","","Bozike"
"7255","H","Horita","Octopus","","","Horita"
"7256","H","Horita","Octopus","","","Horita"
"7257","H","Horita","Octopus","","","Horita"
"7258","H","Horita","Octopus","","","Horita"
"7259","H","Horita","Octopus","","","Horita"
"7260","H","Horita","Octopus","","","Horita"
"7261","B","Bozike","Chicoreus ramosus","","","Bozike"
"7262","F","Fia","Fish","","","Fia"
"7263","B","Bozike","Chicoreus ramosus","","","Bozike"
"7264","A","Angisy","Squid","","","Angisy"
"7265","A","Angisy","Squid","","","Angisy"
"7266","B","Bozike","Chicoreus ramosus","","","Bozike"
"7267","F","Fia","Fish","","","Fia"
"7268","B","Bozike","Chicoreus ramosus","","","Bozike"
"7269","A","Angisy","Squid","","","Angisy"
"7270","H","Horita","Octopus","","","Horita"
"7271","B","Bozike","Chicoreus ramosus","","","Bozike"
"7272","H","Horita","Octopus","","","Horita"
"7273","F","Fia","Fish","","","Fia"
"7274","H","Horita","Octopus","","","Horita"
"7275","F","Fia","Fish","","","Fia"
"7276","L","Lamera","eel","LAMAIRA,LAMAIRAKINA,LAMAIRA FESOTSE AMBATO,LAMAIRA KINA,LAMAIRANKENA","GYMNOTHORAX JAVANICUS, GYMNOMURAENA ZEBRA, ECHIDNA NEBULOSA, GYMNOTORAX JAVANICUS","LAMAIRA,LAMAIRAKINA,LAMAIRA FESOTSE AMBATO,LAMAIRA KINA,LAMAIRANKENA"
"7277","H","Horita","Octopus","","","Horita"
"7278","B","Bozike","Chicoreus ramosus","","","Bozike"
"7279","H","Horita","Octopus","","","Horita"
"7280","H","Horita","Octopus","","","Horita"
"7281","F","Fia","Fish","","","Fia"
"7282","B","Bozike","Chicoreus ramosus","","","Bozike"
"7283","A","Angisy","Squid","","","Angisy"
"7284","F","Fia","Fish","","","Fia"
"7285","A","Angisy","Squid","","","Angisy"
"7286","A","Angisy","Squid","","","Angisy"
"7287","H","Horita","Octopus","","","Horita"
"7288","F","Fia","Fish","","","Fia"
"7289","H","Horita","Octopus","","","Horita"
"7290","H","Horita","Octopus","","","Horita"
"7291","H","Horita","Octopus","","","Horita"
"7292","H","Horita","Octopus","","","Horita"
"7293","B","Bozike","Chicoreus ramosus","","","Bozike"
"7294","F","Fia","Fish","","","Fia"
"7295","B","Bozike","Chicoreus ramosus","","","Bozike"
"7296","H","Horita","Octopus","","","Horita"
"7297","B","Bozike","Chicoreus ramosus","","","Bozike"
"7298","H","Horita","Octopus","","","Horita"
"7299","F","Fia","Fish","","","Fia"
"7300","B","Bozike","Chicoreus ramosus","","","Bozike"
"7301","A","Angisy","Squid","","","Angisy"
"7302","H","Horita","Octopus","","","Horita"
"7303","B","Bozike","Chicoreus ramosus","","","Bozike"
"7304","H","Horita","Octopus","","","Horita"
"7305","H","Horita","Octopus","","","Horita"
"7306","H","Horita","Octopus","","","Horita"
"7307","A","Angisy","Squid","","","Angisy"
"7308","A","Angisy","Squid","","","Angisy"
"7309","A","Angisy","Squid","","","Angisy"
"7310","F","Fia","Fish","","","Fia"
"7311","H","Horita","Octopus","","","Horita"
"7312","F","Fia","Fish","","","Fia"
"7313","H","Horita","Octopus","","","Horita"
"7314","B","Bozike","Chicoreus ramosus","","","Bozike"
"7315","H","Horita","Octopus","","","Horita"
"7316","F","Fia","Fish","","","Fia"
"7317","B","Bozike","Chicoreus ramosus","","","Bozike"
"7318","F","Fia","Fish","","","Fia"
"7319","A","Angisy","Squid","","","Angisy"
"7320","A","Angisy","Squid","","","Angisy"
"7321","A","Angisy","Squid","","","Angisy"
"7322","F","Fia","Fish","","","Fia"
"7323","H","Horita","Octopus","","","Horita"
"7324","H","Horita","Octopus","","","Horita"
"7325","H","Horita","Octopus","","","Horita"
"7326","H","Horita","Octopus","","","Horita"
"7327","F","Fia","Fish","","","Fia"
"7328","H","Horita","Octopus","","","Horita"
"7329","B","Bozike","Chicoreus ramosus","","","Bozike"
"7330","H","Horita","Octopus","","","Horita"
"7331","L","Lamera","eel","LAMAIRA,LAMAIRAKINA,LAMAIRA FESOTSE AMBATO,LAMAIRA KINA,LAMAIRANKENA","GYMNOTHORAX JAVANICUS, GYMNOMURAENA ZEBRA, ECHIDNA NEBULOSA, GYMNOTORAX JAVANICUS","LAMAIRA,LAMAIRAKINA,LAMAIRA FESOTSE AMBATO,LAMAIRA KINA,LAMAIRANKENA"
"7332","H","Horita","Octopus","","","Horita"
"7333","H","Horita","Octopus","","","Horita"
"7334","L","Lamera","eel","LAMAIRA,LAMAIRAKINA,LAMAIRA FESOTSE AMBATO,LAMAIRA KINA,LAMAIRANKENA","GYMNOTHORAX JAVANICUS, GYMNOMURAENA ZEBRA, ECHIDNA NEBULOSA, GYMNOTORAX JAVANICUS","LAMAIRA,LAMAIRAKINA,LAMAIRA FESOTSE AMBATO,LAMAIRA KINA,LAMAIRANKENA"
"7335","B","Bozike","Chicoreus ramosus","","","Bozike"
"7336","H","Horita","Octopus","","","Horita"
"7337","H","Horita","Octopus","","","Horita"
"7338","B","Bozike","Chicoreus ramosus","","","Bozike"
"7339","H","Horita","Octopus","","","Horita"
"7340","H","Horita","Octopus","","","Horita"
"7341","H","Horita","Octopus","","","Horita"
"7342","H","Horita","Octopus","","","Horita"
"7343","",NA,NA,NA,NA,NA
"7344","",NA,NA,NA,NA,NA
"7345","",NA,NA,NA,NA,NA
"7346","",NA,NA,NA,NA,NA
"7347","F","Fia","Fish","","","Fia"
"7348","A","Angisy","Squid","","","Angisy"
"7349","A","Angisy","Squid","","","Angisy"
"7350","H","Horita","Octopus","","","Horita"
"7351","H","Horita","Octopus","","","Horita"
"7352","B","Bozike","Chicoreus ramosus","","","Bozike"
"7353","H","Horita","Octopus","","","Horita"
"7354","H","Horita","Octopus","","","Horita"
"7355","B","Bozike","Chicoreus ramosus","","","Bozike"
"7356","A","Angisy","Squid","","","Angisy"
"7357","F","Fia","Fish","","","Fia"
"7358","H","Horita","Octopus","","","Horita"
"7359","H","Horita","Octopus","","","Horita"
"7360","H","Horita","Octopus","","","Horita"
"7361","H","Horita","Octopus","","","Horita"
"7362","H","Horita","Octopus","","","Horita"
"7363","H","Horita","Octopus","","","Horita"
"7364","H","Horita","Octopus","","","Horita"
"7365","L","Lamera","eel","LAMAIRA,LAMAIRAKINA,LAMAIRA FESOTSE AMBATO,LAMAIRA KINA,LAMAIRANKENA","GYMNOTHORAX JAVANICUS, GYMNOMURAENA ZEBRA, ECHIDNA NEBULOSA, GYMNOTORAX JAVANICUS","LAMAIRA,LAMAIRAKINA,LAMAIRA FESOTSE AMBATO,LAMAIRA KINA,LAMAIRANKENA"
"7366","H","Horita","Octopus","","","Horita"
"7367","H","Horita","Octopus","","","Horita"
"7368","F","Fia","Fish","","","Fia"
"7369","A","Angisy","Squid","","","Angisy"
"7370","H","Horita","Octopus","","","Horita"
"7371","H","Horita","Octopus","","","Horita"
"7372","H","Horita","Octopus","","","Horita"
"7373","H","Horita","Octopus","","","Horita"
"7374","F","Fia","Fish","","","Fia"
"7375","F","Fia","Fish","","","Fia"
"7376","F","Fia","Fish","","","Fia"
"7377","H","Horita","Octopus","","","Horita"
"7378","H","Horita","Octopus","","","Horita"
"7379","H","Horita","Octopus","","","Horita"
"7380","F","Fia","Fish","","","Fia"
"7381","A","Angisy","Squid","","","Angisy"
"7382","H","Horita","Octopus","","","Horita"
"7383","A","Angisy","Squid","","","Angisy"
"7384","H","Horita","Octopus","","","Horita"
"7385","F","Fia","Fish","","","Fia"
"7386","H","Horita","Octopus","","","Horita"
"7387","H","Horita","Octopus","","","Horita"
"7388","H","Horita","Octopus","","","Horita"
"7389","F","Fia","Fish","","","Fia"
"7390","H","Horita","Octopus","","","Horita"
"7391","H","Horita","Octopus","","","Horita"
"7392","H","Horita","Octopus","","","Horita"
"7393","H","Horita","Octopus","","","Horita"
"7394","H","Horita","Octopus","","","Horita"
"7395","H","Horita","Octopus","","","Horita"
"7396","B","Bozike","Chicoreus ramosus","","","Bozike"
"7397","H","Horita","Octopus","","","Horita"
"7398","B","Bozike","Chicoreus ramosus","","","Bozike"
"7399","H","Horita","Octopus","","","Horita"
"7400","H","Horita","Octopus","","","Horita"
"7401","H","Horita","Octopus","","","Horita"
"7402","F","Fia","Fish","","","Fia"
"7403","H","Horita","Octopus","","","Horita"
"7404","H","Horita","Octopus","","","Horita"
"7405","A","Angisy","Squid","","","Angisy"
"7406","A","Angisy","Squid","","","Angisy"
"7407","B","Bozike","Chicoreus ramosus","","","Bozike"
"7408","H","Horita","Octopus","","","Horita"
"7409","H","Horita","Octopus","","","Horita"
"7410","H","Horita","Octopus","","","Horita"
"7411","H","Horita","Octopus","","","Horita"
"7412","A","Angisy","Squid","","","Angisy"
"7413","H","Horita","Octopus","","","Horita"
"7414","F","Fia","Fish","","","Fia"
"7415","B","Bozike","Chicoreus ramosus","","","Bozike"
"7416","H","Horita","Octopus","","","Horita"
"7417","H","Horita","Octopus","","","Horita"
"7418","B","Bozike","Chicoreus ramosus","","","Bozike"
"7419","A","Angisy","Squid","","","Angisy"
"7420","A","Angisy","Squid","","","Angisy"
"7421","H","Horita","Octopus","","","Horita"
"7422","A","Angisy","Squid","","","Angisy"
"7423","H","Horita","Octopus","","","Horita"
"7424","H","Horita","Octopus","","","Horita"
"7425","B","Bozike","Chicoreus ramosus","","","Bozike"
"7426","H","Horita","Octopus","","","Horita"
"7427","H","Horita","Octopus","","","Horita"
"7428","F","Fia","Fish","","","Fia"
"7429","F","Fia","Fish","","","Fia"
"7430","H","Horita","Octopus","","","Horita"
"7431","H","Horita","Octopus","","","Horita"
"7432","H","Horita","Octopus","","","Horita"
"7433","H","Horita","Octopus","","","Horita"
"7434","F","Fia","Fish","","","Fia"
"7435","B","Bozike","Chicoreus ramosus","","","Bozike"
"7436","H","Horita","Octopus","","","Horita"
"7437","H","Horita","Octopus","","","Horita"
"7438","F","Fia","Fish","","","Fia"
"7439","H","Horita","Octopus","","","Horita"
"7440","H","Horita","Octopus","","","Horita"
"7441","H","Horita","Octopus","","","Horita"
"7442","H","Horita","Octopus","","","Horita"
"7443","H","Horita","Octopus","","","Horita"
"7444","H","Horita","Octopus","","","Horita"
"7445","H","Horita","Octopus","","","Horita"
"7446","A","Angisy","Squid","","","Angisy"
"7447","A","Angisy","Squid","","","Angisy"
"7448","A","Angisy","Squid","","","Angisy"
"7449","A","Angisy","Squid","","","Angisy"
"7450","H","Horita","Octopus","","","Horita"
"7451","H","Horita","Octopus","","","Horita"
"7452","B","Bozike","Chicoreus ramosus","","","Bozike"
"7453","H","Horita","Octopus","","","Horita"
"7454","H","Horita","Octopus","","","Horita"
"7455","F","Fia","Fish","","","Fia"
"7456","B","Bozike","Chicoreus ramosus","","","Bozike"
"7457","H","Horita","Octopus","","","Horita"
"7458","F","Fia","Fish","","","Fia"
"7459","H","Horita","Octopus","","","Horita"
"7460","H","Horita","Octopus","","","Horita"
"7461","H","Horita","Octopus","","","Horita"
"7462","H","Horita","Octopus","","","Horita"
"7463","B","Bozike","Chicoreus ramosus","","","Bozike"
"7464","F","Fia","Fish","","","Fia"
"7465","H","Horita","Octopus","","","Horita"
"7466","H","Horita","Octopus","","","Horita"
"7467","H","Horita","Octopus","","","Horita"
"7468","H","Horita","Octopus","","","Horita"
"7469","A","Angisy","Squid","","","Angisy"
"7470","A","Angisy","Squid","","","Angisy"
"7471","H","Horita","Octopus","","","Horita"
"7472","H","Horita","Octopus","","","Horita"
"7473","H","Horita","Octopus","","","Horita"
"7474","H","Horita","Octopus","","","Horita"
"7475","F","Fia","Fish","","","Fia"
"7476","B","Bozike","Chicoreus ramosus","","","Bozike"
"7477","H","Horita","Octopus","","","Horita"
"7478","B","Bozike","Chicoreus ramosus","","","Bozike"
"7479","H","Horita","Octopus","","","Horita"
"7480","H","Horita","Octopus","","","Horita"
"7481","H","Horita","Octopus","","","Horita"
"7482","H","Horita","Octopus","","","Horita"
"7483","F","Fia","Fish","","","Fia"
"7484","H","Horita","Octopus","","","Horita"
"7485","H","Horita","Octopus","","","Horita"
"7486","H","Horita","Octopus","","","Horita"
"7487","H","Horita","Octopus","","","Horita"
"7488","H","Horita","Octopus","","","Horita"
"7489","A","Angisy","Squid","","","Angisy"
"7490","A","Angisy","Squid","","","Angisy"
"7491","H","Horita","Octopus","","","Horita"
"7492","L","Lamera","eel","LAMAIRA,LAMAIRAKINA,LAMAIRA FESOTSE AMBATO,LAMAIRA KINA,LAMAIRANKENA","GYMNOTHORAX JAVANICUS, GYMNOMURAENA ZEBRA, ECHIDNA NEBULOSA, GYMNOTORAX JAVANICUS","LAMAIRA,LAMAIRAKINA,LAMAIRA FESOTSE AMBATO,LAMAIRA KINA,LAMAIRANKENA"
"7493","B","Bozike","Chicoreus ramosus","","","Bozike"
"7494","H","Horita","Octopus","","","Horita"
"7495","B","Bozike","Chicoreus ramosus","","","Bozike"
"7496","H","Horita","Octopus","","","Horita"
"7497","L","Lamera","eel","LAMAIRA,LAMAIRAKINA,LAMAIRA FESOTSE AMBATO,LAMAIRA KINA,LAMAIRANKENA","GYMNOTHORAX JAVANICUS, GYMNOMURAENA ZEBRA, ECHIDNA NEBULOSA, GYMNOTORAX JAVANICUS","LAMAIRA,LAMAIRAKINA,LAMAIRA FESOTSE AMBATO,LAMAIRA KINA,LAMAIRANKENA"
"7498","H","Horita","Octopus","","","Horita"
"7499","F","Fia","Fish","","","Fia"
"7500","B","Bozike","Chicoreus ramosus","","","Bozike"
"7501","H","Horita","Octopus","","","Horita"
"7502","B","Bozike","Chicoreus ramosus","","","Bozike"
"7503","H","Horita","Octopus","","","Horita"
"7504","A","Angisy","Squid","","","Angisy"
"7505","H","Horita","Octopus","","","Horita"
"7506","H","Horita","Octopus","","","Horita"
"7507","B","Bozike","Chicoreus ramosus","","","Bozike"
"7508","A","Angisy","Squid","","","Angisy"
"7509","F","Fia","Fish","","","Fia"
"7510","H","Horita","Octopus","","","Horita"
"7511","H","Horita","Octopus","","","Horita"
"7512","H","Horita","Octopus","","","Horita"
"7513","F","Fia","Fish","","","Fia"
"7514","H","Horita","Octopus","","","Horita"
"7515","B","Bozike","Chicoreus ramosus","","","Bozike"
"7516","H","Horita","Octopus","","","Horita"
"7517","H","Horita","Octopus","","","Horita"
"7518","H","Horita","Octopus","","","Horita"
"7519","H","Horita","Octopus","","","Horita"
"7520","H","Horita","Octopus","","","Horita"
"7521","B","Bozike","Chicoreus ramosus","","","Bozike"
"7522","B","Bozike","Chicoreus ramosus","","","Bozike"
"7523","F","Fia","Fish","","","Fia"
"7524","H","Horita","Octopus","","","Horita"
"7525","F","Fia","Fish","","","Fia"
"7526","B","Bozike","Chicoreus ramosus","","","Bozike"
"7527","L","Lamera","eel","LAMAIRA,LAMAIRAKINA,LAMAIRA FESOTSE AMBATO,LAMAIRA KINA,LAMAIRANKENA","GYMNOTHORAX JAVANICUS, GYMNOMURAENA ZEBRA, ECHIDNA NEBULOSA, GYMNOTORAX JAVANICUS","LAMAIRA,LAMAIRAKINA,LAMAIRA FESOTSE AMBATO,LAMAIRA KINA,LAMAIRANKENA"
"7528","H","Horita","Octopus","","","Horita"
"7529","A","Angisy","Squid","","","Angisy"
"7530","H","Horita","Octopus","","","Horita"
"7531","H","Horita","Octopus","","","Horita"
"7532","H","Horita","Octopus","","","Horita"
"7533","H","Horita","Octopus","","","Horita"
"7534","A","Angisy","Squid","","","Angisy"
"7535","H","Horita","Octopus","","","Horita"
"7536","B","Bozike","Chicoreus ramosus","","","Bozike"
"7537","H","Horita","Octopus","","","Horita"
"7538","F","Fia","Fish","","","Fia"
"7539","H","Horita","Octopus","","","Horita"
"7540","H","Horita","Octopus","","","Horita"
"7541","H","Horita","Octopus","","","Horita"
"7542","B","Bozike","Chicoreus ramosus","","","Bozike"
"7543","F","Fia","Fish","","","Fia"
"7544","B","Bozike","Chicoreus ramosus","","","Bozike"
"7545","F","Fia","Fish","","","Fia"
"7546","H","Horita","Octopus","","","Horita"
"7547","H","Horita","Octopus","","","Horita"
"7548","H","Horita","Octopus","","","Horita"
"7549","H","Horita","Octopus","","","Horita"
"7550","H","Horita","Octopus","","","Horita"
"7551","A","Angisy","Squid","","","Angisy"
"7552","F","Fia","Fish","","","Fia"
"7553","H","Horita","Octopus","","","Horita"
"7554","H","Horita","Octopus","","","Horita"
"7555","H","Horita","Octopus","","","Horita"
"7556","H","Horita","Octopus","","","Horita"
"7557","H","Horita","Octopus","","","Horita"
"7558","H","Horita","Octopus","","","Horita"
"7559","H","Horita","Octopus","","","Horita"
"7560","B","Bozike","Chicoreus ramosus","","","Bozike"
"7561","H","Horita","Octopus","","","Horita"
"7562","B","Bozike","Chicoreus ramosus","","","Bozike"
"7563","H","Horita","Octopus","","","Horita"
"7564","F","Fia","Fish","","","Fia"
"7565","B","Bozike","Chicoreus ramosus","","","Bozike"
"7566","F","Fia","Fish","","","Fia"
"7567","B","Bozike","Chicoreus ramosus","","","Bozike"
"7568","L","Lamera","eel","LAMAIRA,LAMAIRAKINA,LAMAIRA FESOTSE AMBATO,LAMAIRA KINA,LAMAIRANKENA","GYMNOTHORAX JAVANICUS, GYMNOMURAENA ZEBRA, ECHIDNA NEBULOSA, GYMNOTORAX JAVANICUS","LAMAIRA,LAMAIRAKINA,LAMAIRA FESOTSE AMBATO,LAMAIRA KINA,LAMAIRANKENA"
"7569","F","Fia","Fish","","","Fia"
"7570","A","Angisy","Squid","","","Angisy"
"7571","A","Angisy","Squid","","","Angisy"
"7572","F","Fia","Fish","","","Fia"
"7573","F","Fia","Fish","","","Fia"
"7574","L","Lamera","eel","LAMAIRA,LAMAIRAKINA,LAMAIRA FESOTSE AMBATO,LAMAIRA KINA,LAMAIRANKENA","GYMNOTHORAX JAVANICUS, GYMNOMURAENA ZEBRA, ECHIDNA NEBULOSA, GYMNOTORAX JAVANICUS","LAMAIRA,LAMAIRAKINA,LAMAIRA FESOTSE AMBATO,LAMAIRA KINA,LAMAIRANKENA"
"7575","H","Horita","Octopus","","","Horita"
"7576","B","Bozike","Chicoreus ramosus","","","Bozike"
"7577","H","Horita","Octopus","","","Horita"
"7578","B","Bozike","Chicoreus ramosus","","","Bozike"
"7579","A","Angisy","Squid","","","Angisy"
"7580","",NA,NA,NA,NA,NA
"7581","",NA,NA,NA,NA,NA
"7582","",NA,NA,NA,NA,NA
"7583","H","Horita","Octopus","","","Horita"
"7584","B","Bozike","Chicoreus ramosus","","","Bozike"
"7585","H","Horita","Octopus","","","Horita"
"7586","H","Horita","Octopus","","","Horita"
"7587","H","Horita","Octopus","","","Horita"
"7588","H","Horita","Octopus","","","Horita"
"7589","H","Horita","Octopus","","","Horita"
"7590","H","Horita","Octopus","","","Horita"
"7591","H","Horita","Octopus","","","Horita"
"7592","H","Horita","Octopus","","","Horita"
"7593","H","Horita","Octopus","","","Horita"
"7594","B","Bozike","Chicoreus ramosus","","","Bozike"
"7595","H","Horita","Octopus","","","Horita"
"7596","B","Bozike","Chicoreus ramosus","","","Bozike"
"7597","F","Fia","Fish","","","Fia"
"7598","B","Bozike","Chicoreus ramosus","","","Bozike"
"7599","H","Horita","Octopus","","","Horita"
"7600","H","Horita","Octopus","","","Horita"
"7601","H","Horita","Octopus","","","Horita"
"7602","H","Horita","Octopus","","","Horita"
"7603","F","Fia","Fish","","","Fia"
"7604","B","Bozike","Chicoreus ramosus","","","Bozike"
"7605","B","Bozike","Chicoreus ramosus","","","Bozike"
"7606","H","Horita","Octopus","","","Horita"
"7607","F","Fia","Fish","","","Fia"
"7608","B","Bozike","Chicoreus ramosus","","","Bozike"
"7609","B","Bozike","Chicoreus ramosus","","","Bozike"
"7610","F","Fia","Fish","","","Fia"
"7611","H","Horita","Octopus","","","Horita"
"7612","L","Lamera","eel","LAMAIRA,LAMAIRAKINA,LAMAIRA FESOTSE AMBATO,LAMAIRA KINA,LAMAIRANKENA","GYMNOTHORAX JAVANICUS, GYMNOMURAENA ZEBRA, ECHIDNA NEBULOSA, GYMNOTORAX JAVANICUS","LAMAIRA,LAMAIRAKINA,LAMAIRA FESOTSE AMBATO,LAMAIRA KINA,LAMAIRANKENA"
"7613","H","Horita","Octopus","","","Horita"
"7614","B","Bozike","Chicoreus ramosus","","","Bozike"
"7615","H","Horita","Octopus","","","Horita"
"7616","H","Horita","Octopus","","","Horita"
"7617","F","Fia","Fish","","","Fia"
"7618","L","Lamera","eel","LAMAIRA,LAMAIRAKINA,LAMAIRA FESOTSE AMBATO,LAMAIRA KINA,LAMAIRANKENA","GYMNOTHORAX JAVANICUS, GYMNOMURAENA ZEBRA, ECHIDNA NEBULOSA, GYMNOTORAX JAVANICUS","LAMAIRA,LAMAIRAKINA,LAMAIRA FESOTSE AMBATO,LAMAIRA KINA,LAMAIRANKENA"
"7619","F","Fia","Fish","","","Fia"
"7620","H","Horita","Octopus","","","Horita"
"7621","F","Fia","Fish","","","Fia"
"7622","H","Horita","Octopus","","","Horita"
"7623","H","Horita","Octopus","","","Horita"
"7624","H","Horita","Octopus","","","Horita"
"7625","F","Fia","Fish","","","Fia"
"7626","B","Bozike","Chicoreus ramosus","","","Bozike"
"7627","A","Angisy","Squid","","","Angisy"
"7628","A","Angisy","Squid","","","Angisy"
"7629","H","Horita","Octopus","","","Horita"
"7630","H","Horita","Octopus","","","Horita"
"7631","B","Bozike","Chicoreus ramosus","","","Bozike"
"7632","F","Fia","Fish","","","Fia"
"7633","F","Fia","Fish","","","Fia"
"7634","B","Bozike","Chicoreus ramosus","","","Bozike"
"7635","H","Horita","Octopus","","","Horita"
"7636","G","Fishing gears","","","","Fishing gears"
"7637","H","Horita","Octopus","","","Horita"
"7638","B","Bozike","Chicoreus ramosus","","","Bozike"
"7639","B","Bozike","Chicoreus ramosus","","","Bozike"
"7640","H","Horita","Octopus","","","Horita"
"7641","A","Angisy","Squid","","","Angisy"
"7642","A","Angisy","Squid","","","Angisy"
"7643","F","Fia","Fish","","","Fia"
"7644","A","Angisy","Squid","","","Angisy"
"7645","H","Horita","Octopus","","","Horita"
"7646","H","Horita","Octopus","","","Horita"
"7647","H","Horita","Octopus","","","Horita"
"7648","H","Horita","Octopus","","","Horita"
"7649","H","Horita","Octopus","","","Horita"
"7650","F","Fia","Fish","","","Fia"
"7651","F","Fia","Fish","","","Fia"
"7652","B","Bozike","Chicoreus ramosus","","","Bozike"
"7653","H","Horita","Octopus","","","Horita"
"7654","B","Bozike","Chicoreus ramosus","","","Bozike"
"7655","H","Horita","Octopus","","","Horita"
"7656","L","Lamera","eel","LAMAIRA,LAMAIRAKINA,LAMAIRA FESOTSE AMBATO,LAMAIRA KINA,LAMAIRANKENA","GYMNOTHORAX JAVANICUS, GYMNOMURAENA ZEBRA, ECHIDNA NEBULOSA, GYMNOTORAX JAVANICUS","LAMAIRA,LAMAIRAKINA,LAMAIRA FESOTSE AMBATO,LAMAIRA KINA,LAMAIRANKENA"
"7657","H","Horita","Octopus","","","Horita"
"7658","B","Bozike","Chicoreus ramosus","","","Bozike"
"7659","F","Fia","Fish","","","Fia"
"7660","L","Lamera","eel","LAMAIRA,LAMAIRAKINA,LAMAIRA FESOTSE AMBATO,LAMAIRA KINA,LAMAIRANKENA","GYMNOTHORAX JAVANICUS, GYMNOMURAENA ZEBRA, ECHIDNA NEBULOSA, GYMNOTORAX JAVANICUS","LAMAIRA,LAMAIRAKINA,LAMAIRA FESOTSE AMBATO,LAMAIRA KINA,LAMAIRANKENA"
"7661","F","Fia","Fish","","","Fia"
"7662","H","Horita","Octopus","","","Horita"
"7663","H","Horita","Octopus","","","Horita"
"7664","",NA,NA,NA,NA,NA
"7665","F","Fia","Fish","","","Fia"
"7666","L","Lamera","eel","LAMAIRA,LAMAIRAKINA,LAMAIRA FESOTSE AMBATO,LAMAIRA KINA,LAMAIRANKENA","GYMNOTHORAX JAVANICUS, GYMNOMURAENA ZEBRA, ECHIDNA NEBULOSA, GYMNOTORAX JAVANICUS","LAMAIRA,LAMAIRAKINA,LAMAIRA FESOTSE AMBATO,LAMAIRA KINA,LAMAIRANKENA"
"7667","H","Horita","Octopus","","","Horita"
"7668","F","Fia","Fish","","","Fia"
"7669","A","Angisy","Squid","","","Angisy"
"7670","H","Horita","Octopus","","","Horita"
"7671","H","Horita","Octopus","","","Horita"
"7672","H","Horita","Octopus","","","Horita"
"7673","H","Horita","Octopus","","","Horita"
"7674","B","Bozike","Chicoreus ramosus","","","Bozike"
"7675","H","Horita","Octopus","","","Horita"
"7676","H","Horita","Octopus","","","Horita"
"7677","F","Fia","Fish","","","Fia"
"7678","F","Fia","Fish","","","Fia"
"7679","A","Angisy","Squid","","","Angisy"
"7680","H","Horita","Octopus","","","Horita"
"7681","F","Fia","Fish","","","Fia"
"7682","B","Bozike","Chicoreus ramosus","","","Bozike"
"7683","F","Fia","Fish","","","Fia"
"7684","H","Horita","Octopus","","","Horita"
"7685","H","Horita","Octopus","","","Horita"
"7686","H","Horita","Octopus","","","Horita"
"7687","B","Bozike","Chicoreus ramosus","","","Bozike"
"7688","A","Angisy","Squid","","","Angisy"
"7689","F","Fia","Fish","","","Fia"
"7690","H","Horita","Octopus","","","Horita"
"7691","F","Fia","Fish","","","Fia"
"7692","H","Horita","Octopus","","","Horita"
"7693","H","Horita","Octopus","","","Horita"
"7694","B","Bozike","Chicoreus ramosus","","","Bozike"
"7695","F","Fia","Fish","","","Fia"
"7696","B","Bozike","Chicoreus ramosus","","","Bozike"
"7697","F","Fia","Fish","","","Fia"
"7698","H","Horita","Octopus","","","Horita"
"7699","H","Horita","Octopus","","","Horita"
"7700","H","Horita","Octopus","","","Horita"
"7701","H","Horita","Octopus","","","Horita"
"7702","B","Bozike","Chicoreus ramosus","","","Bozike"
"7703","",NA,NA,NA,NA,NA
"7704","H","Horita","Octopus","","","Horita"
"7705","F","Fia","Fish","","","Fia"
"7706","F","Fia","Fish","","","Fia"
"7707","B","Bozike","Chicoreus ramosus","","","Bozike"
"7708","H","Horita","Octopus","","","Horita"
"7709","B","Bozike","Chicoreus ramosus","","","Bozike"
"7710","B","Bozike","Chicoreus ramosus","","","Bozike"
"7711","F","Fia","Fish","","","Fia"
"7712","F","Fia","Fish","","","Fia"
"7713","H","Horita","Octopus","","","Horita"
"7714","B","Bozike","Chicoreus ramosus","","","Bozike"
"7715","H","Horita","Octopus","","","Horita"
"7716","F","Fia","Fish","","","Fia"
"7717","F","Fia","Fish","","","Fia"
"7718","B","Bozike","Chicoreus ramosus","","","Bozike"
"7719","B","Bozike","Chicoreus ramosus","","","Bozike"
"7720","F","Fia","Fish","","","Fia"
"7721","F","Fia","Fish","","","Fia"
"7722","F","Fia","Fish","","","Fia"
"7723","F","Fia","Fish","","","Fia"
"7724","F","Fia","Fish","","","Fia"
"7725","A","Angisy","Squid","","","Angisy"
"7726","F","Fia","Fish","","","Fia"
"7727","F","Fia","Fish","","","Fia"
"7728","F","Fia","Fish","","","Fia"
"7729","L","Lamera","eel","LAMAIRA,LAMAIRAKINA,LAMAIRA FESOTSE AMBATO,LAMAIRA KINA,LAMAIRANKENA","GYMNOTHORAX JAVANICUS, GYMNOMURAENA ZEBRA, ECHIDNA NEBULOSA, GYMNOTORAX JAVANICUS","LAMAIRA,LAMAIRAKINA,LAMAIRA FESOTSE AMBATO,LAMAIRA KINA,LAMAIRANKENA"
"7730","F","Fia","Fish","","","Fia"
"7731","H","Horita","Octopus","","","Horita"
"7732","B","Bozike","Chicoreus ramosus","","","Bozike"
"7733","H","Horita","Octopus","","","Horita"
"7734","H","Horita","Octopus","","","Horita"
"7735","H","Horita","Octopus","","","Horita"
"7736","B","Bozike","Chicoreus ramosus","","","Bozike"
"7737","F","Fia","Fish","","","Fia"
"7738","F","Fia","Fish","","","Fia"
"7739","H","Horita","Octopus","","","Horita"
"7740","H","Horita","Octopus","","","Horita"
"7741","B","Bozike","Chicoreus ramosus","","","Bozike"
"7742","F","Fia","Fish","","","Fia"
"7743","H","Horita","Octopus","","","Horita"
"7744","H","Horita","Octopus","","","Horita"
"7745","B","Bozike","Chicoreus ramosus","","","Bozike"
"7746","B","Bozike","Chicoreus ramosus","","","Bozike"
"7747","H","Horita","Octopus","","","Horita"
"7748","B","Bozike","Chicoreus ramosus","","","Bozike"
"7749","H","Horita","Octopus","","","Horita"
"7750","B","Bozike","Chicoreus ramosus","","","Bozike"
"7751","H","Horita","Octopus","","","Horita"
"7752","F","Fia","Fish","","","Fia"
"7753","F","Fia","Fish","","","Fia"
"7754","B","Bozike","Chicoreus ramosus","","","Bozike"
"7755","B","Bozike","Chicoreus ramosus","","","Bozike"
"7756","H","Horita","Octopus","","","Horita"
"7757","H","Horita","Octopus","","","Horita"
"7758","H","Horita","Octopus","","","Horita"
"7759","F","Fia","Fish","","","Fia"
"7760","F","Fia","Fish","","","Fia"
"7761","H","Horita","Octopus","","","Horita"
"7762","H","Horita","Octopus","","","Horita"
"7763","B","Bozike","Chicoreus ramosus","","","Bozike"
"7764","B","Bozike","Chicoreus ramosus","","","Bozike"
"7765","B","Bozike","Chicoreus ramosus","","","Bozike"
"7766","F","Fia","Fish","","","Fia"
"7767","B","Bozike","Chicoreus ramosus","","","Bozike"
"7768","H","Horita","Octopus","","","Horita"
"7769","F","Fia","Fish","","","Fia"
"7770","F","Fia","Fish","","","Fia"
"7771","L","Lamera","eel","LAMAIRA,LAMAIRAKINA,LAMAIRA FESOTSE AMBATO,LAMAIRA KINA,LAMAIRANKENA","GYMNOTHORAX JAVANICUS, GYMNOMURAENA ZEBRA, ECHIDNA NEBULOSA, GYMNOTORAX JAVANICUS","LAMAIRA,LAMAIRAKINA,LAMAIRA FESOTSE AMBATO,LAMAIRA KINA,LAMAIRANKENA"
"7772","H","Horita","Octopus","","","Horita"
"7773","B","Bozike","Chicoreus ramosus","","","Bozike"
"7774","H","Horita","Octopus","","","Horita"
"7775","H","Horita","Octopus","","","Horita"
"7776","B","Bozike","Chicoreus ramosus","","","Bozike"
"7777","B","Bozike","Chicoreus ramosus","","","Bozike"
"7778","F","Fia","Fish","","","Fia"
"7779","B","Bozike","Chicoreus ramosus","","","Bozike"
"7780","H","Horita","Octopus","","","Horita"
"7781","F","Fia","Fish","","","Fia"
"7782","F","Fia","Fish","","","Fia"
"7783","A","Angisy","Squid","","","Angisy"
"7784","H","Horita","Octopus","","","Horita"
"7785","F","Fia","Fish","","","Fia"
"7786","B","Bozike","Chicoreus ramosus","","","Bozike"
"7787","F","Fia","Fish","","","Fia"
"7788","A","Angisy","Squid","","","Angisy"
"7789","A","Angisy","Squid","","","Angisy"
"7790","H","Horita","Octopus","","","Horita"
"7791","F","Fia","Fish","","","Fia"
"7792","H","Horita","Octopus","","","Horita"
"7793","H","Horita","Octopus","","","Horita"
"7794","H","Horita","Octopus","","","Horita"
"7795","F","Fia","Fish","","","Fia"
"7796","F","Fia","Fish","","","Fia"
"7797","H","Horita","Octopus","","","Horita"
"7798","H","Horita","Octopus","","","Horita"
"7799","H","Horita","Octopus","","","Horita"
"7800","F","Fia","Fish","","","Fia"
"7801","B","Bozike","Chicoreus ramosus","","","Bozike"
"7802","F","Fia","Fish","","","Fia"
"7803","H","Horita","Octopus","","","Horita"
"7804","F","Fia","Fish","","","Fia"
"7805","H","Horita","Octopus","","","Horita"
"7806","B","Bozike","Chicoreus ramosus","","","Bozike"
"7807","H","Horita","Octopus","","","Horita"
"7808","F","Fia","Fish","","","Fia"
"7809","B","Bozike","Chicoreus ramosus","","","Bozike"
"7810","B","Bozike","Chicoreus ramosus","","","Bozike"
"7811","F","Fia","Fish","","","Fia"
"7812","F","Fia","Fish","","","Fia"
"7813","F","Fia","Fish","","","Fia"
"7814","F","Fia","Fish","","","Fia"
"7815","A","Angisy","Squid","","","Angisy"
"7816","A","Angisy","Squid","","","Angisy"
"7817","A","Angisy","Squid","","","Angisy"
"7818","F","Fia","Fish","","","Fia"
"7819","L","Lamera","eel","LAMAIRA,LAMAIRAKINA,LAMAIRA FESOTSE AMBATO,LAMAIRA KINA,LAMAIRANKENA","GYMNOTHORAX JAVANICUS, GYMNOMURAENA ZEBRA, ECHIDNA NEBULOSA, GYMNOTORAX JAVANICUS","LAMAIRA,LAMAIRAKINA,LAMAIRA FESOTSE AMBATO,LAMAIRA KINA,LAMAIRANKENA"
"7820","A","Angisy","Squid","","","Angisy"
"7821","F","Fia","Fish","","","Fia"
"7822","F","Fia","Fish","","","Fia"
"7823","A","Angisy","Squid","","","Angisy"
"7824","A","Angisy","Squid","","","Angisy"
"7825","H","Horita","Octopus","","","Horita"
"7826","H","Horita","Octopus","","","Horita"
"7827","H","Horita","Octopus","","","Horita"
"7828","H","Horita","Octopus","","","Horita"
"7829","H","Horita","Octopus","","","Horita"
"7830","H","Horita","Octopus","","","Horita"
"7831","H","Horita","Octopus","","","Horita"
"7832","H","Horita","Octopus","","","Horita"
"7833","H","Horita","Octopus","","","Horita"
"7834","H","Horita","Octopus","","","Horita"
"7835","H","Horita","Octopus","","","Horita"
"7836","B","Bozike","Chicoreus ramosus","","","Bozike"
"7837","F","Fia","Fish","","","Fia"
"7838","B","Bozike","Chicoreus ramosus","","","Bozike"
"7839","B","Bozike","Chicoreus ramosus","","","Bozike"
"7840","F","Fia","Fish","","","Fia"
"7841","H","Horita","Octopus","","","Horita"
"7842","H","Horita","Octopus","","","Horita"
"7843","F","Fia","Fish","","","Fia"
"7844","H","Horita","Octopus","","","Horita"
"7845","H","Horita","Octopus","","","Horita"
"7846","H","Horita","Octopus","","","Horita"
"7847","H","Horita","Octopus","","","Horita"
"7848","H","Horita","Octopus","","","Horita"
"7849","H","Horita","Octopus","","","Horita"
"7850","H","Horita","Octopus","","","Horita"
"7851","H","Horita","Octopus","","","Horita"
"7852","F","Fia","Fish","","","Fia"
"7853","H","Horita","Octopus","","","Horita"
"7854","H","Horita","Octopus","","","Horita"
"7855","B","Bozike","Chicoreus ramosus","","","Bozike"
"7856","H","Horita","Octopus","","","Horita"
"7857","H","Horita","Octopus","","","Horita"
"7858","B","Bozike","Chicoreus ramosus","","","Bozike"
"7859","B","Bozike","Chicoreus ramosus","","","Bozike"
"7860","F","Fia","Fish","","","Fia"
"7861","B","Bozike","Chicoreus ramosus","","","Bozike"
"7862","H","Horita","Octopus","","","Horita"
"7863","H","Horita","Octopus","","","Horita"
"7864","H","Horita","Octopus","","","Horita"
"7865","H","Horita","Octopus","","","Horita"
"7866","H","Horita","Octopus","","","Horita"
"7867","H","Horita","Octopus","","","Horita"
"7868","H","Horita","Octopus","","","Horita"
"7869","H","Horita","Octopus","","","Horita"
"7870","H","Horita","Octopus","","","Horita"
"7871","H","Horita","Octopus","","","Horita"
"7872","F","Fia","Fish","","","Fia"
"7873","H","Horita","Octopus","","","Horita"
"7874","H","Horita","Octopus","","","Horita"
"7875","H","Horita","Octopus","","","Horita"
"7876","H","Horita","Octopus","","","Horita"
"7877","H","Horita","Octopus","","","Horita"
"7878","B","Bozike","Chicoreus ramosus","","","Bozike"
"7879","B","Bozike","Chicoreus ramosus","","","Bozike"
"7880","L","Lamera","eel","LAMAIRA,LAMAIRAKINA,LAMAIRA FESOTSE AMBATO,LAMAIRA KINA,LAMAIRANKENA","GYMNOTHORAX JAVANICUS, GYMNOMURAENA ZEBRA, ECHIDNA NEBULOSA, GYMNOTORAX JAVANICUS","LAMAIRA,LAMAIRAKINA,LAMAIRA FESOTSE AMBATO,LAMAIRA KINA,LAMAIRANKENA"
"7881","F","Fia","Fish","","","Fia"
"7882","H","Horita","Octopus","","","Horita"
"7883","B","Bozike","Chicoreus ramosus","","","Bozike"
"7884","F","Fia","Fish","","","Fia"
"7885","A","Angisy","Squid","","","Angisy"
"7886","A","Angisy","Squid","","","Angisy"
"7887","H","Horita","Octopus","","","Horita"
"7888","H","Horita","Octopus","","","Horita"
"7889","H","Horita","Octopus","","","Horita"
"7890","H","Horita","Octopus","","","Horita"
"7891","F","Fia","Fish","","","Fia"
"7892","B","Bozike","Chicoreus ramosus","","","Bozike"
"7893","F","Fia","Fish","","","Fia"
"7894","H","Horita","Octopus","","","Horita"
"7895","H","Horita","Octopus","","","Horita"
"7896","H","Horita","Octopus","","","Horita"
"7897","H","Horita","Octopus","","","Horita"
"7898","B","Bozike","Chicoreus ramosus","","","Bozike"
"7899","H","Horita","Octopus","","","Horita"
"7900","F","Fia","Fish","","","Fia"
"7901","B","Bozike","Chicoreus ramosus","","","Bozike"
"7902","B","Bozike","Chicoreus ramosus","","","Bozike"
"7903","H","Horita","Octopus","","","Horita"
"7904","F","Fia","Fish","","","Fia"
"7905","H","Horita","Octopus","","","Horita"
"7906","H","Horita","Octopus","","","Horita"
"7907","F","Fia","Fish","","","Fia"
"7908","F","Fia","Fish","","","Fia"
"7909","F","Fia","Fish","","","Fia"
"7910","F","Fia","Fish","","","Fia"
"7911","A","Angisy","Squid","","","Angisy"
"7912","F","Fia","Fish","","","Fia"
"7913","H","Horita","Octopus","","","Horita"
"7914","H","Horita","Octopus","","","Horita"
"7915","H","Horita","Octopus","","","Horita"
"7916","F","Fia","Fish","","","Fia"
"7917","L","Lamera","eel","LAMAIRA,LAMAIRAKINA,LAMAIRA FESOTSE AMBATO,LAMAIRA KINA,LAMAIRANKENA","GYMNOTHORAX JAVANICUS, GYMNOMURAENA ZEBRA, ECHIDNA NEBULOSA, GYMNOTORAX JAVANICUS","LAMAIRA,LAMAIRAKINA,LAMAIRA FESOTSE AMBATO,LAMAIRA KINA,LAMAIRANKENA"
"7918","H","Horita","Octopus","","","Horita"
"7919","B","Bozike","Chicoreus ramosus","","","Bozike"
"7920","",NA,NA,NA,NA,NA
"7921","",NA,NA,NA,NA,NA
"7922","",NA,NA,NA,NA,NA
"7923","F","Fia","Fish","","","Fia"
"7924","H","Horita","Octopus","","","Horita"
"7925","H","Horita","Octopus","","","Horita"
"7926","H","Horita","Octopus","","","Horita"
"7927","H","Horita","Octopus","","","Horita"
"7928","H","Horita","Octopus","","","Horita"
"7929","H","Horita","Octopus","","","Horita"
"7930","F","Fia","Fish","","","Fia"
"7931","F","Fia","Fish","","","Fia"
"7932","F","Fia","Fish","","","Fia"
"7933","B","Bozike","Chicoreus ramosus","","","Bozike"
"7934","H","Horita","Octopus","","","Horita"
"7935","H","Horita","Octopus","","","Horita"
"7936","H","Horita","Octopus","","","Horita"
"7937","H","Horita","Octopus","","","Horita"
"7938","H","Horita","Octopus","","","Horita"
"7939","H","Horita","Octopus","","","Horita"
"7940","F","Fia","Fish","","","Fia"
"7941","B","Bozike","Chicoreus ramosus","","","Bozike"
"7942","B","Bozike","Chicoreus ramosus","","","Bozike"
"7943","B","Bozike","Chicoreus ramosus","","","Bozike"
"7944","H","Horita","Octopus","","","Horita"
"7945","F","Fia","Fish","","","Fia"
"7946","H","Horita","Octopus","","","Horita"
"7947","H","Horita","Octopus","","","Horita"
"7948","H","Horita","Octopus","","","Horita"
"7949","H","Horita","Octopus","","","Horita"
"7950","H","Horita","Octopus","","","Horita"
"7951","H","Horita","Octopus","","","Horita"
"7952","F","Fia","Fish","","","Fia"
"7953","H","Horita","Octopus","","","Horita"
"7954","H","Horita","Octopus","","","Horita"
"7955","H","Horita","Octopus","","","Horita"
"7956","H","Horita","Octopus","","","Horita"
"7957","F","Fia","Fish","","","Fia"
"7958","H","Horita","Octopus","","","Horita"
"7959","H","Horita","Octopus","","","Horita"
"7960","F","Fia","Fish","","","Fia"
"7961","H","Horita","Octopus","","","Horita"
"7962","F","Fia","Fish","","","Fia"
"7963","F","Fia","Fish","","","Fia"
"7964","B","Bozike","Chicoreus ramosus","","","Bozike"
"7965","H","Horita","Octopus","","","Horita"
"7966","H","Horita","Octopus","","","Horita"
"7967","F","Fia","Fish","","","Fia"
"7968","H","Horita","Octopus","","","Horita"
"7969","H","Horita","Octopus","","","Horita"
"7970","H","Horita","Octopus","","","Horita"
"7971","H","Horita","Octopus","","","Horita"
"7972","F","Fia","Fish","","","Fia"
"7973","H","Horita","Octopus","","","Horita"
"7974","H","Horita","Octopus","","","Horita"
"7975","H","Horita","Octopus","","","Horita"
"7976","H","Horita","Octopus","","","Horita"
"7977","H","Horita","Octopus","","","Horita"
"7978","B","Bozike","Chicoreus ramosus","","","Bozike"
"7979","H","Horita","Octopus","","","Horita"
"7980","H","Horita","Octopus","","","Horita"
"7981","F","Fia","Fish","","","Fia"
"7982","F","Fia","Fish","","","Fia"
"7983","H","Horita","Octopus","","","Horita"
"7984","H","Horita","Octopus","","","Horita"
"7985","H","Horita","Octopus","","","Horita"
"7986","HORITA","Horita","Octopus","","","Horita"
"7987","HORITA","Horita","Octopus","","","Horita"
"7988","HORITA","Horita","Octopus","","","Horita"
"7989","HORITA","Horita","Octopus","","","Horita"
"7990","HORITA","Horita","Octopus","","","Horita"
"7991","HORITA","Horita","Octopus","","","Horita"
"7992","HORITA","Horita","Octopus","","","Horita"
"7993","HORITA","Horita","Octopus","","","Horita"
"7994","HORITA","Horita","Octopus","","","Horita"
"7995","HORITA","Horita","Octopus","","","Horita"
"7996","HORITA","Horita","Octopus","","","Horita"
"7997","HORITA","Horita","Octopus","","","Horita"
"7998","HORITA","Horita","Octopus","","","Horita"
"7999","HORITA","Horita","Octopus","","","Horita"
"8000","HORITA","Horita","Octopus","","","Horita"
"8001","HORITA","Horita","Octopus","","","Horita"
"8002","HORITA","Horita","Octopus","","","Horita"
"8003","HORITA","Horita","Octopus","","","Horita"
"8004","BOZIKE MENA","Bozike","Chicoreus ramosus","","","Bozike"
"8005","BOZIKE MENA","Bozike","Chicoreus ramosus","","","Bozike"
"8006","HORITA","Horita","Octopus","","","Horita"
"8007","LAMERA","Lamera","eel","LAMAIRA,LAMAIRAKINA,LAMAIRA FESOTSE AMBATO,LAMAIRA KINA,LAMAIRANKENA","GYMNOTHORAX JAVANICUS, GYMNOMURAENA ZEBRA, ECHIDNA NEBULOSA, GYMNOTORAX JAVANICUS","LAMAIRA,LAMAIRAKINA,LAMAIRA FESOTSE AMBATO,LAMAIRA KINA,LAMAIRANKENA"
"8008","FFOTIHOHY","Fay Foty","Smalltooth sand tiger or dusky shark/ Odontaspis ferox or Carcharhinus obscurus","","","Fay Foty"
"8009","HNAKORA","Horita nakora","Octopus aegina","","","Horita nakora"
"8010","HORITA","Horita","Octopus","","","Horita"
"8011","FTSARA","Fia tsara","","","","Fia tsara"
"8012","HORITA","Horita","Octopus","","","Horita"
"8013","FTABAKE","Fia Tabaky/ Fia Tsabeake","Ember parrotfish/ scarus rubroviolaceus","TABAKE","AROTHRON NIGROPUNCTATUS","TABAKE"
"8014","HORITA","Horita","Octopus","","","Horita"
"8015","HORITA","Horita","Octopus","","","Horita"
"8016","FTOHO","Fia Toho","Duckbill sleeper or freshwater goby or speckled goby/ Butis butis or awaous aeneofuscus or redigobius bikolanus","","","Fia Toho"
"8017","FTSIFA","Fiantsifa","Naso unicornis","","","Fiantsifa"
"8018","HORITA","Horita","Octopus","","","Horita"
"8019","BOZIKE JONKA","Bozike","Chicoreus ramosus","","","Bozike"
"8020","HORITA","Horita","Octopus","","","Horita"
"8021","HORITA","Horita","Octopus","","","Horita"
"8022","HORITA","Horita","Octopus","","","Horita"
"8023","HORITA","Horita","Octopus","","","Horita"
"8024","HORITA","Horita","Octopus","","","Horita"
"8025","HORITA","Horita","Octopus","","","Horita"
"8026","HORITA","Horita","Octopus","","","Horita"
"8027","HORITA","Horita","Octopus","","","Horita"
"8028","HORITA","Horita","Octopus","","","Horita"
"8029","HORITA","Horita","Octopus","","","Horita"
"8030","HORITA","Horita","Octopus","","","Horita"
"8031","HORITA","Horita","Octopus","","","Horita"
"8032","FTSIAMBOLOMASO","","Fish","","","Fish"
"8033","FMENASOFY","","","MENASOFY","LETHRINUS LENTJAN","MENASOFY"
"8034","FAMBORY","","","AMBORY,AMBORY FOTIHOHY,AMBORY KIOSA,AMBORY LAVATSIFA","NASO TUBEROSUS, NASO FAGENI, ACANTHURUS TENNENTI, NASO BRACHYCENTRON, NASO HEXACANTHUS, NASO BRANCHYCENTRON, NASO ANNULATUS, NASO VLAMINGII, NASO BREVIROSTRIS, NASO BRACHYCENTRONA","AMBORY,AMBORY FOTIHOHY,AMBORY KIOSA,AMBORY LAVATSIFA"
"8035","FTSIFA","Fiantsifa","Naso unicornis","","","Fiantsifa"
"8036","HORITA","Horita","Octopus","","","Horita"
"8037","HORITA","Horita","Octopus","","","Horita"
"8038","HNAKORA","Horita nakora","Octopus aegina","","","Horita nakora"
"8039","FTSONTSO","Fia tsontso","White  banded triggerfish/ rhinecanthus aculeatus","TSONTSO,TSONTSO ALAOTSE,TSONTSO FANIA,TSONTSO FANIHY,TSONTSO SIKILY,TSONTSO TSIMALAHO,TSONTSOMBOLA,TSONTSOMKARA","CANTHIGASTER AMBOINENSIS, RHINECANTHUS ACULEATUS, MELICHTHYS NIGER, MELICHTHYS INDICUS, BALISTOIDES CONSPICILLUM, SUFFLAMEN BURSA, ODONUS NIGER, PSEUDOBALISTES FUSCUS, BALISTOIDES VIRIDESCENS, ABALISTES STELLATTUS, LETHRINUS OBSOLETUS, BALISTAPUS UNDULATUS, ABALISTES STELLATUS, CENTHEAHINES PARDELIS, PERVAGER JAUTHINOSOMA, CENTHEALUVRES DUMERILII, ALUTERUS SCRIPTUS, AMANSES SCOPES, ODUNUS NIGER, PSEUDOBALISTES FURCUS, PHINECANTHUS ACULEATUS, OXYMONOCANTHUS LONGIROSTRIS, BALISTOIDES VIRIDENSCENS","TSONTSO,TSONTSO ALAOTSE,TSONTSO FANIA,TSONTSO FANIHY,TSONTSO SIKILY,TSONTSO TSIMALAHO,TSONTSOMBOLA,TSONTSOMKARA"
"8040","HORITA","Horita","Octopus","","","Horita"
"8041","FSAVESAVE","Savisavy","Fish","","","Savisavy"
"8042","HORITA","Horita","Octopus","","","Horita"
"8043","",NA,NA,NA,NA,NA
"8044","HORITA","Horita","Octopus","","","Horita"
"8045","HORITA","Horita","Octopus","","","Horita"
"8046","HORITA","Horita","Octopus","","","Horita"
"8047","HORITA","Horita","Octopus","","","Horita"
"8048","HNAKORA","Horita nakora","Octopus aegina","","","Horita nakora"
"8049","HORITA","Horita","Octopus","","","Horita"
"8050","FBODOLOHA","Fia Bodoloha","Blue Barred parrotfish/ scarus ghobban","BODOLOHA","HIPPOSCARUS HARID, SCARUS PRASIOGNATHUS, SCARUS NIGER, CALOTOMUS SPINIDENS, SCARUS GHOBBAN, CALOTOMUS CAROLINUS, CHLORURUS STRONGYLOCEPHALUS, SCARUS TRICOLOR, SCARUS SCABER, SCARUS RUSSELLI, SCARUS RUBROVIOLACEUS, SCARUS PSITTACUS, SCARUS FRENATUS, CHLORURUS SORDIDUS, CHLORURUS ATRILUNULA, CETOSCARUS BICOLOR, THALASSOMA QUINQUEVITTATUM, SCARUS GHOBBAN<A0>, SCARUS CAUDOFASCIATUS, POMACENTRUS PAVO, PRISTOTIS OBTUSIROSTRIS","BODOLOHA"
"8051","",NA,NA,NA,NA,NA
"8052","HORITA","Horita","Octopus","","","Horita"
"8053","ANGISIMBATO","Angisy","Squid","","","Angisy"
"8054","HORITA","Horita","Octopus","","","Horita"
"8055","HORITA","Horita","Octopus","","","Horita"
"8056","HORITA","Horita","Octopus","","","Horita"
"8057","HORITA","Horita","Octopus","","","Horita"
"8058","HORITA","Horita","Octopus","","","Horita"
"8059","HORITA","Horita","Octopus","","","Horita"
"8060","HORITA","Horita","Octopus","","","Horita"
"8061","BOZIKE MENA","Bozike","Chicoreus ramosus","","","Bozike"
"8062","HNAKORA","Horita nakora","Octopus aegina","","","Horita nakora"
"8063","FTSOY MALINIKE","Fia Tsoy","Mulloides auriflamma","TSOY","MULLOIDICHTHYS FLAVOLINEATUS, MULLOIDICHTHYS VANICAULEUSIS","TSOY"
"8064","HORITA","Horita","Octopus","","","Horita"
"8065","FTABAKE","Fia Tabaky/ Fia Tsabeake","Ember parrotfish/ scarus rubroviolaceus","TABAKE","AROTHRON NIGROPUNCTATUS","TABAKE"
"8066","FAMBITSY","Fia Ambitsy","Spangled or thumbprint emperor, Lethrinus nebulosus or Lethrinus harak","AMBITSY,AMBITSY LAVAORO","ELAGATIS BIPINNULATA, LETHRINUS OLIVACEUS, LETHRINUS NEBULOSUS<A0>, ELAGATIS BIPINNULATA<A0>","AMBITSY,AMBITSY LAVAORO"
"8067","FLANORA","Fia Lanora","Yellowspotted or giant trevally/ caragoides fulvoguttatus or Caranx ignobilis","LANORA","CARANX PAPUENSIS, CARANX MELAMPYGUS, CARANX IGNOBILIS, CARANGOIDES FULVOGUTTATUS, CARANGOIDES FERDAU, CARANX IGNOBILIS<A0>","LANORA"
"8068","FTSOY","Fia Tsoy","Mulloides auriflamma","TSOY","MULLOIDICHTHYS FLAVOLINEATUS, MULLOIDICHTHYS VANICAULEUSIS","TSOY"
"8069","",NA,NA,NA,NA,NA
"8070","HORITA","Horita","Octopus","","","Horita"
"8071","HNAKORA","Horita nakora","Octopus aegina","","","Horita nakora"
"8072","HORITA","Horita","Octopus","","","Horita"
"8073","FVORAMASAKE","Voramasake","","VORAMASAKE,VORAMASAEKE","SIGANUS SUTOR, SIGANUS STELLATUS, SIGANUS SUTOR<A0>, SIGANUS NETOR","VORAMASAKE,VORAMASAEKE"
"8074","FVAREVIKE"," Varevike","","",""," Varevike"
"8075","FTSOY","Fia Tsoy","Mulloides auriflamma","TSOY","MULLOIDICHTHYS FLAVOLINEATUS, MULLOIDICHTHYS VANICAULEUSIS","TSOY"
"8076","HORITA","Horita","Octopus","","","Horita"
"8077","FTABAKE","Fia Tabaky/ Fia Tsabeake","Ember parrotfish/ scarus rubroviolaceus","TABAKE","AROTHRON NIGROPUNCTATUS","TABAKE"
"8078","",NA,NA,NA,NA,NA
"8079","HORITA","Horita","Octopus","","","Horita"
"8080","HORITA","Horita","Octopus","","","Horita"
"8081","ANGISIMBATO","Angisy","Squid","","","Angisy"
"8082","FLANILANY","Lani Lani?","","LANILANY","BOTHUS MANCUS","LANILANY"
"8083","ANGISIMBATO","Angisy","Squid","","","Angisy"
"8084","HORITA","Horita","Octopus","","","Horita"
"8085","HORITA","Horita","Octopus","","","Horita"
"8086","HORITA","Horita","Octopus","","","Horita"
"8087","BOZIKE MENA","Bozike","Chicoreus ramosus","","","Bozike"
"8088","HORITA","Horita","Octopus","","","Horita"
"8089","HORITA","Horita","Octopus","","","Horita"
"8090","BOZIKE MENA","Bozike","Chicoreus ramosus","","","Bozike"
"8091","HORITA","Horita","Octopus","","","Horita"
"8092","BOZIKE JONKA","Bozike","Chicoreus ramosus","","","Bozike"
"8093","HORITA","Horita","Octopus","","","Horita"
"8094","HORITA","Horita","Octopus","","","Horita"
"8095","HORITA","Horita","Octopus","","","Horita"
"8096","FFOTIHOHY","Fay Foty","Smalltooth sand tiger or dusky shark/ Odontaspis ferox or Carcharhinus obscurus","","","Fay Foty"
"8097","HORITA","Horita","Octopus","","","Horita"
"8098","ANGISIMBATO","Angisy","Squid","","","Angisy"
"8099","FLANILANY","Lani Lani?","","LANILANY","BOTHUS MANCUS","LANILANY"
"8100","HORITA","Horita","Octopus","","","Horita"
"8101","HORITA","Horita","Octopus","","","Horita"
"8102","HORITA","Horita","Octopus","","","Horita"
"8103","BEJA","Beja","Cypaeacassis rufa","","","Beja"
"8104","HORITA","Horita","Octopus","","","Horita"
"8105","HORITA","Horita","Octopus","","","Horita"
"8106","HORITA","Horita","Octopus","","","Horita"
"8107","HORITA","Horita","Octopus","","","Horita"
"8108","LAMERANKENA","Lamera","eel","LAMAIRA,LAMAIRAKINA,LAMAIRA FESOTSE AMBATO,LAMAIRA KINA,LAMAIRANKENA","GYMNOTHORAX JAVANICUS, GYMNOMURAENA ZEBRA, ECHIDNA NEBULOSA, GYMNOTORAX JAVANICUS","LAMAIRA,LAMAIRAKINA,LAMAIRA FESOTSE AMBATO,LAMAIRA KINA,LAMAIRANKENA"
"8109","HORITA","Horita","Octopus","","","Horita"
"8110","FTOHO","Fia Toho","Duckbill sleeper or freshwater goby or speckled goby/ Butis butis or awaous aeneofuscus or redigobius bikolanus","","","Fia Toho"
"8111","HORITA","Horita","Octopus","","","Horita"
"8112","HORITA","Horita","Octopus","","","Horita"
"8113","HORITA","Horita","Octopus","","","Horita"
"8114","HORITA","Horita","Octopus","","","Horita"
"8115","LAMERANKENA","Lamera","eel","LAMAIRA,LAMAIRAKINA,LAMAIRA FESOTSE AMBATO,LAMAIRA KINA,LAMAIRANKENA","GYMNOTHORAX JAVANICUS, GYMNOMURAENA ZEBRA, ECHIDNA NEBULOSA, GYMNOTORAX JAVANICUS","LAMAIRA,LAMAIRAKINA,LAMAIRA FESOTSE AMBATO,LAMAIRA KINA,LAMAIRANKENA"
"8116","LAMERA TANAMPANO","Lamera","eel","LAMAIRA,LAMAIRAKINA,LAMAIRA FESOTSE AMBATO,LAMAIRA KINA,LAMAIRANKENA","GYMNOTHORAX JAVANICUS, GYMNOMURAENA ZEBRA, ECHIDNA NEBULOSA, GYMNOTORAX JAVANICUS","LAMAIRA,LAMAIRAKINA,LAMAIRA FESOTSE AMBATO,LAMAIRA KINA,LAMAIRANKENA"
"8117","HORITA","Horita","Octopus","","","Horita"
"8118","LAMERA TANAMPANO","Lamera","eel","LAMAIRA,LAMAIRAKINA,LAMAIRA FESOTSE AMBATO,LAMAIRA KINA,LAMAIRANKENA","GYMNOTHORAX JAVANICUS, GYMNOMURAENA ZEBRA, ECHIDNA NEBULOSA, GYMNOTORAX JAVANICUS","LAMAIRA,LAMAIRAKINA,LAMAIRA FESOTSE AMBATO,LAMAIRA KINA,LAMAIRANKENA"
"8119","LANGOSTE","Langousta","Lobster","","","Langousta"
"8120","FLANILANY","Lani Lani?","","LANILANY","BOTHUS MANCUS","LANILANY"
"8121","",NA,NA,NA,NA,NA
"8122","",NA,NA,NA,NA,NA
"8123","",NA,NA,NA,NA,NA
"8124","HORITA","Horita","Octopus","","","Horita"
"8125","HORITA","Horita","Octopus","","","Horita"
"8126","BOZIKE MENA","Bozike","Chicoreus ramosus","","","Bozike"
"8127","HNAKORA","Horita nakora","Octopus aegina","","","Horita nakora"
"8128","FBODOLOHA","Fia Bodoloha","Blue Barred parrotfish/ scarus ghobban","BODOLOHA","HIPPOSCARUS HARID, SCARUS PRASIOGNATHUS, SCARUS NIGER, CALOTOMUS SPINIDENS, SCARUS GHOBBAN, CALOTOMUS CAROLINUS, CHLORURUS STRONGYLOCEPHALUS, SCARUS TRICOLOR, SCARUS SCABER, SCARUS RUSSELLI, SCARUS RUBROVIOLACEUS, SCARUS PSITTACUS, SCARUS FRENATUS, CHLORURUS SORDIDUS, CHLORURUS ATRILUNULA, CETOSCARUS BICOLOR, THALASSOMA QUINQUEVITTATUM, SCARUS GHOBBAN<A0>, SCARUS CAUDOFASCIATUS, POMACENTRUS PAVO, PRISTOTIS OBTUSIROSTRIS","BODOLOHA"
"8129","FTOHO","Fia Toho","Duckbill sleeper or freshwater goby or speckled goby/ Butis butis or awaous aeneofuscus or redigobius bikolanus","","","Fia Toho"
"8130","",NA,NA,NA,NA,NA
"8131","HORITA","Horita","Octopus","","","Horita"
"8132","HORITA","Horita","Octopus","","","Horita"
"8133","FVORAMASAKE","Voramasake","","VORAMASAKE,VORAMASAEKE","SIGANUS SUTOR, SIGANUS STELLATUS, SIGANUS SUTOR<A0>, SIGANUS NETOR","VORAMASAKE,VORAMASAEKE"
"8134","FVORAMASAKE","Voramasake","","VORAMASAKE,VORAMASAEKE","SIGANUS SUTOR, SIGANUS STELLATUS, SIGANUS SUTOR<A0>, SIGANUS NETOR","VORAMASAKE,VORAMASAEKE"
"8135","FMBONDRO","Fia Bondro","","","","Fia Bondro"
"8136","HORITA","Horita","Octopus","","","Horita"
"8137","HORITA","Horita","Octopus","","","Horita"
"8138","HORITA","Horita","Octopus","","","Horita"
"8139","HORITA","Horita","Octopus","","","Horita"
"8140","HORITA","Horita","Octopus","","","Horita"
"8141","HORITA","Horita","Octopus","","","Horita"
"8142","HORITA","Horita","Octopus","","","Horita"
"8143","HORITA","Horita","Octopus","","","Horita"
"8144","HORITA","Horita","Octopus","","","Horita"
"8145","HORITA","Horita","Octopus","","","Horita"
"8146","HORITA","Horita","Octopus","","","Horita"
"8147","HORITA","Horita","Octopus","","","Horita"
"8148","HORITA","Horita","Octopus","","","Horita"
"8149","FLANILANY","Lani Lani?","","LANILANY","BOTHUS MANCUS","LANILANY"
"8150","HORITA","Horita","Octopus","","","Horita"
"8151","BOZIKE MENA","Bozike","Chicoreus ramosus","","","Bozike"
"8152","HORITA","Horita","Octopus","","","Horita"
"8153","HORITA","Horita","Octopus","","","Horita"
"8154","HORITA","Horita","Octopus","","","Horita"
"8155","HORITA","Horita","Octopus","","","Horita"
"8156","HORITA","Horita","Octopus","","","Horita"
"8157","HNAKORA","Horita nakora","Octopus aegina","","","Horita nakora"
"8158","ANGISIMBATO","Angisy","Squid","","","Angisy"
"8159","HORITA","Horita","Octopus","","","Horita"
"8160","BOZIKE MENA","Bozike","Chicoreus ramosus","","","Bozike"
"8161","HORITA","Horita","Octopus","","","Horita"
"8162","HORITA","Horita","Octopus","","","Horita"
"8163","HORITA","Horita","Octopus","","","Horita"
"8164","FSAVESAVE","Savisavy","Fish","","","Savisavy"
"8165","BOZIKE MENA","Bozike","Chicoreus ramosus","","","Bozike"
"8166","HORITA","Horita","Octopus","","","Horita"
"8167","FLANILANY","Lani Lani?","","LANILANY","BOTHUS MANCUS","LANILANY"
"8168","HORITA","Horita","Octopus","","","Horita"
"8169","HORITA","Horita","Octopus","","","Horita"
"8170","ANGISIMBATO","Angisy","Squid","","","Angisy"
"8171","HORITA","Horita","Octopus","","","Horita"
"8172","HORITA","Horita","Octopus","","","Horita"
"8173","HORITA","Horita","Octopus","","","Horita"
"8174","HORITA","Horita","Octopus","","","Horita"
"8175","HORITA","Horita","Octopus","","","Horita"
"8176","HORITA","Horita","Octopus","","","Horita"
"8177","FAMBARIAKE","Fia Ambariake","Strongspine silver biddy, gerres acinaces","AMBARIAKE,AMBARIAKE BEMASO","PEMPHERIS VANICOLENSIS, GERRES ACINACES, SCOLOPSIS GHANAM, AMPHIPRION AKALLOPISOS, BODIANUS ANTHIOIDES, GYMNOCRANIUS GRISEUS, GYMNOCRANIUS GRANDOCULIS, MONOTAXIS GRANDOCULIS, LETHRINUS HARAK, GNATHODENTEX AUROLINEATUS, GERE ACINACES, PEMPHERIS VANICILENSIS","AMBARIAKE,AMBARIAKE BEMASO"
"8178","FVORAMASAKE","Voramasake","","VORAMASAKE,VORAMASAEKE","SIGANUS SUTOR, SIGANUS STELLATUS, SIGANUS SUTOR<A0>, SIGANUS NETOR","VORAMASAKE,VORAMASAEKE"
"8179","FVAREVIKE"," Varevike","","",""," Varevike"
"8180","FAMPOZA","Fia Ampoza","","AMPOZA,AMPOZO","NASO ANNULATUS, NASO VLAMINGII, NASO BREVIROSTRIS, ACANTHURUS GUTTATUS, NASO HEXACANTHUS, NASO FAGENI, NASO TUBEROSUS, NASO BRANCHYCENTRON, NASO FAGANI, ACANTURUS GUTTATUS","AMPOZA,AMPOZO"
"8181","HORITA","Horita","Octopus","","","Horita"
"8182","HORITA","Horita","Octopus","","","Horita"
"8183","HORITA","Horita","Octopus","","","Horita"
"8184","HORITA","Horita","Octopus","","","Horita"
"8185","FTOHO","Fia Toho","Duckbill sleeper or freshwater goby or speckled goby/ Butis butis or awaous aeneofuscus or redigobius bikolanus","","","Fia Toho"
"8186","HORITA","Horita","Octopus","","","Horita"
"8187","ANGISY","Angisy","Squid","","","Angisy"
"8188","HORITA","Horita","Octopus","","","Horita"
"8189","FVORAMASAKE","Voramasake","","VORAMASAKE,VORAMASAEKE","SIGANUS SUTOR, SIGANUS STELLATUS, SIGANUS SUTOR<A0>, SIGANUS NETOR","VORAMASAKE,VORAMASAEKE"
"8190","HORITA","Horita","Octopus","","","Horita"
"8191","HORITA","Horita","Octopus","","","Horita"
"8192","HORITA","Horita","Octopus","","","Horita"
"8193","ANGISIMBATO","Angisy","Squid","","","Angisy"
"8194","HORITA","Horita","Octopus","","","Horita"
"8195","HORITA","Horita","Octopus","","","Horita"
"8196","FLANILANY","Lani Lani?","","LANILANY","BOTHUS MANCUS","LANILANY"
"8197","HORITA","Horita","Octopus","","","Horita"
"8198","HORITA","Horita","Octopus","","","Horita"
"8199","HORITA","Horita","Octopus","","","Horita"
"8200","HORITA","Horita","Octopus","","","Horita"
"8201","HNAKORA","Horita nakora","Octopus aegina","","","Horita nakora"
"8202","HORITA","Horita","Octopus","","","Horita"
"8203","BOZIKE MENA","Bozike","Chicoreus ramosus","","","Bozike"
"8204","HORITA","Horita","Octopus","","","Horita"
"8205","BOZIKE","Bozike","Chicoreus ramosus","","","Bozike"
"8206","HORITA","Horita","Octopus","","","Horita"
"8207","HORITA","Horita","Octopus","","","Horita"
"8208","HORITA","Horita","Octopus","","","Horita"
"8209","HORITA","Horita","Octopus","","","Horita"
"8210","FSORONALE","Soronale","Fish","SORONALE","LUTJANUS FULVIFLAMMA, LUTJANUS KASMIRA","SORONALE"
"8211","FJOGINY","Fia Joginy","","LOGY","SELAR CRUMENOPHTHALMUS, RASTRELLIGER KANAGURTA","LOGY"
"8212","HORITA","Horita","Octopus","","","Horita"
"8213","FTSOY","Fia Tsoy","Mulloides auriflamma","TSOY","MULLOIDICHTHYS FLAVOLINEATUS, MULLOIDICHTHYS VANICAULEUSIS","TSOY"
"8214","FVORAMASAKE","Voramasake","","VORAMASAKE,VORAMASAEKE","SIGANUS SUTOR, SIGANUS STELLATUS, SIGANUS SUTOR<A0>, SIGANUS NETOR","VORAMASAKE,VORAMASAEKE"
"8215","HORITA","Horita","Octopus","","","Horita"
"8216","FLANILANY","Lani Lani?","","LANILANY","BOTHUS MANCUS","LANILANY"
"8217","HORITA","Horita","Octopus","","","Horita"
"8218","HORITA","Horita","Octopus","","","Horita"
"8219","HORITA","Horita","Octopus","","","Horita"
"8220","HORITA","Horita","Octopus","","","Horita"
"8221","BOZIKE MENA","Bozike","Chicoreus ramosus","","","Bozike"
"8222","HORITA","Horita","Octopus","","","Horita"
"8223","HORITA","Horita","Octopus","","","Horita"
"8224","FLANILANY","Lani Lani?","","LANILANY","BOTHUS MANCUS","LANILANY"
"8225","HORITA","Horita","Octopus","","","Horita"
"8226","HORITA","Horita","Octopus","","","Horita"
"8227","HORITA","Horita","Octopus","","","Horita"
"8228","HORITA","Horita","Octopus","","","Horita"
"8229","FVORAMASAKE","Voramasake","","VORAMASAKE,VORAMASAEKE","SIGANUS SUTOR, SIGANUS STELLATUS, SIGANUS SUTOR<A0>, SIGANUS NETOR","VORAMASAKE,VORAMASAEKE"
"8230","HORITA","Horita","Octopus","","","Horita"
"8231","HORITA","Horita","Octopus","","","Horita"
"8232","HORITA","Horita","Octopus","","","Horita"
"8233","HORITA","Horita","Octopus","","","Horita"
"8234","HORITA","Horita","Octopus","","","Horita"
"8235","HORITA","Horita","Octopus","","","Horita"
"8236","HORITA","Horita","Octopus","","","Horita"
"8237","HORITA","Horita","Octopus","","","Horita"
"8238","FTSIRIMPAQSA","Fia Tsiripoasa?","","","","Fia Tsiripoasa?"
"8239","HORITA","Horita","Octopus","","","Horita"
"8240","FLANILANY","Lani Lani?","","LANILANY","BOTHUS MANCUS","LANILANY"
"8241","ANGISIMBATO","Angisy","Squid","","","Angisy"
"8242","HORITA","Horita","Octopus","","","Horita"
"8243","HORITA","Horita","Octopus","","","Horita"
"8244","HORITA","Horita","Octopus","","","Horita"
"8245","HORITA","Horita","Octopus","","","Horita"
"8246","HORITA","Horita","Octopus","","","Horita"
"8247","HORITA","Horita","Octopus","","","Horita"
"8248","HORITA","Horita","Octopus","","","Horita"
"8249","HORITA","Horita","Octopus","","","Horita"
"8250","HORITA","Horita","Octopus","","","Horita"
"8251","FMOLONTO","Fia Molonto<a0>","","MOLONTO,MOLOTO","CALOTOMUS SPINIDENS","MOLONTO,MOLOTO"
"8252","FAY RARA","Fay rara","","","","Fay rara"
"8253","HORITA","Horita","Octopus","","","Horita"
"8254","HORITA","Horita","Octopus","","","Horita"
"8255","HORITA","Horita","Octopus","","","Horita"
"8256","FDABANDRIAKE","Fia Dabandriake","Convict Surgeon, acanthurus triostegus","","","Fia Dabandriake"
"8257","HORITA","Horita","Octopus","","","Horita"
"8258","HORITA","Horita","Octopus","","","Horita"
"8259","HORITA","Horita","Octopus","","","Horita"
"8260","HORITA","Horita","Octopus","","","Horita"
"8261","HORITA","Horita","Octopus","","","Horita"
"8262","HORITA","Horita","Octopus","","","Horita"
"8263","BOZIKE MENA","Bozike","Chicoreus ramosus","","","Bozike"
"8264","HORITA","Horita","Octopus","","","Horita"
"8265","FFOTIHOHY","Fay Foty","Smalltooth sand tiger or dusky shark/ Odontaspis ferox or Carcharhinus obscurus","","","Fay Foty"
"8266","FTSIFA","Fiantsifa","Naso unicornis","","","Fiantsifa"
"8267","FAMBORY","","","AMBORY,AMBORY FOTIHOHY,AMBORY KIOSA,AMBORY LAVATSIFA","NASO TUBEROSUS, NASO FAGENI, ACANTHURUS TENNENTI, NASO BRACHYCENTRON, NASO HEXACANTHUS, NASO BRANCHYCENTRON, NASO ANNULATUS, NASO VLAMINGII, NASO BREVIROSTRIS, NASO BRACHYCENTRONA","AMBORY,AMBORY FOTIHOHY,AMBORY KIOSA,AMBORY LAVATSIFA"
"8268","HORITA","Horita","Octopus","","","Horita"
"8269","HORITA","Horita","Octopus","","","Horita"
"8270","HORITA","Horita","Octopus","","","Horita"
"8271","LAMERA","Lamera","eel","LAMAIRA,LAMAIRAKINA,LAMAIRA FESOTSE AMBATO,LAMAIRA KINA,LAMAIRANKENA","GYMNOTHORAX JAVANICUS, GYMNOMURAENA ZEBRA, ECHIDNA NEBULOSA, GYMNOTORAX JAVANICUS","LAMAIRA,LAMAIRAKINA,LAMAIRA FESOTSE AMBATO,LAMAIRA KINA,LAMAIRANKENA"
"8272","HORITA","Horita","Octopus","","","Horita"
"8273","BEJA","Beja","Cypaeacassis rufa","","","Beja"
"8274","HORITA","Horita","Octopus","","","Horita"
"8275","HORITA","Horita","Octopus","","","Horita"
"8276","HORITA","Horita","Octopus","","","Horita"
"8277","FTSIRIMPAOSA","Fia Tsiripoasa?","","","","Fia Tsiripoasa?"
"8278","HORITA","Horita","Octopus","","","Horita"
"8279","HORITA","Horita","Octopus","","","Horita"
"8280","FTSIFA","Fiantsifa","Naso unicornis","","","Fiantsifa"
"8281","HORITA","Horita","Octopus","","","Horita"
"8282","HORITA","Horita","Octopus","","","Horita"
"8283","HORITA","Horita","Octopus","","","Horita"
"8284","LAMERA","Lamera","eel","LAMAIRA,LAMAIRAKINA,LAMAIRA FESOTSE AMBATO,LAMAIRA KINA,LAMAIRANKENA","GYMNOTHORAX JAVANICUS, GYMNOMURAENA ZEBRA, ECHIDNA NEBULOSA, GYMNOTORAX JAVANICUS","LAMAIRA,LAMAIRAKINA,LAMAIRA FESOTSE AMBATO,LAMAIRA KINA,LAMAIRANKENA"
"8285","FNAOMBE","","Fish","","","Fish"
"8286","HORITA","Horita","Octopus","","","Horita"
"8287","FLANILANY","Lani Lani?","","LANILANY","BOTHUS MANCUS","LANILANY"
"8288","HORITA","Horita","Octopus","","","Horita"
"8289","HNAKORA","Horita nakora","Octopus aegina","","","Horita nakora"
"8290","HORITA","Horita","Octopus","","","Horita"
"8291","HORITA","Horita","Octopus","","","Horita"
"8292","HORITA","Horita","Octopus","","","Horita"
"8293","FVORAMASAKE","Voramasake","","VORAMASAKE,VORAMASAEKE","SIGANUS SUTOR, SIGANUS STELLATUS, SIGANUS SUTOR<A0>, SIGANUS NETOR","VORAMASAKE,VORAMASAEKE"
"8294","FVORAMASAKE","Voramasake","","VORAMASAKE,VORAMASAEKE","SIGANUS SUTOR, SIGANUS STELLATUS, SIGANUS SUTOR<A0>, SIGANUS NETOR","VORAMASAKE,VORAMASAEKE"
"8295","HORITA","Horita","Octopus","","","Horita"
"8296","HORITA","Horita","Octopus","","","Horita"
"8297","HORITA","Horita","Octopus","","","Horita"
"8298","HORITA","Horita","Octopus","","","Horita"
"8299","FLANILANY","Lani Lani?","","LANILANY","BOTHUS MANCUS","LANILANY"
"8300","HORITA","Horita","Octopus","","","Horita"
"8301","FTOHO","Fia Toho","Duckbill sleeper or freshwater goby or speckled goby/ Butis butis or awaous aeneofuscus or redigobius bikolanus","","","Fia Toho"
"8302","FTSIFA","Fiantsifa","Naso unicornis","","","Fiantsifa"
"8303","HORITA","Horita","Octopus","","","Horita"
"8304","HORITA","Horita","Octopus","","","Horita"
"8305","HORITA","Horita","Octopus","","","Horita"
"8306","HORITA","Horita","Octopus","","","Horita"
"8307","HORITA","Horita","Octopus","","","Horita"
"8308","HORITA","Horita","Octopus","","","Horita"
"8309","HORITA","Horita","Octopus","","","Horita"
"8310","HORITA","Horita","Octopus","","","Horita"
"8311","FVORAMASAKE","Voramasake","","VORAMASAKE,VORAMASAEKE","SIGANUS SUTOR, SIGANUS STELLATUS, SIGANUS SUTOR<A0>, SIGANUS NETOR","VORAMASAKE,VORAMASAEKE"
"8312","FVORAMASAKE","Voramasake","","VORAMASAKE,VORAMASAEKE","SIGANUS SUTOR, SIGANUS STELLATUS, SIGANUS SUTOR<A0>, SIGANUS NETOR","VORAMASAKE,VORAMASAEKE"
"8313","HORITA","Horita","Octopus","","","Horita"
"8314","HORILE","Horita","Octopus","","","Horita"
"8315","FVORAMASAKE","Voramasake","","VORAMASAKE,VORAMASAEKE","SIGANUS SUTOR, SIGANUS STELLATUS, SIGANUS SUTOR<A0>, SIGANUS NETOR","VORAMASAKE,VORAMASAEKE"
"8316","LANGOSTE","Langousta","Lobster","","","Langousta"
"8317","FTOHO","Fia Toho","Duckbill sleeper or freshwater goby or speckled goby/ Butis butis or awaous aeneofuscus or redigobius bikolanus","","","Fia Toho"
"8318","FTSIFA","Fiantsifa","Naso unicornis","","","Fiantsifa"
"8319","HORITA","Horita","Octopus","","","Horita"
"8320","HORITA","Horita","Octopus","","","Horita"
"8321","HORITA","Horita","Octopus","","","Horita"
"8322","FVORAMASAKE","Voramasake","","VORAMASAKE,VORAMASAEKE","SIGANUS SUTOR, SIGANUS STELLATUS, SIGANUS SUTOR<A0>, SIGANUS NETOR","VORAMASAKE,VORAMASAEKE"
"8323","HORITA","Horita","Octopus","","","Horita"
"8324","HORITA","Horita","Octopus","","","Horita"
"8325","HORITA","Horita","Octopus","","","Horita"
"8326","HORITA","Horita","Octopus","","","Horita"
"8327","FLANILANY","Lani Lani?","","LANILANY","BOTHUS MANCUS","LANILANY"
"8328","HORITA","Horita","Octopus","","","Horita"
"8329","ZJOMALY","","Sea Cucumber","","","Sea Cucumber"
"8330","ANGISY","Angisy","Squid","","","Angisy"
"8331","HORITA","Horita","Octopus","","","Horita"
"8332","HORITA","Horita","Octopus","","","Horita"
"8333","FTOHO","Fia Toho","Duckbill sleeper or freshwater goby or speckled goby/ Butis butis or awaous aeneofuscus or redigobius bikolanus","","","Fia Toho"
"8334","FTSIFA","Fiantsifa","Naso unicornis","","","Fiantsifa"
"8335","HORITA","Horita","Octopus","","","Horita"
"8336","HORITA","Horita","Octopus","","","Horita"
"8337","FAY RARA","Fay rara","","","","Fay rara"
"8338","HORITA","Horita","Octopus","","","Horita"
"8339","ANGISIMBATO","Angisy","Squid","","","Angisy"
"8340","HORITA","Horita","Octopus","","","Horita"
"8341","HORITA","Horita","Octopus","","","Horita"
"8342","HORITA","Horita","Octopus","","","Horita"
"8343","HORITA","Horita","Octopus","","","Horita"
"8344","FMANDRENDRE","Fia Mandredre","","","","Fia Mandredre"
"8345","HORITA","Horita","Octopus","","","Horita"
"8346","HORITA","Horita","Octopus","","","Horita"
"8347","HNAOMBE","Horita","Octopus","","","Horita"
"8348","FMANDRENDRE","Fia Mandredre","","","","Fia Mandredre"
"8349","HORITA","Horita","Octopus","","","Horita"
"8350","HORITA","Horita","Octopus","","","Horita"
"8351","HORITA","Horita","Octopus","","","Horita"
"8352","HORITA","Horita","Octopus","","","Horita"
"8353","HORITA","Horita","Octopus","","","Horita"
"8354","HORITA","Horita","Octopus","","","Horita"
"8355","FTONA","Fia Toho","Duckbill sleeper or freshwater goby or speckled goby/ Butis butis or awaous aeneofuscus or redigobius bikolanus","","","Fia Toho"
"8356","HORITA","Horita","Octopus","","","Horita"
"8357","HORITA","Horita","Octopus","","","Horita"
"8358","HORITA","Horita","Octopus","","","Horita"
"8359","HORITA","Horita","Octopus","","","Horita"
"8360","HORITA","Horita","Octopus","","","Horita"
"8361","HORITA","Horita","Octopus","","","Horita"
"8362","HORITA","Horita","Octopus","","","Horita"
"8363","FVORAMASAKE","Voramasake","","VORAMASAKE,VORAMASAEKE","SIGANUS SUTOR, SIGANUS STELLATUS, SIGANUS SUTOR<A0>, SIGANUS NETOR","VORAMASAKE,VORAMASAEKE"
"8364","FVAREVIKE"," Varevike","","",""," Varevike"
"8365","HORITA","Horita","Octopus","","","Horita"
"8366","FVORAMASAKE","Voramasake","","VORAMASAKE,VORAMASAEKE","SIGANUS SUTOR, SIGANUS STELLATUS, SIGANUS SUTOR<A0>, SIGANUS NETOR","VORAMASAKE,VORAMASAEKE"
"8367","HORITA","Horita","Octopus","","","Horita"
"8368","HORITA","Horita","Octopus","","","Horita"
"8369","HORITA","Horita","Octopus","","","Horita"
"8370","FAMPOZA","Fia Ampoza","","AMPOZA,AMPOZO","NASO ANNULATUS, NASO VLAMINGII, NASO BREVIROSTRIS, ACANTHURUS GUTTATUS, NASO HEXACANTHUS, NASO FAGENI, NASO TUBEROSUS, NASO BRANCHYCENTRON, NASO FAGANI, ACANTURUS GUTTATUS","AMPOZA,AMPOZO"
"8371","FVORAMASAKE","Voramasake","","VORAMASAKE,VORAMASAEKE","SIGANUS SUTOR, SIGANUS STELLATUS, SIGANUS SUTOR<A0>, SIGANUS NETOR","VORAMASAKE,VORAMASAEKE"
"8372","FTSIRIMPAOSA","Fia Tsiripoasa?","","","","Fia Tsiripoasa?"
"8373","HORIA","Horita","Octopus","","","Horita"
"8374","HORITA","Horita","Octopus","","","Horita"
"8375","ANGISIMBATO","Angisy","Squid","","","Angisy"
"8376","FVORAMASAKE","Voramasake","","VORAMASAKE,VORAMASAEKE","SIGANUS SUTOR, SIGANUS STELLATUS, SIGANUS SUTOR<A0>, SIGANUS NETOR","VORAMASAKE,VORAMASAEKE"
"8377","FDABANDRIAKE","Fia Dabandriake","Convict Surgeon, acanthurus triostegus","","","Fia Dabandriake"
"8378","HORITA","Horita","Octopus","","","Horita"
"8379","HNAKORA","Horita nakora","Octopus aegina","","","Horita nakora"
"8380","HORITA","Horita","Octopus","","","Horita"
"8381","HORITA","Horita","Octopus","","","Horita"
"8382","FTSOY","Fia Tsoy","Mulloides auriflamma","TSOY","MULLOIDICHTHYS FLAVOLINEATUS, MULLOIDICHTHYS VANICAULEUSIS","TSOY"
"8383","HORITA","Horita","Octopus","","","Horita"
"8384","FLANILANY","Lani Lani?","","LANILANY","BOTHUS MANCUS","LANILANY"
"8385","HORITA","Horita","Octopus","","","Horita"
"8386","ANGISY","Angisy","Squid","","","Angisy"
"8387","HORITA","Horita","Octopus","","","Horita"
"8388","HORITA","Horita","Octopus","","","Horita"
"8389","HORITA","Horita","Octopus","","","Horita"
"8390","HORITA","Horita","Octopus","","","Horita"
"8391","FVORAMASAKE","Voramasake","","VORAMASAKE,VORAMASAEKE","SIGANUS SUTOR, SIGANUS STELLATUS, SIGANUS SUTOR<A0>, SIGANUS NETOR","VORAMASAKE,VORAMASAEKE"
"8392","FVAREVIKE"," Varevike","","",""," Varevike"
"8393","FVORAMASAKE","Voramasake","","VORAMASAKE,VORAMASAEKE","SIGANUS SUTOR, SIGANUS STELLATUS, SIGANUS SUTOR<A0>, SIGANUS NETOR","VORAMASAKE,VORAMASAEKE"
"8394","FANTSISY","Fia Antisy","No idea but these seem to go together","","","Fia Antisy"
"8395","FVORAMASAKE","Voramasake","","VORAMASAKE,VORAMASAEKE","SIGANUS SUTOR, SIGANUS STELLATUS, SIGANUS SUTOR<A0>, SIGANUS NETOR","VORAMASAKE,VORAMASAEKE"
"8396","FVAREVIKE"," Varevike","","",""," Varevike"
"8397","FVORAMASAKE","Voramasake","","VORAMASAKE,VORAMASAEKE","SIGANUS SUTOR, SIGANUS STELLATUS, SIGANUS SUTOR<A0>, SIGANUS NETOR","VORAMASAKE,VORAMASAEKE"
"8398","FVAREVIKE"," Varevike","","",""," Varevike"
"8399","HORITA","Horita","Octopus","","","Horita"
"8400","HORITA","Horita","Octopus","","","Horita"
"8401","HORITA","Horita","Octopus","","","Horita"
"8402","HORITA","Horita","Octopus","","","Horita"
"8403","FAMBORY","","","AMBORY,AMBORY FOTIHOHY,AMBORY KIOSA,AMBORY LAVATSIFA","NASO TUBEROSUS, NASO FAGENI, ACANTHURUS TENNENTI, NASO BRACHYCENTRON, NASO HEXACANTHUS, NASO BRANCHYCENTRON, NASO ANNULATUS, NASO VLAMINGII, NASO BREVIROSTRIS, NASO BRACHYCENTRONA","AMBORY,AMBORY FOTIHOHY,AMBORY KIOSA,AMBORY LAVATSIFA"
"8404","HORITA","Horita","Octopus","","","Horita"
"8405","H","Horita","Octopus","","","Horita"
"8406","H","Horita","Octopus","","","Horita"
"8407","F","Fia","Fish","","","Fia"
"8408","A","Angisy","Squid","","","Angisy"
"8409","F2",NA,NA,NA,NA,NA
"8410","H","Horita","Octopus","","","Horita"
"8411","H","Horita","Octopus","","","Horita"
"8412","H","Horita","Octopus","","","Horita"
"8413","F2",NA,NA,NA,NA,NA
"8414","H","Horita","Octopus","","","Horita"
"8415","F3",NA,NA,NA,NA,NA
"8416","LAMERA","Lamera","eel","LAMAIRA,LAMAIRAKINA,LAMAIRA FESOTSE AMBATO,LAMAIRA KINA,LAMAIRANKENA","GYMNOTHORAX JAVANICUS, GYMNOMURAENA ZEBRA, ECHIDNA NEBULOSA, GYMNOTORAX JAVANICUS","LAMAIRA,LAMAIRAKINA,LAMAIRA FESOTSE AMBATO,LAMAIRA KINA,LAMAIRANKENA"
"8417","H","Horita","Octopus","","","Horita"
"8418","H","Horita","Octopus","","","Horita"
"8419","F2",NA,NA,NA,NA,NA
"8420","GOGO","Fia gogo","Madagascar sea catfish/ Arius madagascariensis","","","Fia gogo"
"8421","H","Horita","Octopus","","","Horita"
"8422","H","Horita","Octopus","","","Horita"
"8423","H","Horita","Octopus","","","Horita"
"8424","F1",NA,NA,NA,NA,NA
"8425","H","Horita","Octopus","","","Horita"
"8426","F","Fia","Fish","","","Fia"
"8427","H","Horita","Octopus","","","Horita"
"8428","H","Horita","Octopus","","","Horita"
"8429","FVALALA","Valalataitse","","","","Valalataitse"
"8430","FVALALA","Valalataitse","","","","Valalataitse"
"8431","MAMILAOTSE","","Fish","","","Fish"
"8432","FLAMATRA","Lamatra","Kanadi Kingfish/ scombermorus plurilineatus","LAMATSA,LAMATRA,LAMANTRA,LAMANTRA","SCOMBEROMORUS COMMERSON, SCOMBEROIDES LYSAN, SCOBEROIDES LYSAN","LAMATSA,LAMATRA,LAMANTRA,LAMANTRA"
"8433","H","Horita","Octopus","","","Horita"
"8434","H","Horita","Octopus","","","Horita"
"8435","H","Horita","Octopus","","","Horita"
"8436","H","Horita","Octopus","","","Horita"
"8437","H","Horita","Octopus","","","Horita"
"8438","H","Horita","Octopus","","","Horita"
"8439","A","Angisy","Squid","","","Angisy"
"8440","H","Horita","Octopus","","","Horita"
"8441","BOZIKE","Bozike","Chicoreus ramosus","","","Bozike"
"8442","H","Horita","Octopus","","","Horita"
"8443","LAMERA","Lamera","eel","LAMAIRA,LAMAIRAKINA,LAMAIRA FESOTSE AMBATO,LAMAIRA KINA,LAMAIRANKENA","GYMNOTHORAX JAVANICUS, GYMNOMURAENA ZEBRA, ECHIDNA NEBULOSA, GYMNOTORAX JAVANICUS","LAMAIRA,LAMAIRAKINA,LAMAIRA FESOTSE AMBATO,LAMAIRA KINA,LAMAIRANKENA"
"8444","F2",NA,NA,NA,NA,NA
"8445","F","Fia","Fish","","","Fia"
"8446","F","Fia","Fish","","","Fia"
"8447","F","Fia","Fish","","","Fia"
"8448","H","Horita","Octopus","","","Horita"
"8449","F","Fia","Fish","","","Fia"
"8450","F","Fia","Fish","","","Fia"
"8451","H","Horita","Octopus","","","Horita"
"8452","H","Horita","Octopus","","","Horita"
"8453","F1",NA,NA,NA,NA,NA
"8454","H","Horita","Octopus","","","Horita"
"8455","H","Horita","Octopus","","","Horita"
"8456","F3",NA,NA,NA,NA,NA
"8457","H","Horita","Octopus","","","Horita"
"8458","H","Horita","Octopus","","","Horita"
"8459","VARY LARY","Varilava","Fish, small, like shrimp","","","Varilava"
"8460","F","Fia","Fish","","","Fia"
"8461","F","Fia","Fish","","","Fia"
"8462","BENONO","Zanga Benono","White teatfish/ holothuria fuscogilva","","","Zanga Benono"
"8463","H","Horita","Octopus","","","Horita"
"8464","H","Horita","Octopus","","","Horita"
"8465","H","Horita","Octopus","","","Horita"
"8466","H","Horita","Octopus","","","Horita"
"8467","NAHOLOK","Fishing gears","","","","Fishing gears"
"8468","LAMERA","Lamera","eel","LAMAIRA,LAMAIRAKINA,LAMAIRA FESOTSE AMBATO,LAMAIRA KINA,LAMAIRANKENA","GYMNOTHORAX JAVANICUS, GYMNOMURAENA ZEBRA, ECHIDNA NEBULOSA, GYMNOTORAX JAVANICUS","LAMAIRA,LAMAIRAKINA,LAMAIRA FESOTSE AMBATO,LAMAIRA KINA,LAMAIRANKENA"
"8469","TABAKY","Fia Tabaky/ Fia Tsabeake","Ember parrotfish/ scarus rubroviolaceus","TABAKE","AROTHRON NIGROPUNCTATUS","TABAKE"
"8470","GOGO","Fia gogo","Madagascar sea catfish/ Arius madagascariensis","","","Fia gogo"
"8471","H","Horita","Octopus","","","Horita"
"8472","F","Fia","Fish","","","Fia"
"8473","A","Angisy","Squid","","","Angisy"
"8474","F","Fia","Fish","","","Fia"
"8475","LAMATRA","Lamatra","Kanadi Kingfish/ scombermorus plurilineatus","LAMATSA,LAMATRA,LAMANTRA,LAMANTRA","SCOMBEROMORUS COMMERSON, SCOMBEROIDES LYSAN, SCOBEROIDES LYSAN","LAMATSA,LAMATRA,LAMANTRA,LAMANTRA"
"8476","SAPIATA","Fia Sapiata?","No idea but these seem to go together","SAPIATA","HALICHOERES NIGRESCENS, CTENOCHAETUS STRIATUS, CTENOSCHRETUS STUATUS, CTENOCHAETUS TRUNCATUS, ACANTHURUS NIGROFUSCUS","SAPIATA"
"8477","H","Horita","Octopus","","","Horita"
"8478","FTABAKE","Fia Tabaky/ Fia Tsabeake","Ember parrotfish/ scarus rubroviolaceus","TABAKE","AROTHRON NIGROPUNCTATUS","TABAKE"
"8479","FAY","Fay","Ray","","","Fay"
"8480","L","Lamera","eel","LAMAIRA,LAMAIRAKINA,LAMAIRA FESOTSE AMBATO,LAMAIRA KINA,LAMAIRANKENA","GYMNOTHORAX JAVANICUS, GYMNOMURAENA ZEBRA, ECHIDNA NEBULOSA, GYMNOTORAX JAVANICUS","LAMAIRA,LAMAIRAKINA,LAMAIRA FESOTSE AMBATO,LAMAIRA KINA,LAMAIRANKENA"
"8481","F","Fia","Fish","","","Fia"
"8482","F","Fia","Fish","","","Fia"
"8483","F","Fia","Fish","","","Fia"
"8484","H","Horita","Octopus","","","Horita"
"8485","H","Horita","Octopus","","","Horita"
"8486","F","Fia","Fish","","","Fia"
"8487","FVALALA","Valalataitse","","","","Valalataitse"
"8488","F","Fia","Fish","","","Fia"
"8489","H","Horita","Octopus","","","Horita"
"8490","SAMPIATA","Fia Sapiata?","No idea but these seem to go together","SAPIATA","HALICHOERES NIGRESCENS, CTENOCHAETUS STRIATUS, CTENOSCHRETUS STUATUS, CTENOCHAETUS TRUNCATUS, ACANTHURUS NIGROFUSCUS","SAPIATA"
"8491","H","Horita","Octopus","","","Horita"
"8492","H","Horita","Octopus","","","Horita"
"8493","VARILAVA","Varilava","Fish, small, like shrimp","","","Varilava"
"8494","FVALALA","Valalataitse","","","","Valalataitse"
"8495","H","Horita","Octopus","","","Horita"
"8496","H","Horita","Octopus","","","Horita"
"8497","TSITSIKE","","","","",""
"8498","H","Horita","Octopus","","","Horita"
"8499","F","Fia","Fish","","","Fia"
"8500","F","Fia","Fish","","","Fia"
"8501","H","Horita","Octopus","","","Horita"
"8502","F","Fia","Fish","","","Fia"
"8503","F","Fia","Fish","","","Fia"
"8504","LAMATRA","Lamatra","Kanadi Kingfish/ scombermorus plurilineatus","LAMATSA,LAMATRA,LAMANTRA,LAMANTRA","SCOMBEROMORUS COMMERSON, SCOMBEROIDES LYSAN, SCOBEROIDES LYSAN","LAMATSA,LAMATRA,LAMANTRA,LAMANTRA"
"8505","LAMATRA","Lamatra","Kanadi Kingfish/ scombermorus plurilineatus","LAMATSA,LAMATRA,LAMANTRA,LAMANTRA","SCOMBEROMORUS COMMERSON, SCOMBEROIDES LYSAN, SCOBEROIDES LYSAN","LAMATSA,LAMATRA,LAMANTRA,LAMANTRA"
"8506","FFOTY","Fay Foty","Smalltooth sand tiger or dusky shark/ Odontaspis ferox or Carcharhinus obscurus","","","Fay Foty"
"8507","FFOTY","Fay Foty","Smalltooth sand tiger or dusky shark/ Odontaspis ferox or Carcharhinus obscurus","","","Fay Foty"
"8508","A","Angisy","Squid","","","Angisy"
"8509","DRAKAKE","Drakake","Crab","","","Drakake"
"8510","H","Horita","Octopus","","","Horita"
"8511","F","Fia","Fish","","","Fia"
"8512","H","Horita","Octopus","","","Horita"
"8513","H","Horita","Octopus","","","Horita"
"8514","H","Horita","Octopus","","","Horita"
"8515","FFOTY","Fay Foty","Smalltooth sand tiger or dusky shark/ Odontaspis ferox or Carcharhinus obscurus","","","Fay Foty"
"8516","FAY","Fay","Ray","","","Fay"
"8517","F","Fia","Fish","","","Fia"
"8518","FVORAMASAKE","Voramasake","","VORAMASAKE,VORAMASAEKE","SIGANUS SUTOR, SIGANUS STELLATUS, SIGANUS SUTOR<A0>, SIGANUS NETOR","VORAMASAKE,VORAMASAEKE"
"8519","FMAINTE","Fia Mainte?","","","","Fia Mainte?"
"8520","FVORAMASAKE","Voramasake","","VORAMASAKE,VORAMASAEKE","SIGANUS SUTOR, SIGANUS STELLATUS, SIGANUS SUTOR<A0>, SIGANUS NETOR","VORAMASAKE,VORAMASAEKE"
"8521","H","Horita","Octopus","","","Horita"
"8522","H","Horita","Octopus","","","Horita"
"8523","FTABAKE","Fia Tabaky/ Fia Tsabeake","Ember parrotfish/ scarus rubroviolaceus","TABAKE","AROTHRON NIGROPUNCTATUS","TABAKE"
"8524","H","Horita","Octopus","","","Horita"
"8525","BOZIKE","Bozike","Chicoreus ramosus","","","Bozike"
"8526","FAY RARA","Fay rara","","","","Fay rara"
"8527","H","Horita","Octopus","","","Horita"
"8528","BOZIKE","Bozike","Chicoreus ramosus","","","Bozike"
"8529","FTSOY","Fia Tsoy","Mulloides auriflamma","TSOY","MULLOIDICHTHYS FLAVOLINEATUS, MULLOIDICHTHYS VANICAULEUSIS","TSOY"
"8530","FLANORA","Fia Lanora","Yellowspotted or giant trevally/ caragoides fulvoguttatus or Caranx ignobilis","LANORA","CARANX PAPUENSIS, CARANX MELAMPYGUS, CARANX IGNOBILIS, CARANGOIDES FULVOGUTTATUS, CARANGOIDES FERDAU, CARANX IGNOBILIS<A0>","LANORA"
"8531","BOZIKE","Bozike","Chicoreus ramosus","","","Bozike"
"8532","H","Horita","Octopus","","","Horita"
"8533","LAMERA","Lamera","eel","LAMAIRA,LAMAIRAKINA,LAMAIRA FESOTSE AMBATO,LAMAIRA KINA,LAMAIRANKENA","GYMNOTHORAX JAVANICUS, GYMNOMURAENA ZEBRA, ECHIDNA NEBULOSA, GYMNOTORAX JAVANICUS","LAMAIRA,LAMAIRAKINA,LAMAIRA FESOTSE AMBATO,LAMAIRA KINA,LAMAIRANKENA"
"8534","H","Horita","Octopus","","","Horita"
"8535","H","Horita","Octopus","","","Horita"
"8536","H","Horita","Octopus","","","Horita"
"8537","H","Horita","Octopus","","","Horita"
"8538","FSAVISAVY","Savisavy","Fish","","","Savisavy"
"8539","FTABAKE","Fia Tabaky/ Fia Tsabeake","Ember parrotfish/ scarus rubroviolaceus","TABAKE","AROTHRON NIGROPUNCTATUS","TABAKE"
"8540","FMAINTE","Fia Mainte?","","","","Fia Mainte?"
"8541","FTSIFA","Fiantsifa","Naso unicornis","","","Fiantsifa"
"8542","H","Horita","Octopus","","","Horita"
"8543","H","Horita","Octopus","","","Horita"
"8544","H","Horita","Octopus","","","Horita"
"8545","H","Horita","Octopus","","","Horita"
"8546","FVORAMASAKE","Voramasake","","VORAMASAKE,VORAMASAEKE","SIGANUS SUTOR, SIGANUS STELLATUS, SIGANUS SUTOR<A0>, SIGANUS NETOR","VORAMASAKE,VORAMASAEKE"
"8547","FFOTY","Fay Foty","Smalltooth sand tiger or dusky shark/ Odontaspis ferox or Carcharhinus obscurus","","","Fay Foty"
"8548","FVORAMASAKE","Voramasake","","VORAMASAKE,VORAMASAEKE","SIGANUS SUTOR, SIGANUS STELLATUS, SIGANUS SUTOR<A0>, SIGANUS NETOR","VORAMASAKE,VORAMASAEKE"
"8549","FFOTY","Fay Foty","Smalltooth sand tiger or dusky shark/ Odontaspis ferox or Carcharhinus obscurus","","","Fay Foty"
"8550","H","Horita","Octopus","","","Horita"
"8551","H","Horita","Octopus","","","Horita"
"8552","HNAKORA","Horita nakora","Octopus aegina","","","Horita nakora"
"8553","FFOTY","Fay Foty","Smalltooth sand tiger or dusky shark/ Odontaspis ferox or Carcharhinus obscurus","","","Fay Foty"
"8554","H","Horita","Octopus","","","Horita"
"8555","FMAINTE","Fia Mainte?","","","","Fia Mainte?"
"8556","FGOGO","Fia gogo","Madagascar sea catfish/ Arius madagascariensis","","","Fia gogo"
"8557","H","Horita","Octopus","","","Horita"
"8558","FGOGO","Fia gogo","Madagascar sea catfish/ Arius madagascariensis","","","Fia gogo"
"8559","FJOGINY","Fia Joginy","","LOGY","SELAR CRUMENOPHTHALMUS, RASTRELLIGER KANAGURTA","LOGY"
"8560","FTSIFA","Fiantsifa","Naso unicornis","","","Fiantsifa"
"8561","FMAINTE","Fia Mainte?","","","","Fia Mainte?"
"8562","H","Horita","Octopus","","","Horita"
"8563","FMAINTE","Fia Mainte?","","","","Fia Mainte?"
"8564","FJOGINY","Fia Joginy","","LOGY","SELAR CRUMENOPHTHALMUS, RASTRELLIGER KANAGURTA","LOGY"
"8565","H","Horita","Octopus","","","Horita"
"8566","MABOLOTSETALY","","","","",""
"8567","FTABAKE","Fia Tabaky/ Fia Tsabeake","Ember parrotfish/ scarus rubroviolaceus","TABAKE","AROTHRON NIGROPUNCTATUS","TABAKE"
"8568","FFOTY","Fay Foty","Smalltooth sand tiger or dusky shark/ Odontaspis ferox or Carcharhinus obscurus","","","Fay Foty"
"8569","H","Horita","Octopus","","","Horita"
"8570","H","Horita","Octopus","","","Horita"
"8571","H","Horita","Octopus","","","Horita"
"8572","FANGY","Fia Angy","Zebra angelfish/ genicanthus caudovittatus","","","Fia Angy"
"8573","DRAKAKE","Drakake","Crab","","","Drakake"
"8574","H","Horita","Octopus","","","Horita"
"8575","FANGY","Fia Angy","Zebra angelfish/ genicanthus caudovittatus","","","Fia Angy"
"8576","H","Horita","Octopus","","","Horita"
"8577","H","Horita","Octopus","","","Horita"
"8578","H","Horita","Octopus","","","Horita"
"8579","FVORAMASAKE","Voramasake","","VORAMASAKE,VORAMASAEKE","SIGANUS SUTOR, SIGANUS STELLATUS, SIGANUS SUTOR<A0>, SIGANUS NETOR","VORAMASAKE,VORAMASAEKE"
"8580","FFOTY","Fay Foty","Smalltooth sand tiger or dusky shark/ Odontaspis ferox or Carcharhinus obscurus","","","Fay Foty"
"8581","H","Horita","Octopus","","","Horita"
"8582","H","Horita","Octopus","","","Horita"
"8583","FBODOLOHA","Fia Bodoloha","Blue Barred parrotfish/ scarus ghobban","BODOLOHA","HIPPOSCARUS HARID, SCARUS PRASIOGNATHUS, SCARUS NIGER, CALOTOMUS SPINIDENS, SCARUS GHOBBAN, CALOTOMUS CAROLINUS, CHLORURUS STRONGYLOCEPHALUS, SCARUS TRICOLOR, SCARUS SCABER, SCARUS RUSSELLI, SCARUS RUBROVIOLACEUS, SCARUS PSITTACUS, SCARUS FRENATUS, CHLORURUS SORDIDUS, CHLORURUS ATRILUNULA, CETOSCARUS BICOLOR, THALASSOMA QUINQUEVITTATUM, SCARUS GHOBBAN<A0>, SCARUS CAUDOFASCIATUS, POMACENTRUS PAVO, PRISTOTIS OBTUSIROSTRIS","BODOLOHA"
"8584","FFOTY","Fay Foty","Smalltooth sand tiger or dusky shark/ Odontaspis ferox or Carcharhinus obscurus","","","Fay Foty"
"8585","FFOTY","Fay Foty","Smalltooth sand tiger or dusky shark/ Odontaspis ferox or Carcharhinus obscurus","","","Fay Foty"
"8586","FLAMATRA","Lamatra","Kanadi Kingfish/ scombermorus plurilineatus","LAMATSA,LAMATRA,LAMANTRA,LAMANTRA","SCOMBEROMORUS COMMERSON, SCOMBEROIDES LYSAN, SCOBEROIDES LYSAN","LAMATSA,LAMATRA,LAMANTRA,LAMANTRA"
"8587","FFOTY","Fay Foty","Smalltooth sand tiger or dusky shark/ Odontaspis ferox or Carcharhinus obscurus","","","Fay Foty"
"8588","FFOTY","Fay Foty","Smalltooth sand tiger or dusky shark/ Odontaspis ferox or Carcharhinus obscurus","","","Fay Foty"
"8589","GAMO","Gamo","","GAMO,GAMO MANDRITSIAMINTSALOTSE,GAMOPAREABAVA","ETELIS CARBUNCULUS, PRISTIPOMOIDES FILAMENTOSUS, ETEIS CARBUNCULU","GAMO,GAMO MANDRITSIAMINTSALOTSE,GAMOPAREABAVA"
"8590","FBONDRO","Fia Bondro","","","","Fia Bondro"
"8591","A","Angisy","Squid","","","Angisy"
"8592","A","Angisy","Squid","","","Angisy"
"8593","FVALALA","Valalataitse","","","","Valalataitse"
"8594","FVALALA","Valalataitse","","","","Valalataitse"
"8595","FANTSERAKY","Antseraky","Black-barred halfbeak/ hemiramphus far","","","Antseraky"
"8596","FJOGINY","Fia Joginy","","LOGY","SELAR CRUMENOPHTHALMUS, RASTRELLIGER KANAGURTA","LOGY"
"8597","FFOTY","Fay Foty","Smalltooth sand tiger or dusky shark/ Odontaspis ferox or Carcharhinus obscurus","","","Fay Foty"
"8598","GEBA","Geba","Spotted sardinella or bluestripe herring/ Amblygseter sirm or Herklotsichthys","GEBA","HERKLOTSICHTHYS QUADRIMACULATUS, HERKIOTSICHTHYS QUADRIMACULATUS","GEBA"
"8599","FTSOY","Fia Tsoy","Mulloides auriflamma","TSOY","MULLOIDICHTHYS FLAVOLINEATUS, MULLOIDICHTHYS VANICAULEUSIS","TSOY"
"8600","FTSIFA","Fiantsifa","Naso unicornis","","","Fiantsifa"
"8601","H","Horita","Octopus","","","Horita"
"8602","FTSABEAKY","","","TSABEAKE","GNATHODENTEX AUROLINEATUS, LETHRINUS NEBULOSUS, LETHEINUS NEBULOSUS","TSABEAKE"
"8603","H","Horita","Octopus","","","Horita"
"8604","FTSOY","Fia Tsoy","Mulloides auriflamma","TSOY","MULLOIDICHTHYS FLAVOLINEATUS, MULLOIDICHTHYS VANICAULEUSIS","TSOY"
"8605","H","Horita","Octopus","","","Horita"
"8606","FTSABEAKY","","","TSABEAKE","GNATHODENTEX AUROLINEATUS, LETHRINUS NEBULOSUS, LETHEINUS NEBULOSUS","TSABEAKE"
"8607","FTSABEAKY","","","TSABEAKE","GNATHODENTEX AUROLINEATUS, LETHRINUS NEBULOSUS, LETHEINUS NEBULOSUS","TSABEAKE"
"8608","FVORAMASAKE","Voramasake","","VORAMASAKE,VORAMASAEKE","SIGANUS SUTOR, SIGANUS STELLATUS, SIGANUS SUTOR<A0>, SIGANUS NETOR","VORAMASAKE,VORAMASAEKE"
"8609","H","Horita","Octopus","","","Horita"
"8610","H","Horita","Octopus","","","Horita"
"8611","H","Horita","Octopus","","","Horita"
"8612","FGOGO","Fia gogo","Madagascar sea catfish/ Arius madagascariensis","","","Fia gogo"
"8613","DRAKAKE","Drakake","Crab","","","Drakake"
"8614","F","Fia","Fish","","","Fia"
"8615","H","Horita","Octopus","","","Horita"
"8616","FMANDREANDOVOKE","","","","",""
"8617","H","Horita","Octopus","","","Horita"
"8618","FTSABEAKY","","","TSABEAKE","GNATHODENTEX AUROLINEATUS, LETHRINUS NEBULOSUS, LETHEINUS NEBULOSUS","TSABEAKE"
"8619","H","Horita","Octopus","","","Horita"
"8620","H","Horita","Octopus","","","Horita"
"8621","FTSIFA","Fiantsifa","Naso unicornis","","","Fiantsifa"
"8622","H","Horita","Octopus","","","Horita"
"8623","FTABAKE","Fia Tabaky/ Fia Tsabeake","Ember parrotfish/ scarus rubroviolaceus","TABAKE","AROTHRON NIGROPUNCTATUS","TABAKE"
"8624","FVORAMASAKE","Voramasake","","VORAMASAKE,VORAMASAEKE","SIGANUS SUTOR, SIGANUS STELLATUS, SIGANUS SUTOR<A0>, SIGANUS NETOR","VORAMASAKE,VORAMASAEKE"
"8625","H","Horita","Octopus","","","Horita"
"8626","FGOGO","Fia gogo","Madagascar sea catfish/ Arius madagascariensis","","","Fia gogo"
"8627","H","Horita","Octopus","","","Horita"
"8628","FBONDRO","Fia Bondro","","","","Fia Bondro"
"8629","FBOLOHA","Fia Bodoloha","Blue Barred parrotfish/ scarus ghobban","BODOLOHA","HIPPOSCARUS HARID, SCARUS PRASIOGNATHUS, SCARUS NIGER, CALOTOMUS SPINIDENS, SCARUS GHOBBAN, CALOTOMUS CAROLINUS, CHLORURUS STRONGYLOCEPHALUS, SCARUS TRICOLOR, SCARUS SCABER, SCARUS RUSSELLI, SCARUS RUBROVIOLACEUS, SCARUS PSITTACUS, SCARUS FRENATUS, CHLORURUS SORDIDUS, CHLORURUS ATRILUNULA, CETOSCARUS BICOLOR, THALASSOMA QUINQUEVITTATUM, SCARUS GHOBBAN<A0>, SCARUS CAUDOFASCIATUS, POMACENTRUS PAVO, PRISTOTIS OBTUSIROSTRIS","BODOLOHA"
"8630","H","Horita","Octopus","","","Horita"
"8631","H","Horita","Octopus","","","Horita"
"8632","H","Horita","Octopus","","","Horita"
"8633","FTABAKE","Fia Tabaky/ Fia Tsabeake","Ember parrotfish/ scarus rubroviolaceus","TABAKE","AROTHRON NIGROPUNCTATUS","TABAKE"
"8634","H","Horita","Octopus","","","Horita"
"8635","FTSABEAKY","","","TSABEAKE","GNATHODENTEX AUROLINEATUS, LETHRINUS NEBULOSUS, LETHEINUS NEBULOSUS","TSABEAKE"
"8636","H","Horita","Octopus","","","Horita"
"8637","FTSIFA","Fiantsifa","Naso unicornis","","","Fiantsifa"
"8638","H","Horita","Octopus","","","Horita"
"8639","FTSABEAKY","","","TSABEAKE","GNATHODENTEX AUROLINEATUS, LETHRINUS NEBULOSUS, LETHEINUS NEBULOSUS","TSABEAKE"
"8640","A","Angisy","Squid","","","Angisy"
"8641","FTSABEAKY","","","TSABEAKE","GNATHODENTEX AUROLINEATUS, LETHRINUS NEBULOSUS, LETHEINUS NEBULOSUS","TSABEAKE"
"8642","FMALINIKY","Malily","Black and yellow grouper/ Epinephelus flavocaeruleus","MALILY","MACOLOR NIGER","MALILY"
"8643","FMALINIKY","Malily","Black and yellow grouper/ Epinephelus flavocaeruleus","MALILY","MACOLOR NIGER","MALILY"
"8644","H","Horita","Octopus","","","Horita"
"8645","H","Horita","Octopus","","","Horita"
"8646","H","Horita","Octopus","","","Horita"
"8647","FSAVESAVY","Savisavy","Fish","","","Savisavy"
"8648","FTSABEAKY","","","TSABEAKE","GNATHODENTEX AUROLINEATUS, LETHRINUS NEBULOSUS, LETHEINUS NEBULOSUS","TSABEAKE"
"8649","H","Horita","Octopus","","","Horita"
"8650","FTSABEAKY","","","TSABEAKE","GNATHODENTEX AUROLINEATUS, LETHRINUS NEBULOSUS, LETHEINUS NEBULOSUS","TSABEAKE"
"8651","H","Horita","Octopus","","","Horita"
"8652","FTSIFA","Fiantsifa","Naso unicornis","","","Fiantsifa"
"8653","FTSABEAKY","","","TSABEAKE","GNATHODENTEX AUROLINEATUS, LETHRINUS NEBULOSUS, LETHEINUS NEBULOSUS","TSABEAKE"
"8654","H","Horita","Octopus","","","Horita"
"8655","H","Horita","Octopus","","","Horita"
"8656","H","Horita","Octopus","","","Horita"
"8657","H","Horita","Octopus","","","Horita"
"8658","A","Angisy","Squid","","","Angisy"
"8659","H","Horita","Octopus","","","Horita"
"8660","H","Horita","Octopus","","","Horita"
"8661","H","Horita","Octopus","","","Horita"
"8662","ZANGA","Zanga","Sea Cucumber","","","Zanga"
"8663","H","Horita","Octopus","","","Horita"
"8664","DRAKAKE","Drakake","Crab","","","Drakake"
"8665","FVORAMASAKE","Voramasake","","VORAMASAKE,VORAMASAEKE","SIGANUS SUTOR, SIGANUS STELLATUS, SIGANUS SUTOR<A0>, SIGANUS NETOR","VORAMASAKE,VORAMASAEKE"
"8666","H","Horita","Octopus","","","Horita"
"8667","FTSOY","Fia Tsoy","Mulloides auriflamma","TSOY","MULLOIDICHTHYS FLAVOLINEATUS, MULLOIDICHTHYS VANICAULEUSIS","TSOY"
"8668","FFOTY","Fay Foty","Smalltooth sand tiger or dusky shark/ Odontaspis ferox or Carcharhinus obscurus","","","Fay Foty"
"8669","DAKAKE","Dakaka","Herring","","","Dakaka"
"8670","DRAKAKE","Drakake","Crab","","","Drakake"
"8671","DORILISY","Zanga Dorilisy","Pink/black sea cucumber or black teatfish/ holothuria edulis or notabilis","","","Zanga Dorilisy"
"8672","HNAKOHO","Horita","Octopus","","","Horita"
"8673","H","Horita","Octopus","","","Horita"
"8674","FTSABEAKY","","","TSABEAKE","GNATHODENTEX AUROLINEATUS, LETHRINUS NEBULOSUS, LETHEINUS NEBULOSUS","TSABEAKE"
"8675","H","Horita","Octopus","","","Horita"
"8676","FMAINTE","Fia Mainte?","","","","Fia Mainte?"
"8677","FFOTY","Fay Foty","Smalltooth sand tiger or dusky shark/ Odontaspis ferox or Carcharhinus obscurus","","","Fay Foty"
"8678","H","Horita","Octopus","","","Horita"
"8679","H","Horita","Octopus","","","Horita"
"8680","H","Horita","Octopus","","","Horita"
"8681","FBODOLOHA","Fia Bodoloha","Blue Barred parrotfish/ scarus ghobban","BODOLOHA","HIPPOSCARUS HARID, SCARUS PRASIOGNATHUS, SCARUS NIGER, CALOTOMUS SPINIDENS, SCARUS GHOBBAN, CALOTOMUS CAROLINUS, CHLORURUS STRONGYLOCEPHALUS, SCARUS TRICOLOR, SCARUS SCABER, SCARUS RUSSELLI, SCARUS RUBROVIOLACEUS, SCARUS PSITTACUS, SCARUS FRENATUS, CHLORURUS SORDIDUS, CHLORURUS ATRILUNULA, CETOSCARUS BICOLOR, THALASSOMA QUINQUEVITTATUM, SCARUS GHOBBAN<A0>, SCARUS CAUDOFASCIATUS, POMACENTRUS PAVO, PRISTOTIS OBTUSIROSTRIS","BODOLOHA"
"8682","BOZIKE","Bozike","Chicoreus ramosus","","","Bozike"
"8683","H","Horita","Octopus","","","Horita"
"8684","FMAINTE","Fia Mainte?","","","","Fia Mainte?"
"8685","H","Horita","Octopus","","","Horita"
"8686","H","Horita","Octopus","","","Horita"
"8687","H","Horita","Octopus","","","Horita"
"8688","DRAKAKE","Drakake","Crab","","","Drakake"
"8689","H","Horita","Octopus","","","Horita"
"8690","FFOTY","Fay Foty","Smalltooth sand tiger or dusky shark/ Odontaspis ferox or Carcharhinus obscurus","","","Fay Foty"
"8691","H","Horita","Octopus","","","Horita"
"8692","FTSIFA","Fiantsifa","Naso unicornis","","","Fiantsifa"
"8693","FFOTY","Fay Foty","Smalltooth sand tiger or dusky shark/ Odontaspis ferox or Carcharhinus obscurus","","","Fay Foty"
"8694","H","Horita","Octopus","","","Horita"
"8695","H","Horita","Octopus","","","Horita"
"8696","H","Horita","Octopus","","","Horita"
"8697","H","Horita","Octopus","","","Horita"
"8698","FVORAMASAKE","Voramasake","","VORAMASAKE,VORAMASAEKE","SIGANUS SUTOR, SIGANUS STELLATUS, SIGANUS SUTOR<A0>, SIGANUS NETOR","VORAMASAKE,VORAMASAEKE"
"8699","FTSABEAKY","","","TSABEAKE","GNATHODENTEX AUROLINEATUS, LETHRINUS NEBULOSUS, LETHEINUS NEBULOSUS","TSABEAKE"
"8700","H","Horita","Octopus","","","Horita"
"8701","H","Horita","Octopus","","","Horita"
"8702","H","Horita","Octopus","","","Horita"
"8703","H","Horita","Octopus","","","Horita"
"8704","H","Horita","Octopus","","","Horita"
"8705","FMAINTE","Fia Mainte?","","","","Fia Mainte?"
"8706","H","Horita","Octopus","","","Horita"
"8707","DRAKAKE","Drakake","Crab","","","Drakake"
"8708","FVALALA","Valalataitse","","","","Valalataitse"
"8709","FVALALA","Valalataitse","","","","Valalataitse"
"8710","BOZIKE","Bozike","Chicoreus ramosus","","","Bozike"
"8711","H","Horita","Octopus","","","Horita"
"8712","H","Horita","Octopus","","","Horita"
"8713","FVALALA","Valalataitse","","","","Valalataitse"
"8714","FMAINTE","Fia Mainte?","","","","Fia Mainte?"
"8715","FVALALA","Valalataitse","","","","Valalataitse"
"8716","FVALALA","Valalataitse","","","","Valalataitse"
"8717","FFOTY","Fay Foty","Smalltooth sand tiger or dusky shark/ Odontaspis ferox or Carcharhinus obscurus","","","Fay Foty"
"8718","FFOTY","Fay Foty","Smalltooth sand tiger or dusky shark/ Odontaspis ferox or Carcharhinus obscurus","","","Fay Foty"
"8719","BOZIKE","Bozike","Chicoreus ramosus","","","Bozike"
"8720","BOZIKE","Bozike","Chicoreus ramosus","","","Bozike"
"8721","H NAKOHO","Horita","Octopus","","","Horita"
"8722","FMAINTE","Fia Mainte?","","","","Fia Mainte?"
"8723","FBE","Fia","Fish","","","Fia"
"8724","FFOTY","Fay Foty","Smalltooth sand tiger or dusky shark/ Odontaspis ferox or Carcharhinus obscurus","","","Fay Foty"
"8725","FMAINTE","Fia Mainte?","","","","Fia Mainte?"
"8726","H","Horita","Octopus","","","Horita"
"8727","H","Horita","Octopus","","","Horita"
"8728","FBE","Fia","Fish","","","Fia"
"8729","FBE","Fia","Fish","","","Fia"
"8730","FTSIFA","Fiantsifa","Naso unicornis","","","Fiantsifa"
"8731","FBE","Fia","Fish","","","Fia"
"8732","FTSIAMEARENY","Fia Tsamearene?","","","","Fia Tsamearene?"
"8733","ZANGA DOROLISY","Zanga Dorilisy","Pink/black sea cucumber or black teatfish/ holothuria edulis or notabilis","","","Zanga Dorilisy"
"8734","H","Horita","Octopus","","","Horita"
"8735","FTABAKE","Fia Tabaky/ Fia Tsabeake","Ember parrotfish/ scarus rubroviolaceus","TABAKE","AROTHRON NIGROPUNCTATUS","TABAKE"
"8736","FVORAMASAKE","Voramasake","","VORAMASAKE,VORAMASAEKE","SIGANUS SUTOR, SIGANUS STELLATUS, SIGANUS SUTOR<A0>, SIGANUS NETOR","VORAMASAKE,VORAMASAEKE"
"8737","FMAINTE","Fia Mainte?","","","","Fia Mainte?"
"8738","A","Angisy","Squid","","","Angisy"
"8739","H","Horita","Octopus","","","Horita"
"8740","FMAINTE","Fia Mainte?","","","","Fia Mainte?"
"8741","H","Horita","Octopus","","","Horita"
"8742","FKAPITENE","Fia Kapitene","","","","Fia Kapitene"
"8743","FKAPITENE","Fia Kapitene","","","","Fia Kapitene"
"8744","FVALALA","Valalataitse","","","","Valalataitse"
"8745","FTSIFA","Fiantsifa","Naso unicornis","","","Fiantsifa"
"8746","FFOTY","Fay Foty","Smalltooth sand tiger or dusky shark/ Odontaspis ferox or Carcharhinus obscurus","","","Fay Foty"
"8747","FANGY","Fia Angy","Zebra angelfish/ genicanthus caudovittatus","","","Fia Angy"
"8748","FVALALA","Valalataitse","","","","Valalataitse"
"8749","FVALALA","Valalataitse","","","","Valalataitse"
"8750","FBONDRO","Fia Bondro","","","","Fia Bondro"
"8751","H","Horita","Octopus","","","Horita"
"8752","H","Horita","Octopus","","","Horita"
"8753","LAMERA","Lamera","eel","LAMAIRA,LAMAIRAKINA,LAMAIRA FESOTSE AMBATO,LAMAIRA KINA,LAMAIRANKENA","GYMNOTHORAX JAVANICUS, GYMNOMURAENA ZEBRA, ECHIDNA NEBULOSA, GYMNOTORAX JAVANICUS","LAMAIRA,LAMAIRAKINA,LAMAIRA FESOTSE AMBATO,LAMAIRA KINA,LAMAIRANKENA"
"8754","FMAINTE","Fia Mainte?","","","","Fia Mainte?"
"8755","H","Horita","Octopus","","","Horita"
"8756","H","Horita","Octopus","","","Horita"
"8757","FTOHO","Fia Toho","Duckbill sleeper or freshwater goby or speckled goby/ Butis butis or awaous aeneofuscus or redigobius bikolanus","","","Fia Toho"
"8758","H","Horita","Octopus","","","Horita"
"8759","FTSOY","Fia Tsoy","Mulloides auriflamma","TSOY","MULLOIDICHTHYS FLAVOLINEATUS, MULLOIDICHTHYS VANICAULEUSIS","TSOY"
"8760","FAMPORAMA","Fia Amporama","One-spot snapper/Lutjanus fulviflamma or Lutjanus monostigma","AMPORAMA","LUTJANUS MONOSTIGMA, LUTJANUS FULVIFLAMMA, LUTJANUS EHRENBERGII, LUTJANUSFULVIFLAMMA, LUTJANUS FULVUS, LUTJANUS MONASTIGMA, LUTJANUS FULVUFFLAMMA","AMPORAMA"
"8761","FTSOY","Fia Tsoy","Mulloides auriflamma","TSOY","MULLOIDICHTHYS FLAVOLINEATUS, MULLOIDICHTHYS VANICAULEUSIS","TSOY"
"8762","BOZIKE","Bozike","Chicoreus ramosus","","","Bozike"
"8763","H","Horita","Octopus","","","Horita"
"8764","FGOGO","Fia gogo","Madagascar sea catfish/ Arius madagascariensis","","","Fia gogo"
"8765","H","Horita","Octopus","","","Horita"
"8766","FTSOY","Fia Tsoy","Mulloides auriflamma","TSOY","MULLOIDICHTHYS FLAVOLINEATUS, MULLOIDICHTHYS VANICAULEUSIS","TSOY"
"8767","FAMBARIAKE","Fia Ambariake","Strongspine silver biddy, gerres acinaces","AMBARIAKE,AMBARIAKE BEMASO","PEMPHERIS VANICOLENSIS, GERRES ACINACES, SCOLOPSIS GHANAM, AMPHIPRION AKALLOPISOS, BODIANUS ANTHIOIDES, GYMNOCRANIUS GRISEUS, GYMNOCRANIUS GRANDOCULIS, MONOTAXIS GRANDOCULIS, LETHRINUS HARAK, GNATHODENTEX AUROLINEATUS, GERE ACINACES, PEMPHERIS VANICILENSIS","AMBARIAKE,AMBARIAKE BEMASO"
"8768","FTSOY","Fia Tsoy","Mulloides auriflamma","TSOY","MULLOIDICHTHYS FLAVOLINEATUS, MULLOIDICHTHYS VANICAULEUSIS","TSOY"
"8769","DRAKAKE","Drakake","Crab","","","Drakake"
"8770","FGOGO","Fia gogo","Madagascar sea catfish/ Arius madagascariensis","","","Fia gogo"
"8771","H","Horita","Octopus","","","Horita"
"8772","H","Horita","Octopus","","","Horita"
"8773","BOZIKE","Bozike","Chicoreus ramosus","","","Bozike"
"8774","FSOROBOA","Fia Soroboa","Giant or grayspotted Guitarfish/ rhynchobatus dijddensis or acroteriobatus leucospilus","","","Fia Soroboa"
"8775","H","Horita","Octopus","","","Horita"
"8776","H","Horita","Octopus","","","Horita"
"8777","FVORAMASAKE","Voramasake","","VORAMASAKE,VORAMASAEKE","SIGANUS SUTOR, SIGANUS STELLATUS, SIGANUS SUTOR<A0>, SIGANUS NETOR","VORAMASAKE,VORAMASAEKE"
"8778","FTABAKE","Fia Tabaky/ Fia Tsabeake","Ember parrotfish/ scarus rubroviolaceus","TABAKE","AROTHRON NIGROPUNCTATUS","TABAKE"
"8779","H","Horita","Octopus","","","Horita"
"8780","A","Angisy","Squid","","","Angisy"
"8781","FVALALA","Valalataitse","","","","Valalataitse"
"8782","FTABAKE","Fia Tabaky/ Fia Tsabeake","Ember parrotfish/ scarus rubroviolaceus","TABAKE","AROTHRON NIGROPUNCTATUS","TABAKE"
"8783","FTSOY","Fia Tsoy","Mulloides auriflamma","TSOY","MULLOIDICHTHYS FLAVOLINEATUS, MULLOIDICHTHYS VANICAULEUSIS","TSOY"
"8784","H","Horita","Octopus","","","Horita"
"8785","FTSIFA","Fiantsifa","Naso unicornis","","","Fiantsifa"
"8786","H","Horita","Octopus","","","Horita"
"8787","L","Lamera","eel","LAMAIRA,LAMAIRAKINA,LAMAIRA FESOTSE AMBATO,LAMAIRA KINA,LAMAIRANKENA","GYMNOTHORAX JAVANICUS, GYMNOMURAENA ZEBRA, ECHIDNA NEBULOSA, GYMNOTORAX JAVANICUS","LAMAIRA,LAMAIRAKINA,LAMAIRA FESOTSE AMBATO,LAMAIRA KINA,LAMAIRANKENA"
"8788","A","Angisy","Squid","","","Angisy"
"8789","H","Horita","Octopus","","","Horita"
"8790","H","Horita","Octopus","","","Horita"
"8791","DRAKAKE","Drakake","Crab","","","Drakake"
"8792","FSAVISAVY","Savisavy","Fish","","","Savisavy"
"8793","H","Horita","Octopus","","","Horita"
"8794","H","Horita","Octopus","","","Horita"
"8795","H","Horita","Octopus","","","Horita"
"8796","FTSIRIPAOSA","Fia Tsiripoasa?","","","","Fia Tsiripoasa?"
"8797","FTABAKE","Fia Tabaky/ Fia Tsabeake","Ember parrotfish/ scarus rubroviolaceus","TABAKE","AROTHRON NIGROPUNCTATUS","TABAKE"
"8798","FSOROBOA","Fia Soroboa","Giant or grayspotted Guitarfish/ rhynchobatus dijddensis or acroteriobatus leucospilus","","","Fia Soroboa"
"8799","FAY","Fay","Ray","","","Fay"
"8800","H","Horita","Octopus","","","Horita"
"8801","FTABAKE","Fia Tabaky/ Fia Tsabeake","Ember parrotfish/ scarus rubroviolaceus","TABAKE","AROTHRON NIGROPUNCTATUS","TABAKE"
"8802","FVORAMASAKE","Voramasake","","VORAMASAKE,VORAMASAEKE","SIGANUS SUTOR, SIGANUS STELLATUS, SIGANUS SUTOR<A0>, SIGANUS NETOR","VORAMASAKE,VORAMASAEKE"
"8803","FJOGINY","Fia Joginy","","LOGY","SELAR CRUMENOPHTHALMUS, RASTRELLIGER KANAGURTA","LOGY"
"8804","FTSABEAKY","","","TSABEAKE","GNATHODENTEX AUROLINEATUS, LETHRINUS NEBULOSUS, LETHEINUS NEBULOSUS","TSABEAKE"
"8805","H","Horita","Octopus","","","Horita"
"8806","FBONDRO","Fia Bondro","","","","Fia Bondro"
"8807","H","Horita","Octopus","","","Horita"
"8808","BOZIKE","Bozike","Chicoreus ramosus","","","Bozike"
"8809","BOZIKE","Bozike","Chicoreus ramosus","","","Bozike"
"8810","FGOGO","Fia gogo","Madagascar sea catfish/ Arius madagascariensis","","","Fia gogo"
"8811","H","Horita","Octopus","","","Horita"
"8812","DRAKAKE","Drakake","Crab","","","Drakake"
"8813","FTSOY","Fia Tsoy","Mulloides auriflamma","TSOY","MULLOIDICHTHYS FLAVOLINEATUS, MULLOIDICHTHYS VANICAULEUSIS","TSOY"
"8814","FANGY","Fia Angy","Zebra angelfish/ genicanthus caudovittatus","","","Fia Angy"
"8815","FVORAMASAKE","Voramasake","","VORAMASAKE,VORAMASAEKE","SIGANUS SUTOR, SIGANUS STELLATUS, SIGANUS SUTOR<A0>, SIGANUS NETOR","VORAMASAKE,VORAMASAEKE"
"8816","H","Horita","Octopus","","","Horita"
"8817","FTABAKE","Fia Tabaky/ Fia Tsabeake","Ember parrotfish/ scarus rubroviolaceus","TABAKE","AROTHRON NIGROPUNCTATUS","TABAKE"
"8818","H","Horita","Octopus","","","Horita"
"8819","FANGY","Fia Angy","Zebra angelfish/ genicanthus caudovittatus","","","Fia Angy"
"8820","FSOROBOA","Fia Soroboa","Giant or grayspotted Guitarfish/ rhynchobatus dijddensis or acroteriobatus leucospilus","","","Fia Soroboa"
"8821","BOZIKE","Bozike","Chicoreus ramosus","","","Bozike"
"8822","FTABAKE","Fia Tabaky/ Fia Tsabeake","Ember parrotfish/ scarus rubroviolaceus","TABAKE","AROTHRON NIGROPUNCTATUS","TABAKE"
"8823","H","Horita","Octopus","","","Horita"
"8824","H","Horita","Octopus","","","Horita"
"8825","FKAPITENE","Fia Kapitene","","","","Fia Kapitene"
"8826","FTSIFA","Fiantsifa","Naso unicornis","","","Fiantsifa"
"8827","FTSOY","Fia Tsoy","Mulloides auriflamma","TSOY","MULLOIDICHTHYS FLAVOLINEATUS, MULLOIDICHTHYS VANICAULEUSIS","TSOY"
"8828","FTSABEAKY","","","TSABEAKE","GNATHODENTEX AUROLINEATUS, LETHRINUS NEBULOSUS, LETHEINUS NEBULOSUS","TSABEAKE"
"8829","FBONDRO","Fia Bondro","","","","Fia Bondro"
"8830","FVORAMASAKE","Voramasake","","VORAMASAKE,VORAMASAEKE","SIGANUS SUTOR, SIGANUS STELLATUS, SIGANUS SUTOR<A0>, SIGANUS NETOR","VORAMASAKE,VORAMASAEKE"
"8831","FTSIFA","Fiantsifa","Naso unicornis","","","Fiantsifa"
"8832","H","Horita","Octopus","","","Horita"
"8833","FGOGO","Fia gogo","Madagascar sea catfish/ Arius madagascariensis","","","Fia gogo"
"8834","FTABAKE","Fia Tabaky/ Fia Tsabeake","Ember parrotfish/ scarus rubroviolaceus","TABAKE","AROTHRON NIGROPUNCTATUS","TABAKE"
"8835","ZANGA BENONO","Zanga Benono","White teatfish/ holothuria fuscogilva","","","Zanga Benono"
"8836","H","Horita","Octopus","","","Horita"
"8837","H","Horita","Octopus","","","Horita"
"8838","FSOROBOA","Fia Soroboa","Giant or grayspotted Guitarfish/ rhynchobatus dijddensis or acroteriobatus leucospilus","","","Fia Soroboa"
"8839","H","Horita","Octopus","","","Horita"
"8840","BOZIKE","Bozike","Chicoreus ramosus","","","Bozike"
"8841","H","Horita","Octopus","","","Horita"
"8842","H","Horita","Octopus","","","Horita"
"8843","H","Horita","Octopus","","","Horita"
"8844","FBONDRO","Fia Bondro","","","","Fia Bondro"
"8845","FVALALA","Valalataitse","","","","Valalataitse"
"8846","FLAMATRA","Lamatra","Kanadi Kingfish/ scombermorus plurilineatus","LAMATSA,LAMATRA,LAMANTRA,LAMANTRA","SCOMBEROMORUS COMMERSON, SCOMBEROIDES LYSAN, SCOBEROIDES LYSAN","LAMATSA,LAMATRA,LAMANTRA,LAMANTRA"
"8847","FANGY","Fia Angy","Zebra angelfish/ genicanthus caudovittatus","","","Fia Angy"
"8848","H","Horita","Octopus","","","Horita"
"8849","FSAVESAVE","Savisavy","Fish","","","Savisavy"
"8850","H","Horita","Octopus","","","Horita"
"8851","H","Horita","Octopus","","","Horita"
"8852","H","Horita","Octopus","","","Horita"
"8853","BOZIKE","Bozike","Chicoreus ramosus","","","Bozike"
"8854","FVORAMASAKE","Voramasake","","VORAMASAKE,VORAMASAEKE","SIGANUS SUTOR, SIGANUS STELLATUS, SIGANUS SUTOR<A0>, SIGANUS NETOR","VORAMASAKE,VORAMASAEKE"
"8855","H","Horita","Octopus","","","Horita"
"8856","FGOGO","Fia gogo","Madagascar sea catfish/ Arius madagascariensis","","","Fia gogo"
"8857","H","Horita","Octopus","","","Horita"
"8858","LAMERA","Lamera","eel","LAMAIRA,LAMAIRAKINA,LAMAIRA FESOTSE AMBATO,LAMAIRA KINA,LAMAIRANKENA","GYMNOTHORAX JAVANICUS, GYMNOMURAENA ZEBRA, ECHIDNA NEBULOSA, GYMNOTORAX JAVANICUS","LAMAIRA,LAMAIRAKINA,LAMAIRA FESOTSE AMBATO,LAMAIRA KINA,LAMAIRANKENA"
"8859","DRAKAKE","Drakake","Crab","","","Drakake"
"8860","H","Horita","Octopus","","","Horita"
"8861","H","Horita","Octopus","","","Horita"
"8862","FVORAMASAKE","Voramasake","","VORAMASAKE,VORAMASAEKE","SIGANUS SUTOR, SIGANUS STELLATUS, SIGANUS SUTOR<A0>, SIGANUS NETOR","VORAMASAKE,VORAMASAEKE"
"8863","FLOVO","Fia Lovo","Bluespotted or coral grouper / cephalopholis argus or cephalopholis miniata","LOVO","EPINEPHELUS FUSCOGUTTATUS, CEPHALOPHOLIS SEXMACULATA, CEPHALOPHOLIS MINIATA, ANYPERADON LEUCOGRAMMICUS, EPINEPHELUS CAERULEOPUNCTATUS, EPINEPHELUS FASCIATUS, PLECTROPOMUS PUNCTATUS, CEPHALOPHOLIS URODETA, CEPHALOPHOLIS SONNERATI, PLECTROPOMUS LAEVIS, EPINEPHELUS MULTINOTATUS, PLECTORHINCHUS ALBOVITTATUS, ANYPERODON LEUCOGRAMMICUS, CEPHALOPHOLIS SONNERATI<A0>, PLECTOPOMUS PUNCTATUS, PLECTOPOMUS LAEVIS, PLECTORHINCHUS ALBOVITATUS","LOVO"
"8864","H","Horita","Octopus","","","Horita"
"8865","FANGY","Fia Angy","Zebra angelfish/ genicanthus caudovittatus","","","Fia Angy"
"8866","H","Horita","Octopus","","","Horita"
"8867","H","Horita","Octopus","","","Horita"
"8868","H","Horita","Octopus","","","Horita"
"8869","FTABAKE","Fia Tabaky/ Fia Tsabeake","Ember parrotfish/ scarus rubroviolaceus","TABAKE","AROTHRON NIGROPUNCTATUS","TABAKE"
"8870","HNAKORA","Horita nakora","Octopus aegina","","","Horita nakora"
"8871","H","Horita","Octopus","","","Horita"
"8872","FGOGO","Fia gogo","Madagascar sea catfish/ Arius madagascariensis","","","Fia gogo"
"8873","A","Angisy","Squid","","","Angisy"
"8874","H","Horita","Octopus","","","Horita"
"8875","H","Horita","Octopus","","","Horita"
"8876","H","Horita","Octopus","","","Horita"
"8877","BOZIKE","Bozike","Chicoreus ramosus","","","Bozike"
"8878","HNAKOHO","Horita","Octopus","","","Horita"
"8879","H","Horita","Octopus","","","Horita"
"8880","H","Horita","Octopus","","","Horita"
"8881","H","Horita","Octopus","","","Horita"
"8882","H","Horita","Octopus","","","Horita"
"8883","A","Angisy","Squid","","","Angisy"
"8884","H","Horita","Octopus","","","Horita"
"8885","H","Horita","Octopus","","","Horita"
"8886","H","Horita","Octopus","","","Horita"
"8887","GOGO","Fia gogo","Madagascar sea catfish/ Arius madagascariensis","","","Fia gogo"
"8888","H","Horita","Octopus","","","Horita"
"8889","A","Angisy","Squid","","","Angisy"
"8890","H","Horita","Octopus","","","Horita"
"8891","H","Horita","Octopus","","","Horita"
"8892","H","Horita","Octopus","","","Horita"
"8893","H","Horita","Octopus","","","Horita"
"8894","FMAINTE","Fia Mainte?","","","","Fia Mainte?"
