Day of year,t,temp,,,,,
1,1/1/82,7.5,,,,,
2,1/2/82,7.3,,,,,
3,1/3/82,7.3,,,,,
4,1/4/82,7.3,,,,,
5,1/5/82,7.2,,,,,
6,1/6/82,7.2,,,,,
7,1/7/82,6.8,,,,,
8,1/8/82,6.7,,,,,
9,1/9/82,6.6,,,,,
10,1/10/82,6.3,,,,,
11,1/11/82,6.1,,,,,
12,1/12/82,5.9,,,,,
13,1/13/82,5.7,,,,,
14,1/14/82,5.7,,,,,
15,1/15/82,6.2,,,,,
16,1/16/82,6.2,,,,,
17,1/17/82,6.1,,,,,
18,1/18/82,5.3,,,,,
19,1/19/82,5.4,,,,,
20,1/20/82,5.6,,,,,
21,1/21/82,5.5,,,,,
22,1/22/82,5.4,,,,,
23,1/23/82,5.2,,,,,
24,1/24/82,5.2,,,,,
25,1/25/82,5.3,,,,,
26,1/26/82,5.4,,,,,
27,1/27/82,5.4,,,,,
28,1/28/82,5.5,,,,,
29,1/29/82,5.7,,,,,
30,1/30/82,5.6,,,,,
31,1/31/82,5.6,,,,,
32,2/1/82,6,,,,,
33,2/2/82,6,,,,,
34,2/3/82,6,,,,,
35,2/4/82,5.8,,,,,
36,2/5/82,5.8,,,,,
37,2/6/82,5.6,,,,,
38,2/7/82,5.4,,,,,
39,2/8/82,5.4,,,,,
40,2/9/82,5.5,,,,,
41,2/10/82,5.5,,,,,
42,2/11/82,5.5,,,,,
43,2/12/82,5.6,,,,,
44,2/13/82,5.5,,,,,
45,2/14/82,5.4,,,,,
46,2/15/82,5.5,,,,,
47,2/16/82,5.2,,,,,
48,2/17/82,5.1,,,,,
49,2/18/82,5.3,,,,,
50,2/19/82,5.3,,,,,
51,2/20/82,5.3,,,,,
52,2/21/82,5,,,,,
53,2/22/82,4.9,,,,,
54,2/23/82,5.3,,,,,
55,2/24/82,5.4,,,,,
56,2/25/82,5.2,,,,,
57,2/26/82,5.1,,,,,
58,2/27/82,4.9,,,,,
59,2/28/82,4.6,,,,,
60,3/1/82,4.3,,,,,
61,3/2/82,4.5,,,,,
62,3/3/82,4.5,,,,,
63,3/4/82,4.5,,,,,
64,3/5/82,4.5,,,,,
65,3/6/82,4.3,,,,,
66,3/7/82,4.2,,,,,
67,3/8/82,4.3,,,,,
68,3/9/82,4.3,,,,,
69,3/10/82,4.2,,,,,
70,3/11/82,4.3,,,,,
71,3/12/82,4.6,,,,,
72,3/13/82,4.5,,,,,
73,3/14/82,4.2,,,,,
74,3/15/82,4.3,,,,,
75,3/16/82,4.6,,,,,
76,3/17/82,4.6,,,,,
77,3/18/82,4.5,,,,,
78,3/19/82,4.6,,,,,
79,3/20/82,4.7, ,,,,
80,3/21/82,4.8,,,,,
81,3/22/82,4.6,,,,,
82,3/23/82,4.7,,,,,
83,3/24/82,5,,,,,
84,3/25/82,5.2,,,,,
85,3/26/82,5.2,,,,,
86,3/27/82,5.1,,,,,
87,3/28/82,5,,,,,
88,3/29/82,5.1,,,,,
89,3/30/82,5.2,,,,,
90,3/31/82,5.1,,,,,
91,4/1/82,4.9,,,,,
92,4/2/82,5,,,,,
93,4/3/82,5.1,,,,,
94,4/4/82,5,,,,,
95,4/5/82,4.8,,,,,
96,4/6/82,4.6,,,,,
97,4/7/82,4.5,,,,,
98,4/8/82,4.4,,,,,
99,4/9/82,4.5,,,,,
100,4/10/82,4.7,,,,,
101,4/11/82,4.8,,,,,
102,4/12/82,4.8,,,,,
103,4/13/82,4.8,,,,,
104,4/14/82,5.1,,,,,
105,4/15/82,5.3,,,,,
106,4/16/82,5.4,,,,,
107,4/17/82,5.5,,,,,
108,4/18/82,5.7,,,,,
109,4/19/82,5.9,,,,,
110,4/20/82,5.9,,,,,
111,4/21/82,5.8,,,,,
112,4/22/82,5.8,,,,,
113,4/23/82,5.8,,,,,
114,4/24/82,5.9,,,,,
115,4/25/82,6.4,,,,,
116,4/26/82,6.4,,,,,
117,4/27/82,6.5,,,,,
118,4/28/82,6.1,,,,,
119,4/29/82,6.1,,,,,
120,4/30/82,6.1,,,,,
121,5/1/82,6.5,,,,,
122,5/2/82,7,,,,,
123,5/3/82,6.9,,,,,
124,5/4/82,7.4,,,,,
125,5/5/82,7.8,,,,,
126,5/6/82,8,,,,,
127,5/7/82,7.8,,,,,
128,5/8/82,7.8,,,,,
129,5/9/82,7.8,,,,,
130,5/10/82,7.5,,,,,
131,5/11/82,7,,,,,
132,5/12/82,6.9,,,,,
133,5/13/82,7.2,,,,,
134,5/14/82,7.4,,,,,
135,5/15/82,7,,,,,
136,5/16/82,7.1,,,,,
137,5/17/82,8.6,,,,,
138,5/18/82,9,,,,,
139,5/19/82,8.6,,,,,
140,5/20/82,8.9,,,,,
141,5/21/82,9.5,,,,,
142,5/22/82,9.5,,,,,
143,5/23/82,9.6,,,,,
144,5/24/82,10.4,,,,,
145,5/25/82,10.8,,,,,
146,5/26/82,10.9,,,,,
147,5/27/82,10.6,,,,,
148,5/28/82,10.4,,,,,
149,5/29/82,10.4,,,,,
150,5/30/82,10.5,,,,,
151,5/31/82,10.4,,,,,
152,6/1/82,10.6,,,,,
153,6/2/82,11,,,,,
154,6/3/82,11.2,,,,,
155,6/4/82,11.2,,,,,
156,6/5/82,11.1,,,,,
157,6/6/82,11,,,,,
158,6/7/82,10.7,,,,,
159,6/8/82,10,,,,,
160,6/9/82,9,,,,,
161,6/10/82,9,,,,,
162,6/11/82,9.1,,,,,
163,6/12/82,9.2,,,,,
164,6/13/82,9.3,,,,,
165,6/14/82,9.6,,,,,
166,6/15/82,9.6,,,,,
167,6/16/82,9.7,,,,,
168,6/17/82,9.9,,,,,
169,6/18/82,10.2,,,,,
170,6/19/82,11,,,,,
171,6/20/82,10.8,,,,,
172,6/21/82,10.8,,,,,
173,6/22/82,11,,,,,
174,6/23/82,11.1,,,,,
175,6/24/82,11.2,,,,,
176,6/25/82,11.5,,,,,
177,6/26/82,11.9,,,,,
178,6/27/82,12.2,,,,,
179,6/28/82,12.3,,,,,
180,6/29/82,12.6,,,,,
181,6/30/82,12.5,,,,,
182,7/1/82,12.3,,,,,
183,7/2/82,12.1,,,,,
184,7/3/82,12.4,,,,,
185,7/4/82,12.6,,,,,
186,7/5/82,12.7,,,,,
187,7/6/82,12.8,,,,,
188,7/7/82,13.3,,,,,
189,7/8/82,14.1,,,,,
190,7/9/82,15,,,,,
191,7/10/82,15.2,,,,,
192,7/11/82,15.3,,,,,
193,7/12/82,15.6,,,,,
194,7/13/82,15.6,,,,,
195,7/14/82,15.6,,,,,
196,7/15/82,16,,,,,
197,7/16/82,16.4,,,,,
198,7/17/82,16.6,,,,,
199,7/18/82,16.3,,,,,
200,7/19/82,16.3,,,,,
201,7/20/82,16.3,,,,,
202,7/21/82,16.2,,,,,
203,7/22/82,15.4,,,,,
204,7/23/82,15.3,,,,,
205,7/24/82,15.4,,,,,
206,7/25/82,15.9,,,,,
207,7/26/82,16.2,,,,,
208,7/27/82,16.6,,,,,
209,7/28/82,15.6,,,,,
210,7/29/82,14.5,,,,,
211,7/30/82,14.9,,,,,
212,7/31/82,15.5,,,,,
213,8/1/82,15.9,,,,,
214,8/2/82,15.5,,,,,
215,8/3/82,15.3,,,,,
216,8/4/82,16,,,,,
217,8/5/82,16.1,,,,,
218,8/6/82,16.1,,,,,
219,8/7/82,16.2,,,,,
220,8/8/82,16.3,,,,,
221,8/9/82,17,,,,,
222,8/10/82,17.3,,,,,
223,8/11/82,17,,,,,
224,8/12/82,16.9,,,,,
225,8/13/82,16.4,,,,,
226,8/14/82,16.4,,,,,
227,8/15/82,16.4,,,,,
228,8/16/82,16.8,,,,,
229,8/17/82,16.7,,,,,
230,8/18/82,16.3,,,,,
231,8/19/82,16.1,,,,,
232,8/20/82,16,,,,,
233,8/21/82,15.5,,,,,
234,8/22/82,15.4,,,,,
235,8/23/82,15.4,,,,,
236,8/24/82,15.9,,,,,
237,8/25/82,15,,,,,
238,8/26/82,14.3,,,,,
239,8/27/82,14.3,,,,,
240,8/28/82,14.4,,,,,
241,8/29/82,14.3,,,,,
242,8/30/82,14.5,,,,,
243,8/31/82,14.4,,,,,
244,9/1/82,14.3,,,,,
245,9/2/82,14.3,,,,,
246,9/3/82,14.2,,,,,
247,9/4/82,14.1,,,,,
248,9/5/82,14,,,,,
249,9/6/82,14,,,,,
250,9/7/82,14.7,,,,,
251,9/8/82,14.7,,,,,
252,9/9/82,14.8,,,,,
253,9/10/82,14.8,,,,,
254,9/11/82,14.9,,,,,
255,9/12/82,15,,,,,
256,9/13/82,14.9,,,,,
257,9/14/82,15.3,,,,,
258,9/15/82,14.8,,,,,
259,9/16/82,14.1,,,,,
260,9/17/82,15.1,,,,,
261,9/18/82,15.4,,,,,
262,9/19/82,15.3,,,,,
263,9/20/82,15,,,,,
264,9/21/82,14.5,,,,,
265,9/22/82,14.1,,,,,
266,9/23/82,13.9,,,,,
267,9/24/82,13.9,,,,,
268,9/25/82,13.9,,,,,
269,9/26/82,13.9,,,,,
270,9/27/82,14,,,,,
271,9/28/82,14,,,,,
272,9/29/82,14.3,,,,,
273,9/30/82,14.2,,,,,
274,10/1/82,13.8,,,,,
275,10/2/82,13.4,,,,,
276,10/3/82,13.8,,,,,
277,10/4/82,14.2,,,,,
278,10/5/82,14.1,,,,,
279,10/6/82,13.8,,,,,
280,10/7/82,13.5,,,,,
281,10/8/82,13.2,,,,,
282,10/9/82,12.7,,,,,
283,10/10/82,12.3,,,,,
284,10/11/82,12.4,,,,,
285,10/12/82,12.7,,,,,
286,10/13/82,12.8,,,,,
287,10/14/82,12.6,,,,,
288,10/15/82,12.5,,,,,
289,10/16/82,12.4,,,,,
290,10/17/82,12.1,,,,,
291,10/18/82,12,,,,,
292,10/19/82,12,,,,,
293,10/20/82,11.9,,,,,
294,10/21/82,12,,,,,
295,10/22/82,12,,,,,
296,10/23/82,11.7,,,,,
297,10/24/82,11.4,,,,,
298,10/25/82,11.2,,,,,
299,10/26/82,11.2,,,,,
300,10/27/82,11.5,,,,,
301,10/28/82,11.6,,,,,
302,10/29/82,11.7,,,,,
303,10/30/82,11.6,,,,,
304,10/31/82,11.8,,,,,
305,11/1/82,12.1,,,,,
306,11/2/82,12,,,,,
307,11/3/82,12.1,,,,,
308,11/4/82,12.6,,,,,
309,11/5/82,12.4,,,,,
310,11/6/82,11.8,,,,,
311,11/7/82,11.9,,,,,
312,11/8/82,11.9,,,,,
313,11/9/82,11.5,,,,,
314,11/10/82,11,,,,,
315,11/11/82,10.7,,,,,
316,11/12/82,10.7,,,,,
317,11/13/82,10.7,,,,,
318,11/14/82,10.7,,,,,
319,11/15/82,10.6,,,,,
320,11/16/82,10.2,,,,,
321,11/17/82,10,,,,,
322,11/18/82,9.9,,,,,
323,11/19/82,10,,,,,
324,11/20/82,10.2,,,,,
325,11/21/82,10.2,,,,,
326,11/22/82,10.1,,,,,
327,11/23/82,10,,,,,
328,11/24/82,9.8,,,,,
329,11/25/82,9.7,,,,,
330,11/26/82,9.7,,,,,
331,11/27/82,9.6,,,,,
332,11/28/82,9.7,,,,,
333,11/29/82,9.6,,,,,
334,11/30/82,9.5,,,,,
335,12/1/82,10,,,,,
336,12/2/82,10,,,,,
337,12/3/82,9.9,,,,,
338,12/4/82,9.3,,,,,
339,12/5/82,9.1,,,,,
340,12/6/82,9,,,,,
341,12/7/82,9.1,,,,,
342,12/8/82,9.1,,,,,
343,12/9/82,9.1,,,,,
344,12/10/82,8.9,,,,,
345,12/11/82,8.8,,,,,
346,12/12/82,8.5,,,,,
347,12/13/82,8.5,,,,,
348,12/14/82,8.6,,,,,
349,12/15/82,8.7,,,,,
350,12/16/82,8.7,,,,,
351,12/17/82,8.6,,,,,
352,12/18/82,8.4,,,,,
353,12/19/82,8.2,,,,,
354,12/20/82,8.3,,,,,
355,12/21/82,8.4,,,,,
356,12/22/82,8.5,,,,,
357,12/23/82,8.4,,,,,
358,12/24/82,8.3,,,,,
359,12/25/82,8.2,,,,,
360,12/26/82,8.5,,,,,
361,12/27/82,8.6,,,,,
362,12/28/82,8.6,,,,,
363,12/29/82,8.2,,,,,
364,12/30/82,8,,,,,
365,12/31/82,7.8,,,,,
1,1/1/83,7.7,,,,,
2,1/2/83,7.9,,,,,
3,1/3/83,8,,,,,
4,1/4/83,7.8,,,,,
5,1/5/83,7.6,,,,,
6,1/6/83,7.6,,,,,
7,1/7/83,7.7,,,,,
8,1/8/83,7.8,,,,,
9,1/9/83,7.8,,,,,
10,1/10/83,7.8,,,,,
11,1/11/83,7.8,,,,,
12,1/12/83,7.7,,,,,
13,1/13/83,7.7,,,,,
14,1/14/83,7.6,,,,,
15,1/15/83,7.5,,,,,
16,1/16/83,7.4,,,,,
17,1/17/83,7.1,,,,,
18,1/18/83,6.6,,,,,
19,1/19/83,6.8,,,,,
20,1/20/83,6.9,,,,,
21,1/21/83,6.8,,,,,
22,1/22/83,6.5,,,,,
23,1/23/83,6.5,,,,,
24,1/24/83,6.9,,,,,
25,1/25/83,6.8,,,,,
26,1/26/83,6.7,,,,,
27,1/27/83,6.6,,,,,
28,1/28/83,6.4,,,,,
29,1/29/83,6.5,,,,,
30,1/30/83,6.4,,,,,
31,1/31/83,6.6,,,,,
32,2/1/83,6.7,,,,,
33,2/2/83,6.6,,,,,
34,2/3/83,6.3,,,,,
35,2/4/83,6.4,,,,,
36,2/5/83,6.4,,,,,
37,2/6/83,6.3,,,,,
38,2/7/83,6.3,,,,,
39,2/8/83,6,,,,,
40,2/9/83,6,,,,,
41,2/10/83,6,,,,,
42,2/11/83,6,,,,,
43,2/12/83,6.1,,,,,
44,2/13/83,6.1,,,,,
45,2/14/83,6.1,,,,,
46,2/15/83,6.1,,,,,
47,2/16/83,6.1,,,,,
48,2/17/83,6,,,,,
49,2/18/83,5.9,,,,,
50,2/19/83,5.9,,,,,
51,2/20/83,5.9,,,,,
52,2/21/83,6,,,,,
53,2/22/83,6.1,,,,,
54,2/23/83,6.1,,,,,
55,2/24/83,5.6,,,,,
56,2/25/83,5.4,,,,,
57,2/26/83,5.3,,,,,
58,2/27/83,5.4,,,,,
59,2/28/83,5.5,,,,,
60,3/1/83,5.5,,,,,
61,3/2/83,5.3,,,,,
62,3/3/83,5.7,,,,,
63,3/4/83,5.7,,,,,
64,3/5/83,5.6,,,,,
65,3/6/83,5.4,,,,,
66,3/7/83,5.4,,,,,
67,3/8/83,5.2,,,,,
68,3/9/83,5.1,,,,,
69,3/10/83,5.1,,,,,
70,3/11/83,5.1,,,,,
71,3/12/83,5.1,,,,,
72,3/13/83,5.5,,,,,
73,3/14/83,5.5,,,,,
74,3/15/83,5.6,,,,,
75,3/16/83,5.5,,,,,
76,3/17/83,5.4,,,,,
77,3/18/83,5.4,,,,,
78,3/19/83,5.5,,,,,
79,3/20/83,5.6,,,,,
80,3/21/83,5.6,,,,,
81,3/22/83,5.5,,,,,
82,3/23/83,5.3,,,,,
83,3/24/83,5.3,,,,,
84,3/25/83,5.4,,,,,
85,3/26/83,5.4,,,,,
86,3/27/83,5.4,,,,,
87,3/28/83,5.3,,,,,
88,3/29/83,5.1,,,,,
89,3/30/83,5.2,,,,,
90,3/31/83,5.3,,,,,
91,4/1/83,5.3,,,,,
92,4/2/83,5,,,,,
93,4/3/83,5,,,,,
94,4/4/83,5.4,,,,,
95,4/5/83,5.6,,,,,
96,4/6/83,5.7,,,,,
97,4/7/83,5.7,,,,,
98,4/8/83,5.9,,,,,
99,4/9/83,6.2,,,,,
100,4/10/83,6.2,,,,,
101,4/11/83,5.6,,,,,
102,4/12/83,5.7,,,,,
103,4/13/83,5.8,,,,,
104,4/14/83,5.4,,,,,
105,4/15/83,5.2,,,,,
106,4/16/83,5.4,,,,,
107,4/17/83,5.3,,,,,
108,4/18/83,5.3,,,,,
109,4/19/83,5.2,,,,,
110,4/20/83,5.2,,,,,
111,4/21/83,5.3,,,,,
112,4/22/83,5.9,,,,,
113,4/23/83,6.1,,,,,
114,4/24/83,6.1,,,,,
115,4/25/83,6.4,,,,,
116,4/26/83,6.7,,,,,
117,4/27/83,6.6,,,,,
118,4/28/83,6.7,,,,,
119,4/29/83,7.1,,,,,
120,4/30/83,7.3,,,,,
121,5/1/83,7.4,,,,,
122,5/2/83,7.3,,,,,
123,5/3/83,7.3,,,,,
124,5/4/83,7.4,,,,,
125,5/5/83,8,,,,,
126,5/6/83,8.5,,,,,
127,5/7/83,8.6,,,,,
128,5/8/83,8.6,,,,,
129,5/9/83,8.1,,,,,
130,5/10/83,7.8,,,,,
131,5/11/83,7.8,,,,,
132,5/12/83,8.2,,,,,
133,5/13/83,8,,,,,
134,5/14/83,7.9,,,,,
135,5/15/83,8,,,,,
136,5/16/83,8.2,,,,,
137,5/17/83,7.9,,,,,
138,5/18/83,7.9,,,,,
139,5/19/83,8,,,,,
140,5/20/83,8.2,,,,,
141,5/21/83,8.3,,,,,
142,5/22/83,9.4,,,,,
143,5/23/83,10.3,,,,,
144,5/24/83,10.3,,,,,
145,5/25/83,9.8,,,,,
146,5/26/83,9.4,,,,,
147,5/27/83,8.6,,,,,
148,5/28/83,8.6,,,,,
149,5/29/83,8.7,,,,,
150,5/30/83,8.6,,,,,
151,5/31/83,9.3,,,,,
152,6/1/83,9.5,,,,,
153,6/2/83,9.7,,,,,
154,6/3/83,10,,,,,
155,6/4/83,9.9,,,,,
156,6/5/83,10,,,,,
157,6/6/83,10.1,,,,,
158,6/7/83,10.3,,,,,
159,6/8/83,10.3,,,,,
160,6/9/83,10.3,,,,,
161,6/10/83,10.5,,,,,
162,6/11/83,10.7,,,,,
163,6/12/83,11.3,,,,,
164,6/13/83,12,,,,,
165,6/14/83,12.1,,,,,
166,6/15/83,12.3,,,,,
167,6/16/83,12.3,,,,,
168,6/17/83,12.9,,,,,
169,6/18/83,13.7,,,,,
170,6/19/83,14.6,,,,,
171,6/20/83,14.9,,,,,
172,6/21/83,14.7,,,,,
173,6/22/83,15,,,,,
174,6/23/83,15.2,,,,,
175,6/24/83,15.2,,,,,
176,6/25/83,14.2,,,,,
177,6/26/83,13.8,,,,,
178,6/27/83,13.8,,,,,
179,6/28/83,13.8,,,,,
180,6/29/83,14.2,,,,,
181,6/30/83,14.6,,,,,
182,7/1/83,14.6,,,,,
183,7/2/83,14.7,,,,,
184,7/3/83,14.8,,,,,
185,7/4/83,15,,,,,
186,7/5/83,15.3,,,,,
187,7/6/83,14.7,,,,,
188,7/7/83,14.6,,,,,
189,7/8/83,14.7,,,,,
190,7/9/83,14.7,,,,,
191,7/10/83,14.8,,,,,
192,7/11/83,15,,,,,
193,7/12/83,15.2,,,,,
194,7/13/83,15.5,,,,,
195,7/14/83,15.7,,,,,
196,7/15/83,15.7,,,,,
197,7/16/83,15.6,,,,,
198,7/17/83,15.4,,,,,
199,7/18/83,15.4,,,,,
200,7/19/83,15.9,,,,,
201,7/20/83,16.3,,,,,
202,7/21/83,16.1,,,,,
203,7/22/83,14.8,,,,,
204,7/23/83,14.4,,,,,
205,7/24/83,14.4,,,,,
206,7/25/83,14.4,,,,,
207,7/26/83,14.9,,,,,
208,7/27/83,15.5,,,,,
209,7/28/83,15.5,,,,,
210,7/29/83,15.4,,,,,
211,7/30/83,15.3,,,,,
212,7/31/83,16.2,,,,,
213,8/1/83,16.3,,,,,
214,8/2/83,16.2,,,,,
215,8/3/83,16.5,,,,,
216,8/4/83,16.8,,,,,
217,8/5/83,16.8,,,,,
218,8/6/83,16.9,,,,,
219,8/7/83,17.4,,,,,
220,8/8/83,17.4,,,,,
221,8/9/83,17.1,,,,,
222,8/10/83,17,,,,,
223,8/11/83,16.7,,,,,
224,8/12/83,14.5,,,,,
225,8/13/83,14.5,,,,,
226,8/14/83,14.9,,,,,
227,8/15/83,15.3,,,,,
228,8/16/83,15.3,,,,,
229,8/17/83,15.4,,,,,
230,8/18/83,15.6,,,,,
231,8/19/83,15.6,,,,,
232,8/20/83,15.7,,,,,
233,8/21/83,15.6,,,,,
234,8/22/83,15.6,,,,,
235,8/23/83,15.5,,,,,
236,8/24/83,15.8,,,,,
237,8/25/83,15.8,,,,,
238,8/26/83,15.9,,,,,
239,8/27/83,16.1,,,,,
240,8/28/83,16.4,,,,,
241,8/29/83,15.8,,,,,
242,8/30/83,15.4,,,,,
243,8/31/83,15.4,,,,,
244,9/1/83,16.2,,,,,
245,9/2/83,16.2,,,,,
246,9/3/83,16.3,,,,,
247,9/4/83,16.6,,,,,
248,9/5/83,16.8,,,,,
249,9/6/83,17,,,,,
250,9/7/83,17.1,,,,,
251,9/8/83,16.9,,,,,
252,9/9/83,16.7,,,,,
253,9/10/83,16.7,,,,,
254,9/11/83,16.9,,,,,
255,9/12/83,17,,,,,
256,9/13/83,17,,,,,
257,9/14/83,15.2,,,,,
258,9/15/83,15.2,,,,,
259,9/16/83,15.2,,,,,
260,9/17/83,15,,,,,
261,9/18/83,15.4,,,,,
262,9/19/83,15.3,,,,,
263,9/20/83,15.4,,,,,
264,9/21/83,15.6,,,,,
265,9/22/83,15.7,,,,,
266,9/23/83,15.5,,,,,
267,9/24/83,15.4,,,,,
268,9/25/83,15.4,,,,,
269,9/26/83,15.2,,,,,
270,9/27/83,14.9,,,,,
271,9/28/83,14.5,,,,,
272,9/29/83,14.7,,,,,
273,9/30/83,14.8,,,,,
274,10/1/83,14.9,,,,,
275,10/2/83,15.1,,,,,
276,10/3/83,15.2,,,,,
277,10/4/83,15.3,,,,,
278,10/5/83,14.5,,,,,
279,10/6/83,14.3,,,,,
280,10/7/83,14.2,,,,,
281,10/8/83,14.2,,,,,
282,10/9/83,14,,,,,
283,10/10/83,13.8,,,,,
284,10/11/83,13.7,,,,,
285,10/12/83,13.8,,,,,
286,10/13/83,14.2,,,,,
287,10/14/83,13.5,,,,,
288,10/15/83,13.4,,,,,
289,10/16/83,13.1,,,,,
290,10/17/83,13,,,,,
291,10/18/83,13.1,,,,,
292,10/19/83,12.9,,,,,
293,10/20/83,12.7,,,,,
294,10/21/83,12.4,,,,,
295,10/22/83,12.4,,,,,
296,10/23/83,12.3,,,,,
297,10/24/83,12.2,,,,,
298,10/25/83,11.8,,,,,
299,10/26/83,11.7,,,,,
300,10/27/83,11.7,,,,,
301,10/28/83,11.6,,,,,
302,10/29/83,11.6,,,,,
303,10/30/83,11.4,,,,,
304,10/31/83,11.3,,,,,
305,11/1/83,11.3,,,,,
306,11/2/83,11.3,,,,,
307,11/3/83,11.3,,,,,
308,11/4/83,11.3,,,,,
309,11/5/83,11.2,,,,,
310,11/6/83,11.6,,,,,
311,11/7/83,11.5,,,,,
312,11/8/83,11.4,,,,,
313,11/9/83,11.5,,,,,
314,11/10/83,11.5,,,,,
315,11/11/83,11.9,,,,,
316,11/12/83,11.2,,,,,
317,11/13/83,10.7,,,,,
318,11/14/83,10.5,,,,,
319,11/15/83,10.4,,,,,
320,11/16/83,10.3,,,,,
321,11/17/83,10.3,,,,,
322,11/18/83,10.5,,,,,
323,11/19/83,10.5,,,,,
324,11/20/83,10.4,,,,,
325,11/21/83,9.7,,,,,
326,11/22/83,9.7,,,,,
327,11/23/83,10,,,,,
328,11/24/83,10,,,,,
329,11/25/83,9.5,,,,,
330,11/26/83,9.4,,,,,
331,11/27/83,9.5,,,,,
332,11/28/83,9.5,,,,,
333,11/29/83,9.2,,,,,
334,11/30/83,9.1,,,,,
335,12/1/83,9,,,,,
336,12/2/83,8.8,,,,,
337,12/3/83,8.7,,,,,
338,12/4/83,8.7,,,,,
339,12/5/83,8.7,,,,,
340,12/6/83,8.9,,,,,
341,12/7/83,9,,,,,
342,12/8/83,8.9,,,,,
343,12/9/83,8.8,,,,,
344,12/10/83,8.7,,,,,
345,12/11/83,8.1,,,,,
346,12/12/83,8,,,,,
347,12/13/83,8,,,,,
348,12/14/83,8.5,,,,,
349,12/15/83,8.8,,,,,
350,12/16/83,8.9,,,,,
351,12/17/83,8.7,,,,,
352,12/18/83,8.6,,,,,
353,12/19/83,8.4,,,,,
354,12/20/83,8.2,,,,,
355,12/21/83,8.3,,,,,
356,12/22/83,8.3,,,,,
357,12/23/83,8.3,,,,,
358,12/24/83,8.1,,,,,
359,12/25/83,7.6,,,,,
360,12/26/83,7.6,,,,,
361,12/27/83,7.3,,,,,
362,12/28/83,7.1,,,,,
363,12/29/83,7.6,,,,,
364,12/30/83,7.8,,,,,
365,12/31/83,7.7,,,,,
1,1/1/84,7.5,,,,,
2,1/2/84,7.2,,,,,
3,1/3/84,7.2,,,,,
4,1/4/84,7.1,,,,,
5,1/5/84,6.7,,,,,
6,1/6/84,6.7,,,,,
7,1/7/84,6.6,,,,,
8,1/8/84,6.6,,,,,
9,1/9/84,6.5,,,,,
10,1/10/84,6.5,,,,,
11,1/11/84,6.5,,,,,
12,1/12/84,6.4,,,,,
13,1/13/84,6.3,,,,,
14,1/14/84,6.2,,,,,
15,1/15/84,6,,,,,
16,1/16/84,5.9,,,,,
17,1/17/84,6.2,,,,,
18,1/18/84,6.2,,,,,
19,1/19/84,6,,,,,
20,1/20/84,5.7,,,,,
21,1/21/84,5.7,,,,,
22,1/22/84,6,,,,,
23,1/23/84,6.1,,,,,
24,1/24/84,6,,,,,
25,1/25/84,5.9,,,,,
26,1/26/84,6,,,,,
27,1/27/84,6,,,,,
28,1/28/84,6,,,,,
29,1/29/84,5.9,,,,,
30,1/30/84,5.7,,,,,
31,1/31/84,6,,,,,
32,2/1/84,6.2,,,,,
33,2/2/84,6.3,,,,,
34,2/3/84,6.3,,,,,
35,2/4/84,6.2,,,,,
36,2/5/84,6,,,,,
37,2/6/84,5.8,,,,,
38,2/7/84,5.5,,,,,
39,2/8/84,5.4,,,,,
40,2/9/84,5.3,,,,,
41,2/10/84,5.2,,,,,
42,2/11/84,5.3,,,,,
43,2/12/84,5.5,,,,,
44,2/13/84,5.4,,,,,
45,2/14/84,5.4,,,,,
46,2/15/84,5.3,,,,,
47,2/16/84,5.4,,,,,
48,2/17/84,5.4,,,,,
49,2/18/84,5.4,,,,,
50,2/19/84,5.3,,,,,
51,2/20/84,5.3,,,,,
52,2/21/84,5.2,,,,,
53,2/22/84,5.1,,,,,
54,2/23/84,5,,,,,
55,2/24/84,5.3,,,,,
56,2/25/84,5.4,,,,,
57,2/26/84,6.3,,,,,
58,2/27/84,6.3,,,,,
59,2/28/84,6.2,,,,,
60,2/29/84,6,,,,,
61,3/1/84,5.8,,,,,
62,3/2/84,5.3,,,,,
63,3/3/84,5.2,,,,,
64,3/4/84,5.3,,,,,
65,3/5/84,5.2,,,,,
66,3/6/84,5.1,,,,,
67,3/7/84,5,,,,,
68,3/8/84,5,,,,,
69,3/9/84,4.9,,,,,
70,3/10/84,4.8,,,,,
71,3/11/84,4.9,,,,,
72,3/12/84,4.9,,,,,
73,3/13/84,4.9,,,,,
74,3/14/84,4.8,,,,,
75,3/15/84,5.7,,,,,
76,3/16/84,5.7,,,,,
77,3/17/84,5.5,,,,,
78,3/18/84,4.8,,,,,
79,3/19/84,4.6,,,,,
80,3/20/84,4.4,,,,,
81,3/21/84,4.4,,,,,
82,3/22/84,4.4,,,,,
83,3/23/84,4.5,,,,,
84,3/24/84,5.1,,,,,
85,3/25/84,5.2,,,,,
86,3/26/84,5.1,,,,,
87,3/27/84,5.2,,,,,
88,3/28/84,5.2,,,,,
89,3/29/84,5.2,,,,,
90,3/30/84,5,,,,,
91,3/31/84,5.5,,,,,
92,4/1/84,5.5,,,,,
93,4/2/84,5.1,,,,,
94,4/3/84,5.4,,,,,
95,4/4/84,5.5,,,,,
96,4/5/84,5.6,,,,,
97,4/6/84,5.4,,,,,
98,4/7/84,5.2,,,,,
99,4/8/84,4.9,,,,,
100,4/9/84,4.8,,,,,
101,4/10/84,4.8,,,,,
102,4/11/84,4.8,,,,,
103,4/12/84,4.9,,,,,
104,4/13/84,5.2,,,,,
105,4/14/84,5.3,,,,,
106,4/15/84,5.3,,,,,
107,4/16/84,5.5,,,,,
108,4/17/84,5.5,,,,,
109,4/18/84,5.4,,,,,
110,4/19/84,5.1,,,,,
111,4/20/84,5.1,,,,,
112,4/21/84,5.4,,,,,
113,4/22/84,5.4,,,,,
114,4/23/84,5.5,,,,,
115,4/24/84,5.4,,,,,
116,4/25/84,5.4,,,,,
117,4/26/84,5.6,,,,,
118,4/27/84,5.6,,,,,
119,4/28/84,5.7,,,,,
120,4/29/84,5.7,,,,,
121,4/30/84,5.7,,,,,
122,5/1/84,6.1,,,,,
123,5/2/84,6.1,,,,,
124,5/3/84,6,,,,,
125,5/4/84,6.1,,,,,
126,5/5/84,6.5,,,,,
127,5/6/84,6.5,,,,,
128,5/7/84,6.5,,,,,
129,5/8/84,6.7,,,,,
130,5/9/84,6.6,,,,,
131,5/10/84,6.6,,,,,
132,5/11/84,6.6,,,,,
133,5/12/84,6.6,,,,,
134,5/13/84,6.6,,,,,
135,5/14/84,7.4,,,,,
136,5/15/84,7.8,,,,,
137,5/16/84,8.1,,,,,
138,5/17/84,7.7,,,,,
139,5/18/84,7.6,,,,,
140,5/19/84,7.6,,,,,
141,5/20/84,7.8,,,,,
142,5/21/84,8.2,,,,,
143,5/22/84,8.7,,,,,
144,5/23/84,8.9,,,,,
145,5/24/84,9.2,,,,,
146,5/25/84,9.2,,,,,
147,5/26/84,9.2,,,,,
148,5/27/84,9.2,,,,,
149,5/28/84,9.3,,,,,
150,5/29/84,9.2,,,,,
151,5/30/84,9,,,,,
152,5/31/84,8.9,,,,,
153,6/1/84,8.8,,,,,
154,6/2/84,9,,,,,
155,6/3/84,9,,,,,
156,6/4/84,9.1,,,,,
157,6/5/84,9.6,,,,,
158,6/6/84,9.6,,,,,
159,6/7/84,10,,,,,
160,6/8/84,10.4,,,,,
161,6/9/84,10.8,,,,,
162,6/10/84,11,,,,,
163,6/11/84,11.3,,,,,
164,6/12/84,11.4,,,,,
165,6/13/84,12.2,,,,,
166,6/14/84,12.1,,,,,
167,6/15/84,12,,,,,
168,6/16/84,12.2,,,,,
169,6/17/84,12.3,,,,,
170,6/18/84,12.3,,,,,
171,6/19/84,12.3,,,,,
172,6/20/84,12.9,,,,,
173,6/21/84,13,,,,,
174,6/22/84,13.2,,,,,
175,6/23/84,13.4,,,,,
176,6/24/84,13.5,,,,,
177,6/25/84,13,,,,,
178,6/26/84,12.5,,,,,
179,6/27/84,13.4,,,,,
180,6/28/84,13.7,,,,,
181,6/29/84,13.9,,,,,
182,6/30/84,14.6,,,,,
183,7/1/84,14.7,,,,,
184,7/2/84,14.8,,,,,
185,7/3/84,14.8,,,,,
186,7/4/84,14.9,,,,,
187,7/5/84,15,,,,,
188,7/6/84,15,,,,,
189,7/7/84,15.1,,,,,
190,7/8/84,14.3,,,,,
191,7/9/84,14.5,,,,,
192,7/10/84,14.9,,,,,
193,7/11/84,15.2,,,,,
194,7/12/84,15.5,,,,,
195,7/13/84,15.7,,,,,
196,7/14/84,16,,,,,
197,7/15/84,16.1,,,,,
198,7/16/84,16.2,,,,,
199,7/17/84,16,,,,,
200,7/18/84,16.3,,,,,
201,7/19/84,16.5,,,,,
202,7/20/84,16.6,,,,,
203,7/21/84,16.9,,,,,
204,7/22/84,16.8,,,,,
205,7/23/84,16.7,,,,,
206,7/24/84,16.2,,,,,
207,7/25/84,16.2,,,,,
208,7/26/84,16.4,,,,,
209,7/27/84,16.7,,,,,
210,7/28/84,16.5,,,,,
211,7/29/84,16.6,,,,,
212,7/30/84,16.4,,,,,
213,7/31/84,16.4,,,,,
214,8/1/84,16.8,,,,,
215,8/2/84,17.3,,,,,
216,8/3/84,17.4,,,,,
217,8/4/84,17.5,,,,,
218,8/5/84,18.1,,,,,
219,8/6/84,18.4,,,,,
220,8/7/84,18.6,,,,,
221,8/8/84,18.3,,,,,
222,8/9/84,17.4,,,,,
223,8/10/84,17.1,,,,,
224,8/11/84,17.4,,,,,
225,8/12/84,18,,,,,
226,8/13/84,18.3,,,,,
227,8/14/84,18.6,,,,,
228,8/15/84,19.2,,,,,
229,8/16/84,19.1,,,,,
230,8/17/84,18.7,,,,,
231,8/18/84,18.3,,,,,
232,8/19/84,18.3,,,,,
233,8/20/84,17.8,,,,,
234,8/21/84,17.9,,,,,
235,8/22/84,18,,,,,
236,8/23/84,17.7,,,,,
237,8/24/84,17.2,,,,,
238,8/25/84,17.3,,,,,
239,8/26/84,17.5,,,,,
240,8/27/84,17.5,,,,,
241,8/28/84,17.6,,,,,
242,8/29/84,17.5,,,,,
243,8/30/84,17.5,,,,,
244,8/31/84,17.4,,,,,
245,9/1/84,16.9,,,,,
246,9/2/84,16.7,,,,,
247,9/3/84,16.7,,,,,
248,9/4/84,16.5,,,,,
249,9/5/84,15.3,,,,,
250,9/6/84,15.5,,,,,
251,9/7/84,15.6,,,,,
252,9/8/84,15.4,,,,,
253,9/9/84,15.3,,,,,
254,9/10/84,15.6,,,,,
255,9/11/84,15.9,,,,,
256,9/12/84,15.7,,,,,
257,9/13/84,15.6,,,,,
258,9/14/84,15.6,,,,,
259,9/15/84,14.6,,,,,
260,9/16/84,14.3,,,,,
261,9/17/84,14.3,,,,,
262,9/18/84,14.5,,,,,
263,9/19/84,14.6,,,,,
264,9/20/84,14.7,,,,,
265,9/21/84,14.4,,,,,
266,9/22/84,14.5,,,,,
267,9/23/84,14.7,,,,,
268,9/24/84,15,,,,,
269,9/25/84,15,,,,,
270,9/26/84,15,,,,,
271,9/27/84,14.1,,,,,
272,9/28/84,13.9,,,,,
273,9/29/84,13.8,,,,,
274,9/30/84,13.9,,,,,
275,10/1/84,13.9,,,,,
276,10/2/84,13.1,,,,,
277,10/3/84,12.8,,,,,
278,10/4/84,12.9,,,,,
279,10/5/84,12.8,,,,,
280,10/6/84,12.7,,,,,
281,10/7/84,12.6,,,,,
282,10/8/84,12.6,,,,,
283,10/9/84,12.4,,,,,
284,10/10/84,12.4,,,,,
285,10/11/84,12.4,,,,,
286,10/12/84,12.6,,,,,
287,10/13/84,12.4,,,,,
288,10/14/84,11.8,,,,,
289,10/15/84,11.9,,,,,
290,10/16/84,12.2,,,,,
291,10/17/84,12.4,,,,,
292,10/18/84,12.2,,,,,
293,10/19/84,12,,,,,
294,10/20/84,12.3,,,,,
295,10/21/84,12.4,,,,,
296,10/22/84,12.6,,,,,
297,10/23/84,12.4,,,,,
298,10/24/84,12.1,,,,,
299,10/25/84,12.2,,,,,
300,10/26/84,12.3,,,,,
301,10/27/84,12.2,,,,,
302,10/28/84,12.6,,,,,
303,10/29/84,12.7,,,,,
304,10/30/84,12.4,,,,,
305,10/31/84,12.4,,,,,
306,11/1/84,12.5,,,,,
307,11/2/84,12.2,,,,,
308,11/3/84,11.8,,,,,
309,11/4/84,11.1,,,,,
310,11/5/84,11.3,,,,,
311,11/6/84,11.7,,,,,
312,11/7/84,11.6,,,,,
313,11/8/84,11.5,,,,,
314,11/9/84,11.4,,,,,
315,11/10/84,11.5,,,,,
316,11/11/84,11.6,,,,,
317,11/12/84,11.5,,,,,
318,11/13/84,11.3,,,,,
319,11/14/84,11.2,,,,,
320,11/15/84,11.1,,,,,
321,11/16/84,10.9,,,,,
322,11/17/84,10.7,,,,,
323,11/18/84,10.7,,,,,
324,11/19/84,10.6,,,,,
325,11/20/84,10.3,,,,,
326,11/21/84,10.1,,,,,
327,11/22/84,10.1,,,,,
328,11/23/84,10.1,,,,,
329,11/24/84,9.9,,,,,
330,11/25/84,10.1,,,,,
331,11/26/84,10.2,,,,,
332,11/27/84,10,,,,,
333,11/28/84,9.8,,,,,
334,11/29/84,10.2,,,,,
335,11/30/84,10.2,,,,,
336,12/1/84,10.1,,,,,
337,12/2/84,9.7,,,,,
338,12/3/84,9.7,,,,,
339,12/4/84,9.6,,,,,
340,12/5/84,9.5,,,,,
341,12/6/84,9.3,,,,,
342,12/7/84,9.2,,,,,
343,12/8/84,9.2,,,,,
344,12/9/84,9.1,,,,,
345,12/10/84,9,,,,,
346,12/11/84,8.6,,,,,
347,12/12/84,9.4,,,,,
348,12/13/84,9.6,,,,,
349,12/14/84,9.5,,,,,
350,12/15/84,8.9,,,,,
351,12/16/84,8.9,,,,,
352,12/17/84,8.9,,,,,
353,12/18/84,8.9,,,,,
354,12/19/84,9,,,,,
355,12/20/84,9.4,,,,,
356,12/21/84,9.4,,,,,
357,12/22/84,9,,,,,
358,12/23/84,8.8,,,,,
359,12/24/84,8.9,,,,,
360,12/25/84,8.9,,,,,
361,12/26/84,8.7,,,,,
362,12/27/84,8.5,,,,,
363,12/28/84,8.3,,,,,
364,12/29/84,8.2,,,,,
365,12/30/84,8.1,,,,,
366,12/31/84,7.9,,,,,
1,1/1/85,7.9,,,,,
2,1/2/85,7.9,,,,,
3,1/3/85,7.9,,,,,
4,1/4/85,7.7,,,,,
5,1/5/85,8.3,,,,,
6,1/6/85,8.3,,,,,
7,1/7/85,8.1,,,,,
8,1/8/85,7.6,,,,,
9,1/9/85,7.4,,,,,
10,1/10/85,7.2,,,,,
11,1/11/85,7,,,,,
12,1/12/85,6.8,,,,,
13,1/13/85,6.8,,,,,
14,1/14/85,6.7,,,,,
15,1/15/85,6.5,,,,,
16,1/16/85,6.4,,,,,
17,1/17/85,6.3,,,,,
18,1/18/85,6.4,,,,,
19,1/19/85,6.4,,,,,
20,1/20/85,6.4,,,,,
21,1/21/85,6.3,,,,,
22,1/22/85,6,,,,,
23,1/23/85,5.9,,,,,
24,1/24/85,6,,,,,
25,1/25/85,5.9,,,,,
26,1/26/85,5.8,,,,,
27,1/27/85,5.8,,,,,
28,1/28/85,5.9,,,,,
29,1/29/85,5.9,,,,,
30,1/30/85,5.9,,,,,
31,1/31/85,5.8,,,,,
32,2/1/85,5.7,,,,,
33,2/2/85,5.5,,,,,
34,2/3/85,5.6,,,,,
35,2/4/85,5.6,,,,,
36,2/5/85,5.5,,,,,
37,2/6/85,5.6,,,,,
38,2/7/85,5.7,,,,,
39,2/8/85,5.6,,,,,
40,2/9/85,5.5,,,,,
41,2/10/85,5.3,,,,,
42,2/11/85,5,,,,,
43,2/12/85,5,,,,,
44,2/13/85,5.2,,,,,
45,2/14/85,5.3,,,,,
46,2/15/85,5.4,,,,,
47,2/16/85,5.4,,,,,
48,2/17/85,5.4,,,,,
49,2/18/85,5.5,,,,,
50,2/19/85,5.4,,,,,
51,2/20/85,5.4,,,,,
52,2/21/85,5.4,,,,,
53,2/22/85,5.4,,,,,
54,2/23/85,5.3,,,,,
55,2/24/85,5.4,,,,,
56,2/25/85,5.4,,,,,
57,2/26/85,5.2,,,,,
58,2/27/85,5.1,,,,,
59,2/28/85,5.2,,,,,
60,3/1/85,5.3,,,,,
61,3/2/85,5.4,,,,,
62,3/3/85,5.4,,,,,
63,3/4/85,5.3,,,,,
64,3/5/85,5,,,,,
65,3/6/85,5,,,,,
66,3/7/85,5,,,,,
67,3/8/85,5.3,,,,,
68,3/9/85,5.4,,,,,
69,3/10/85,5.1,,,,,
70,3/11/85,4.9,,,,,
71,3/12/85,4.8,,,,,
72,3/13/85,4.7,,,,,
73,3/14/85,4.8,,,,,
74,3/15/85,5.4,,,,,
75,3/16/85,5.4,,,,,
76,3/17/85,5.4,,,,,
77,3/18/85,5.2,,,,,
78,3/19/85,5.3,,,,,
79,3/20/85,5.2,,,,,
80,3/21/85,5.2,,,,,
81,3/22/85,5.3,,,,,
82,3/23/85,5.3,,,,,
83,3/24/85,5.2,,,,,
84,3/25/85,5.1,,,,,
85,3/26/85,5.2,,,,,
86,3/27/85,5.1,,,,,
87,3/28/85,5.6,,,,,
88,3/29/85,5.7,,,,,
89,3/30/85,5.5,,,,,
90,3/31/85,5.4,,,,,
91,4/1/85,5.3,,,,,
92,4/2/85,5,,,,,
93,4/3/85,5.1,,,,,
94,4/4/85,5.2,,,,,
95,4/5/85,5.3,,,,,
96,4/6/85,5.6,,,,,
97,4/7/85,5.6,,,,,
98,4/8/85,5.5,,,,,
99,4/9/85,5.4,,,,,
100,4/10/85,5.3,,,,,
101,4/11/85,5.1,,,,,
102,4/12/85,5.3,,,,,
103,4/13/85,5.4,,,,,
104,4/14/85,5.4,,,,,
105,4/15/85,5.4,,,,,
106,4/16/85,5.3,,,,,
107,4/17/85,5.3,,,,,
108,4/18/85,5.3,,,,,
109,4/19/85,5.5,,,,,
110,4/20/85,5.6,,,,,
111,4/21/85,5.8,,,,,
112,4/22/85,6,,,,,
113,4/23/85,5.9,,,,,
114,4/24/85,5.9,,,,,
115,4/25/85,6.2,,,,,
116,4/26/85,6.5,,,,,
117,4/27/85,6.4,,,,,
118,4/28/85,6.4,,,,,
119,4/29/85,6.9,,,,,
120,4/30/85,6.9,,,,,
121,5/1/85,6.9,,,,,
122,5/2/85,6.9,,,,,
123,5/3/85,6.3,,,,,
124,5/4/85,6.2,,,,,
125,5/5/85,6.1,,,,,
126,5/6/85,6,,,,,
127,5/7/85,6.3,,,,,
128,5/8/85,6.3,,,,,
129,5/9/85,6.4,,,,,
130,5/10/85,6.7,,,,,
131,5/11/85,7.2,,,,,
132,5/12/85,7.6,,,,,
133,5/13/85,7.6,,,,,
134,5/14/85,7.4,,,,,
135,5/15/85,7.2,,,,,
136,5/16/85,7.4,,,,,
137,5/17/85,7.6,,,,,
138,5/18/85,7.5,,,,,
139,5/19/85,7.4,,,,,
140,5/20/85,7.7,,,,,
141,5/21/85,8.3,,,,,
142,5/22/85,8.5,,,,,
143,5/23/85,8.8,,,,,
144,5/24/85,9,,,,,
145,5/25/85,9.2,,,,,
146,5/26/85,9.4,,,,,
147,5/27/85,9.4,,,,,
148,5/28/85,8.9,,,,,
149,5/29/85,8.9,,,,,
150,5/30/85,9,,,,,
151,5/31/85,9.3,,,,,
152,6/1/85,9.6,,,,,
153,6/2/85,9.7,,,,,
154,6/3/85,9.9,,,,,
155,6/4/85,10.2,,,,,
156,6/5/85,10.2,,,,,
157,6/6/85,9.6,,,,,
158,6/7/85,9.6,,,,,
159,6/8/85,10.3,,,,,
160,6/9/85,10.7,,,,,
161,6/10/85,10.5,,,,,
162,6/11/85,10.7,,,,,
163,6/12/85,10.7,,,,,
164,6/13/85,9.8,,,,,
165,6/14/85,10.4,,,,,
166,6/15/85,10.5,,,,,
167,6/16/85,10.5,,,,,
168,6/17/85,10.8,,,,,
169,6/18/85,11.1,,,,,
170,6/19/85,11.1,,,,,
171,6/20/85,11.5,,,,,
172,6/21/85,12,,,,,
173,6/22/85,12.2,,,,,
174,6/23/85,12.5,,,,,
175,6/24/85,12,,,,,
176,6/25/85,11.8,,,,,
177,6/26/85,11.7,,,,,
178,6/27/85,11.1,,,,,
179,6/28/85,11,,,,,
180,6/29/85,11.6,,,,,
181,6/30/85,11.7,,,,,
182,7/1/85,11.3,,,,,
183,7/2/85,12.2,,,,,
184,7/3/85,12.9,,,,,
185,7/4/85,12.9,,,,,
186,7/5/85,13,,,,,
187,7/6/85,13.5,,,,,
188,7/7/85,13.9,,,,,
189,7/8/85,13.7,,,,,
190,7/9/85,13.8,,,,,
191,7/10/85,14.2,,,,,
192,7/11/85,14.7,,,,,
193,7/12/85,15.3,,,,,
194,7/13/85,15.5,,,,,
195,7/14/85,15.7,,,,,
196,7/15/85,15.6,,,,,
197,7/16/85,15.4,,,,,
198,7/17/85,15,,,,,
199,7/18/85,15,,,,,
200,7/19/85,15.1,,,,,
201,7/20/85,15.3,,,,,
202,7/21/85,15.6,,,,,
203,7/22/85,15.7,,,,,
204,7/23/85,15.4,,,,,
205,7/24/85,15.5,,,,,
206,7/25/85,15.4,,,,,
207,7/26/85,15.3,,,,,
208,7/27/85,15.3,,,,,
209,7/28/85,15.4,,,,,
210,7/29/85,15.4,,,,,
211,7/30/85,15.6,,,,,
212,7/31/85,15.5,,,,,
213,8/1/85,14.4,,,,,
214,8/2/85,14.5,,,,,
215,8/3/85,14.9,,,,,
216,8/4/85,15.4,,,,,
217,8/5/85,15.7,,,,,
218,8/6/85,15.9,,,,,
219,8/7/85,15.9,,,,,
220,8/8/85,16.2,,,,,
221,8/9/85,16.8,,,,,
222,8/10/85,16.8,,,,,
223,8/11/85,17,,,,,
224,8/12/85,17.3,,,,,
225,8/13/85,17.3,,,,,
226,8/14/85,17.5,,,,,
227,8/15/85,18,,,,,
228,8/16/85,17.7,,,,,
229,8/17/85,17.5,,,,,
230,8/18/85,17.4,,,,,
231,8/19/85,17.3,,,,,
232,8/20/85,17,,,,,
233,8/21/85,17.1,,,,,
234,8/22/85,16.8,,,,,
235,8/23/85,16.7,,,,,
236,8/24/85,16.8,,,,,
237,8/25/85,16.7,,,,,
238,8/26/85,17.1,,,,,
239,8/27/85,16.8,,,,,
240,8/28/85,16.5,,,,,
241,8/29/85,16.3,,,,,
242,8/30/85,16.2,,,,,
243,8/31/85,14.9,,,,,
244,9/1/85,14.4,,,,,
245,9/2/85,14.3,,,,,
246,9/3/85,14.6,,,,,
247,9/4/85,15,,,,,
248,9/5/85,15.1,,,,,
249,9/6/85,14.6,,,,,
250,9/7/85,14.8,,,,,
251,9/8/85,15.6,,,,,
252,9/9/85,15.7,,,,,
253,9/10/85,15.1,,,,,
254,9/11/85,14.8,,,,,
255,9/12/85,14.7,,,,,
256,9/13/85,14.7,,,,,
257,9/14/85,14.7,,,,,
258,9/15/85,14.8,,,,,
259,9/16/85,15,,,,,
260,9/17/85,15.1,,,,,
261,9/18/85,15.1,,,,,
262,9/19/85,15.2,,,,,
263,9/20/85,15.2,,,,,
264,9/21/85,15.2,,,,,
265,9/22/85,15.1,,,,,
266,9/23/85,15,,,,,
267,9/24/85,14.5,,,,,
268,9/25/85,14.5,,,,,
269,9/26/85,14.7,,,,,
270,9/27/85,14.4,,,,,
271,9/28/85,14.1,,,,,
272,9/29/85,13.9,,,,,
273,9/30/85,13.5,,,,,
274,10/1/85,13.8,,,,,
275,10/2/85,14.4,,,,,
276,10/3/85,14.5,,,,,
277,10/4/85,14.3,,,,,
278,10/5/85,13.8,,,,,
279,10/6/85,13.5,,,,,
280,10/7/85,13.5,,,,,
281,10/8/85,13.4,,,,,
282,10/9/85,13.4,,,,,
283,10/10/85,12.9,,,,,
284,10/11/85,12.9,,,,,
285,10/12/85,12.9,,,,,
286,10/13/85,12.8,,,,,
287,10/14/85,12.7,,,,,
288,10/15/85,12.8,,,,,
289,10/16/85,12.6,,,,,
290,10/17/85,12.5,,,,,
291,10/18/85,12.2,,,,,
292,10/19/85,12,,,,,
293,10/20/85,11.8,,,,,
294,10/21/85,11.7,,,,,
295,10/22/85,12,,,,,
296,10/23/85,12.3,,,,,
297,10/24/85,12.3,,,,,
298,10/25/85,11.9,,,,,
299,10/26/85,11.8,,,,,
300,10/27/85,11.6,,,,,
301,10/28/85,11.3,,,,,
302,10/29/85,10.9,,,,,
303,10/30/85,10.8,,,,,
304,10/31/85,10.7,,,,,
305,11/1/85,10.7,,,,,
306,11/2/85,10.8,,,,,
307,11/3/85,10.8,,,,,
308,11/4/85,10.8,,,,,
309,11/5/85,10.8,,,,,
310,11/6/85,10.8,,,,,
311,11/7/85,10.8,,,,,
312,11/8/85,10.5,,,,,
313,11/9/85,10.4,,,,,
314,11/10/85,10.5,,,,,
315,11/11/85,10.7,,,,,
316,11/12/85,10.3,,,,,
317,11/13/85,10.5,,,,,
318,11/14/85,10.5,,,,,
319,11/15/85,10.4,,,,,
320,11/16/85,10,,,,,
321,11/17/85,10,,,,,
322,11/18/85,10.1,,,,,
323,11/19/85,10.2,,,,,
324,11/20/85,10.3,,,,,
325,11/21/85,10.2,,,,,
326,11/22/85,10.1,,,,,
327,11/23/85,9.9,,,,,
328,11/24/85,9.8,,,,,
329,11/25/85,9.8,,,,,
330,11/26/85,9.7,,,,,
331,11/27/85,9.5,,,,,
332,11/28/85,9.2,,,,,
333,11/29/85,9.1,,,,,
334,11/30/85,9,,,,,
335,12/1/85,9,,,,,
336,12/2/85,9,,,,,
337,12/3/85,9,,,,,
338,12/4/85,8.9,,,,,
339,12/5/85,8.9,,,,,
340,12/6/85,8.6,,,,,
341,12/7/85,8.3,,,,,
342,12/8/85,8.3,,,,,
343,12/9/85,8.3,,,,,
344,12/10/85,8.2,,,,,
345,12/11/85,8.2,,,,,
346,12/12/85,8.1,,,,,
347,12/13/85,7.9,,,,,
348,12/14/85,7.9,,,,,
349,12/15/85,7.9,,,,,
350,12/16/85,7.9,,,,,
351,12/17/85,7.8,,,,,
352,12/18/85,7.6,,,,,
353,12/19/85,7.5,,,,,
354,12/20/85,7.5,,,,,
355,12/21/85,7.4,,,,,
356,12/22/85,7.2,,,,,
357,12/23/85,7.2,,,,,
358,12/24/85,7.2,,,,,
359,12/25/85,7.1,,,,,
360,12/26/85,6.9,,,,,
361,12/27/85,7,,,,,
362,12/28/85,7.1,,,,,
363,12/29/85,7,,,,,
364,12/30/85,6.9,,,,,
365,12/31/85,6.9,,,,,
1,1/1/86,6.8,,,,,
2,1/2/86,6.8,,,,,
3,1/3/86,6.8,,,,,
4,1/4/86,6.8,,,,,
5,1/5/86,6.7,,,,,
6,1/6/86,6.4,,,,,
7,1/7/86,6.3,,,,,
8,1/8/86,6.2,,,,,
9,1/9/86,6.2,,,,,
10,1/10/86,6.3,,,,,
11,1/11/86,6.3,,,,,
12,1/12/86,6.2,,,,,
13,1/13/86,6.3,,,,,
14,1/14/86,6.3,,,,,
15,1/15/86,5.9,,,,,
16,1/16/86,5.7,,,,,
17,1/17/86,5.5,,,,,
18,1/18/86,5.7,,,,,
19,1/19/86,6,,,,,
20,1/20/86,5.9,,,,,
21,1/21/86,5.9,,,,,
22,1/22/86,5.9,,,,,
23,1/23/86,5.8,,,,,
24,1/24/86,5.7,,,,,
25,1/25/86,5.4,,,,,
26,1/26/86,5.3,,,,,
27,1/27/86,4.9,,,,,
28,1/28/86,4.8,,,,,
29,1/29/86,5.1,,,,,
30,1/30/86,5.1,,,,,
31,1/31/86,5.1,,,,,
32,2/1/86,4.9,,,,,
33,2/2/86,5.3,,,,,
34,2/3/86,5.5,,,,,
35,2/4/86,5.5,,,,,
36,2/5/86,5.5,,,,,
37,2/6/86,5.4,,,,,
38,2/7/86,5.2,,,,,
39,2/8/86,5.1,,,,,
40,2/9/86,5.1,,,,,
41,2/10/86,5.1,,,,,
42,2/11/86,5,,,,,
43,2/12/86,5,,,,,
44,2/13/86,4.9,,,,,
45,2/14/86,4.9,,,,,
46,2/15/86,4.8,,,,,
47,2/16/86,4.7,,,,,
48,2/17/86,4.7,,,,,
49,2/18/86,4.6,,,,,
50,2/19/86,4.6,,,,,
51,2/20/86,4.6,,,,,
52,2/21/86,4.9,,,,,
53,2/22/86,5,,,,,
54,2/23/86,4.9,,,,,
55,2/24/86,4.6,,,,,
56,2/25/86,4.4,,,,,
57,2/26/86,4.7,,,,,
58,2/27/86,4.8,,,,,
59,2/28/86,4.8,,,,,
60,3/1/86,4.9,,,,,
61,3/2/86,4.6,,,,,
62,3/3/86,4.5,,,,,
63,3/4/86,4.5,,,,,
64,3/5/86,4.4,,,,,
65,3/6/86,4.4,,,,,
66,3/7/86,4.4,,,,,
67,3/8/86,4.4,,,,,
68,3/9/86,4.4,,,,,
69,3/10/86,4.3,,,,,
70,3/11/86,4.2,,,,,
71,3/12/86,4.2,,,,,
72,3/13/86,4.3,,,,,
73,3/14/86,4.2,,,,,
74,3/15/86,4.2,,,,,
75,3/16/86,4.7,,,,,
76,3/17/86,4.8,,,,,
77,3/18/86,4.8,,,,,
78,3/19/86,4.8,,,,,
79,3/20/86,4.5,,,,,
80,3/21/86,4.5,,,,,
81,3/22/86,4.6,,,,,
82,3/23/86,4.5,,,,,
83,3/24/86,4.3,,,,,
84,3/25/86,4.1,,,,,
85,3/26/86,4.2,,,,,
86,3/27/86,4.7,,,,,
87,3/28/86,4.6,,,,,
88,3/29/86,4.8,,,,,
89,3/30/86,4.9,,,,,
90,3/31/86,5,,,,,
91,4/1/86,5.4,,,,,
92,4/2/86,5.5,,,,,
93,4/3/86,5.4,,,,,
94,4/4/86,5.1,,,,,
95,4/5/86,4.9,,,,,
96,4/6/86,4.9,,,,,
97,4/7/86,5,,,,,
98,4/8/86,5,,,,,
99,4/9/86,5.1,,,,,
100,4/10/86,5.1,,,,,
101,4/11/86,5.1,,,,,
102,4/12/86,5.3,,,,,
103,4/13/86,5.5,,,,,
104,4/14/86,6,,,,,
105,4/15/86,5.9,,,,,
106,4/16/86,6,,,,,
107,4/17/86,6,,,,,
108,4/18/86,5.5,,,,,
109,4/19/86,5.5,,,,,
110,4/20/86,5.6,,,,,
111,4/21/86,5.6,,,,,
112,4/22/86,6,,,,,
113,4/23/86,5.8,,,,,
114,4/24/86,6.1,,,,,
115,4/25/86,6.1,,,,,
116,4/26/86,6.1,,,,,
117,4/27/86,7.8,,,,,
118,4/28/86,8,,,,,
119,4/29/86,7.8,,,,,
120,4/30/86,7.1,,,,,
121,5/1/86,7,,,,,
122,5/2/86,6.9,,,,,
123,5/3/86,6.9,,,,,
124,5/4/86,6.8,,,,,
125,5/5/86,6.8,,,,,
126,5/6/86,7,,,,,
127,5/7/86,7.1,,,,,
128,5/8/86,7,,,,,
129,5/9/86,7.1,,,,,
130,5/10/86,7.3,,,,,
131,5/11/86,7.4,,,,,
132,5/12/86,7.3,,,,,
133,5/13/86,7.5,,,,,
134,5/14/86,8,,,,,
135,5/15/86,8.1,,,,,
136,5/16/86,8.3,,,,,
137,5/17/86,9.1,,,,,
138,5/18/86,9.6,,,,,
139,5/19/86,9.6,,,,,
140,5/20/86,9.6,,,,,
141,5/21/86,9.7,,,,,
142,5/22/86,9.6,,,,,
143,5/23/86,9.4,,,,,
144,5/24/86,9.4,,,,,
145,5/25/86,9.1,,,,,
146,5/26/86,8.4,,,,,
147,5/27/86,8.3,,,,,
148,5/28/86,8.7,,,,,
149,5/29/86,9.3,,,,,
150,5/30/86,9.9,,,,,
151,5/31/86,10.1,,,,,
152,6/1/86,10.3,,,,,
153,6/2/86,9.5,,,,,
154,6/3/86,9.2,,,,,
155,6/4/86,9.3,,,,,
156,6/5/86,9.6,,,,,
157,6/6/86,9.8,,,,,
158,6/7/86,9.9,,,,,
159,6/8/86,10.1,,,,,
160,6/9/86,10.1,,,,,
161,6/10/86,10.1,,,,,
162,6/11/86,9.9,,,,,
163,6/12/86,10,,,,,
164,6/13/86,10.6,,,,,
165,6/14/86,11.2,,,,,
166,6/15/86,11.5,,,,,
167,6/16/86,11.7,,,,,
168,6/17/86,11.2,,,,,
169,6/18/86,11.1,,,,,
170,6/19/86,11.3,,,,,
171,6/20/86,11.1,,,,,
172,6/21/86,11,,,,,
173,6/22/86,11.6,,,,,
174,6/23/86,12,,,,,
175,6/24/86,11.9,,,,,
176,6/25/86,11.7,,,,,
177,6/26/86,11.8,,,,,
178,6/27/86,11.9,,,,,
179,6/28/86,12.6,,,,,
180,6/29/86,12.7,,,,,
181,6/30/86,12.8,,,,,
182,7/1/86,13,,,,,
183,7/2/86,13,,,,,
184,7/3/86,12.5,,,,,
185,7/4/86,12.5,,,,,
186,7/5/86,12.5,,,,,
187,7/6/86,13.7,,,,,
188,7/7/86,13.8,,,,,
189,7/8/86,13.7,,,,,
190,7/9/86,14,,,,,
191,7/10/86,14.2,,,,,
192,7/11/86,14.2,,,,,
193,7/12/86,14.2,,,,,
194,7/13/86,14.5,,,,,
195,7/14/86,14.6,,,,,
196,7/15/86,14.8,,,,,
197,7/16/86,15.3,,,,,
198,7/17/86,15.7,,,,,
199,7/18/86,15.9,,,,,
200,7/19/86,15.6,,,,,
201,7/20/86,15.3,,,,,
202,7/21/86,15.4,,,,,
203,7/22/86,16.2,,,,,
204,7/23/86,16.4,,,,,
205,7/24/86,16.8,,,,,
206,7/25/86,16.9,,,,,
207,7/26/86,17.1,,,,,
208,7/27/86,16.7,,,,,
209,7/28/86,16.2,,,,,
210,7/29/86,15.7,,,,,
211,7/30/86,15.5,,,,,
212,7/31/86,15.7,,,,,
213,8/1/86,16.1,,,,,
214,8/2/86,16.2,,,,,
215,8/3/86,17.3,,,,,
216,8/4/86,17.4,,,,,
217,8/5/86,17.5,,,,,
218,8/6/86,17.6,,,,,
219,8/7/86,17.7,,,,,
220,8/8/86,17.8,,,,,
221,8/9/86,17.7,,,,,
222,8/10/86,17.6,,,,,
223,8/11/86,17.6,,,,,
224,8/12/86,17.5,,,,,
225,8/13/86,17.7,,,,,
226,8/14/86,17.7,,,,,
227,8/15/86,17.7,,,,,
228,8/16/86,17.8,,,,,
229,8/17/86,17.9,,,,,
230,8/18/86,17.8,,,,,
231,8/19/86,17.1,,,,,
232,8/20/86,17,,,,,
233,8/21/86,16.9,,,,,
234,8/22/86,17.1,,,,,
235,8/23/86,17.1,,,,,
236,8/24/86,16.2,,,,,
237,8/25/86,15.5,,,,,
238,8/26/86,15.4,,,,,
239,8/27/86,15.5,,,,,
240,8/28/86,14.9,,,,,
241,8/29/86,14.9,,,,,
242,8/30/86,15,,,,,
243,8/31/86,15.2,,,,,
244,9/1/86,15.4,,,,,
245,9/2/86,15.4,,,,,
246,9/3/86,15.2,,,,,
247,9/4/86,14.8,,,,,
248,9/5/86,14.8,,,,,
249,9/6/86,15.1,,,,,
250,9/7/86,15.2,,,,,
251,9/8/86,15.2,,,,,
252,9/9/86,15.1,,,,,
253,9/10/86,15,,,,,
254,9/11/86,14.9,,,,,
255,9/12/86,14.8,,,,,
256,9/13/86,14.6,,,,,
257,9/14/86,14.2,,,,,
258,9/15/86,14,,,,,
259,9/16/86,13.8,,,,,
260,9/17/86,13.6,,,,,
261,9/18/86,13.6,,,,,
262,9/19/86,13.6,,,,,
263,9/20/86,13.6,,,,,
264,9/21/86,13.8,,,,,
265,9/22/86,13.8,,,,,
266,9/23/86,13.6,,,,,
267,9/24/86,13.6,,,,,
268,9/25/86,13.9,,,,,
269,9/26/86,13.9,,,,,
270,9/27/86,13.7,,,,,
271,9/28/86,13.5,,,,,
272,9/29/86,13.4,,,,,
273,9/30/86,14.1,,,,,
274,10/1/86,14.1,,,,,
275,10/2/86,14.1,,,,,
276,10/3/86,13.6,,,,,
277,10/4/86,13.6,,,,,
278,10/5/86,13.7,,,,,
279,10/6/86,13.3,,,,,
280,10/7/86,12.6,,,,,
281,10/8/86,12.5,,,,,
282,10/9/86,12.5,,,,,
283,10/10/86,12.2,,,,,
284,10/11/86,11.9,,,,,
285,10/12/86,11.9,,,,,
286,10/13/86,12.1,,,,,
287,10/14/86,12,,,,,
288,10/15/86,11.8,,,,,
289,10/16/86,11.7,,,,,
290,10/17/86,11.5,,,,,
291,10/18/86,11.4,,,,,
292,10/19/86,11.4,,,,,
293,10/20/86,11.5,,,,,
294,10/21/86,11.5,,,,,
295,10/22/86,11.6,,,,,
296,10/23/86,11.5,,,,,
297,10/24/86,11.2,,,,,
298,10/25/86,11.1,,,,,
299,10/26/86,11.1,,,,,
300,10/27/86,11,,,,,
301,10/28/86,11.1,,,,,
302,10/29/86,11.2,,,,,
303,10/30/86,11,,,,,
304,10/31/86,10.7,,,,,
305,11/1/86,10.8,,,,,
306,11/2/86,10.8,,,,,
307,11/3/86,10.6,,,,,
308,11/4/86,10.5,,,,,
309,11/5/86,9.9,,,,,
310,11/6/86,9.8,,,,,
311,11/7/86,9.8,,,,,
312,11/8/86,9.8,,,,,
313,11/9/86,10,,,,,
314,11/10/86,9.9,,,,,
315,11/11/86,9.8,,,,,
316,11/12/86,9.8,,,,,
317,11/13/86,9.6,,,,,
318,11/14/86,9.2,,,,,
319,11/15/86,9,,,,,
320,11/16/86,9.1,,,,,
321,11/17/86,9.2,,,,,
322,11/18/86,9.2,,,,,
323,11/19/86,9.1,,,,,
324,11/20/86,9.1,,,,,
325,11/21/86,9.1,,,,,
326,11/22/86,8.9,,,,,
327,11/23/86,8.9,,,,,
328,11/24/86,8.9,,,,,
329,11/25/86,9,,,,,
330,11/26/86,9,,,,,
331,11/27/86,8.9,,,,,
332,11/28/86,8.9,,,,,
333,11/29/86,8.9,,,,,
334,11/30/86,8.9,,,,,
335,12/1/86,8.5,,,,,
336,12/2/86,8.4,,,,,
337,12/3/86,8.9,,,,,
338,12/4/86,8.9,,,,,
339,12/5/86,8.8,,,,,
340,12/6/86,8.7,,,,,
341,12/7/86,8.4,,,,,
342,12/8/86,8.5,,,,,
343,12/9/86,8.4,,,,,
344,12/10/86,8,,,,,
345,12/11/86,8,,,,,
346,12/12/86,8,,,,,
347,12/13/86,7.8,,,,,
348,12/14/86,7.7,,,,,
349,12/15/86,7.6,,,,,
350,12/16/86,7.5,,,,,
351,12/17/86,7.2,,,,,
352,12/18/86,7,,,,,
353,12/19/86,7.3,,,,,
354,12/20/86,7.3,,,,,
355,12/21/86,7.3,,,,,
356,12/22/86,7.2,,,,,
357,12/23/86,7.3,,,,,
358,12/24/86,7.3,,,,,
359,12/25/86,7.3,,,,,
360,12/26/86,7.2,,,,,
361,12/27/86,7,,,,,
362,12/28/86,6.9,,,,,
363,12/29/86,6.9,,,,,
364,12/30/86,6.9,,,,,
365,12/31/86,6.9,,,,,
1,1/1/87,6.9,,,,,
2,1/2/87,6.8,,,,,
3,1/3/87,6.7,,,,,
4,1/4/87,6.9,,,,,
5,1/5/87,7,,,,,
6,1/6/87,6.9,,,,,
7,1/7/87,6.7,,,,,
8,1/8/87,6.6,,,,,
9,1/9/87,6.6,,,,,
10,1/10/87,6.6,,,,,
11,1/11/87,6.4,,,,,
12,1/12/87,6.3,,,,,
13,1/13/87,6.1,,,,,
14,1/14/87,6,,,,,
15,1/15/87,6.3,,,,,
16,1/16/87,6.5,,,,,
17,1/17/87,6.5,,,,,
18,1/18/87,6.3,,,,,
19,1/19/87,6,,,,,
20,1/20/87,5.9,,,,,
21,1/21/87,5.7,,,,,
22,1/22/87,6.1,,,,,
23,1/23/87,6.3,,,,,
24,1/24/87,6.1,,,,,
25,1/25/87,6,,,,,
26,1/26/87,5.8,,,,,
27,1/27/87,5.7,,,,,
28,1/28/87,5.7,,,,,
29,1/29/87,5.5,,,,,
30,1/30/87,5.3,,,,,
31,1/31/87,5.2,,,,,
32,2/1/87,5.2,,,,,
33,2/2/87,5.1,,,,,
34,2/3/87,5.2,,,,,
35,2/4/87,5.3,,,,,
36,2/5/87,5.1,,,,,
37,2/6/87,4.8,,,,,
38,2/7/87,4.7,,,,,
39,2/8/87,4.8,,,,,
40,2/9/87,4.9,,,,,
41,2/10/87,5,,,,,
42,2/11/87,5,,,,,
43,2/12/87,4.9,,,,,
44,2/13/87,4.4,,,,,
45,2/14/87,4.1,,,,,
46,2/15/87,4.5,,,,,
47,2/16/87,4.5,,,,,
48,2/17/87,4.5,,,,,
49,2/18/87,4.4,,,,,
50,2/19/87,4.4,,,,,
51,2/20/87,4.3,,,,,
52,2/21/87,4.4,,,,,
53,2/22/87,4.3,,,,,
54,2/23/87,4.2,,,,,
55,2/24/87,4,,,,,
56,2/25/87,3.8,,,,,
57,2/26/87,3.7,,,,,
58,2/27/87,3.7,,,,,
59,2/28/87,3.7,,,,,
60,3/1/87,3.6,,,,,
61,3/2/87,3.5,,,,,
62,3/3/87,3.5,,,,,
63,3/4/87,3.7,,,,,
64,3/5/87,3.7,,,,,
65,3/6/87,3.7,,,,,
66,3/7/87,3.9,,,,,
67,3/8/87,4.2,,,,,
68,3/9/87,3.9,,,,,
69,3/10/87,3.4,,,,,
70,3/11/87,3.4,,,,,
71,3/12/87,3.3,,,,,
72,3/13/87,3.3,,,,,
73,3/14/87,3.4,,,,,
74,3/15/87,3.4,,,,,
75,3/16/87,3.3,,,,,
76,3/17/87,3.2,,,,,
77,3/18/87,3,,,,,
78,3/19/87,2.9,,,,,
79,3/20/87,2.8,,,,,
80,3/21/87,2.9,,,,,
81,3/22/87,3,,,,,
82,3/23/87,3,,,,,
83,3/24/87,3.3,,,,,
84,3/25/87,3.6,,,,,
85,3/26/87,3.6,,,,,
86,3/27/87,3.6,,,,,
87,3/28/87,3.8,,,,,
88,3/29/87,4,,,,,
89,3/30/87,4,,,,,
90,3/31/87,4,,,,,
91,4/1/87,3.6,,,,,
92,4/2/87,3.3,,,,,
93,4/3/87,3.7,,,,,
94,4/4/87,4.2,,,,,
95,4/5/87,4.2,,,,,
96,4/6/87,4.1,,,,,
97,4/7/87,3.9,,,,,
98,4/8/87,3.9,,,,,
99,4/9/87,4.3,,,,,
100,4/10/87,4.3,,,,,
101,4/11/87,4.6,,,,,
102,4/12/87,4.9,,,,,
103,4/13/87,4.3,,,,,
104,4/14/87,4.2,,,,,
105,4/15/87,4.3,,,,,
106,4/16/87,4.2,,,,,
107,4/17/87,4.2,,,,,
108,4/18/87,4.5,,,,,
109,4/19/87,4.8,,,,,
110,4/20/87,5.1,,,,,
111,4/21/87,5.4,,,,,
112,4/22/87,5,,,,,
113,4/23/87,4.8,,,,,
114,4/24/87,4.9,,,,,
115,4/25/87,4.9,,,,,
116,4/26/87,4.9,,,,,
117,4/27/87,5,,,,,
118,4/28/87,4.9,,,,,
119,4/29/87,4.8,,,,,
120,4/30/87,4.7,,,,,
121,5/1/87,4.7,,,,,
122,5/2/87,4.9,,,,,
123,5/3/87,5.1,,,,,
124,5/4/87,5.2,,,,,
125,5/5/87,4.9,,,,,
126,5/6/87,5.5,,,,,
127,5/7/87,5.6,,,,,
128,5/8/87,5.6,,,,,
129,5/9/87,5.8,,,,,
130,5/10/87,6.2,,,,,
131,5/11/87,6.5,,,,,
132,5/12/87,6.8,,,,,
133,5/13/87,6.8,,,,,
134,5/14/87,7.1,,,,,
135,5/15/87,6.8,,,,,
136,5/16/87,6.4,,,,,
137,5/17/87,6.5,,,,,
138,5/18/87,7,,,,,
139,5/19/87,7,,,,,
140,5/20/87,7.4,,,,,
141,5/21/87,7.7,,,,,
142,5/22/87,7.8,,,,,
143,5/23/87,7.9,,,,,
144,5/24/87,8,,,,,
145,5/25/87,8.1,,,,,
146,5/26/87,8.1,,,,,
147,5/27/87,8.1,,,,,
148,5/28/87,9.4,,,,,
149,5/29/87,9.8,,,,,
150,5/30/87,10.3,,,,,
151,5/31/87,10.6,,,,,
152,6/1/87,10.8,,,,,
153,6/2/87,10.9,,,,,
154,6/3/87,10.8,,,,,
155,6/4/87,10.9,,,,,
156,6/5/87,10.8,,,,,
157,6/6/87,11,,,,,
158,6/7/87,10.9,,,,,
159,6/8/87,11,,,,,
160,6/9/87,11.2,,,,,
161,6/10/87,11.2,,,,,
162,6/11/87,11.3,,,,,
163,6/12/87,11.2,,,,,
164,6/13/87,11.3,,,,,
165,6/14/87,11.6,,,,,
166,6/15/87,11.7,,,,,
167,6/16/87,11.8,,,,,
168,6/17/87,11.9,,,,,
169,6/18/87,12,,,,,
170,6/19/87,12.1,,,,,
171,6/20/87,12.5,,,,,
172,6/21/87,12.7,,,,,
173,6/22/87,13,,,,,
174,6/23/87,11.6,,,,,
175,6/24/87,11.7,,,,,
176,6/25/87,12.1,,,,,
177,6/26/87,12.2,,,,,
178,6/27/87,12.4,,,,,
179,6/28/87,12.6,,,,,
180,6/29/87,12.8,,,,,
181,6/30/87,13.1,,,,,
182,7/1/87,13.1,,,,,
183,7/2/87,12.9,,,,,
184,7/3/87,13.2,,,,,
185,7/4/87,13.5,,,,,
186,7/5/87,13.6,,,,,
187,7/6/87,13.8,,,,,
188,7/7/87,13.9,,,,,
189,7/8/87,13.9,,,,,
190,7/9/87,14.6,,,,,
191,7/10/87,15.3,,,,,
192,7/11/87,15.6,,,,,
193,7/12/87,15.4,,,,,
194,7/13/87,14.8,,,,,
195,7/14/87,14.5,,,,,
196,7/15/87,14.8,,,,,
197,7/16/87,14.7,,,,,
198,7/17/87,14.8,,,,,
199,7/18/87,14.9,,,,,
200,7/19/87,15.2,,,,,
201,7/20/87,15.3,,,,,
202,7/21/87,15.2,,,,,
203,7/22/87,14.7,,,,,
204,7/23/87,14.8,,,,,
205,7/24/87,15.4,,,,,
206,7/25/87,16,,,,,
207,7/26/87,15.6,,,,,
208,7/27/87,15.4,,,,,
209,7/28/87,15.8,,,,,
210,7/29/87,16.1,,,,,
211,7/30/87,16.1,,,,,
212,7/31/87,16,,,,,
213,8/1/87,15.8,,,,,
214,8/2/87,15.9,,,,,
215,8/3/87,16,,,,,
216,8/4/87,16.1,,,,,
217,8/5/87,15.5,,,,,
218,8/6/87,15.1,,,,,
219,8/7/87,15.5,,,,,
220,8/8/87,16.1,,,,,
221,8/9/87,16.3,,,,,
222,8/10/87,16.2,,,,,
223,8/11/87,16.2,,,,,
224,8/12/87,16.3,,,,,
225,8/13/87,16.6,,,,,
226,8/14/87,16.7,,,,,
227,8/15/87,16.8,,,,,
228,8/16/87,16.9,,,,,
229,8/17/87,17.2,,,,,
230,8/18/87,17.5,,,,,
231,8/19/87,17.4,,,,,
232,8/20/87,17.3,,,,,
233,8/21/87,17.2,,,,,
234,8/22/87,16.8,,,,,
235,8/23/87,16.1,,,,,
236,8/24/87,15.9,,,,,
237,8/25/87,15.9,,,,,
238,8/26/87,15.9,,,,,
239,8/27/87,16,,,,,
240,8/28/87,15.8,,,,,
241,8/29/87,15.4,,,,,
242,8/30/87,15.4,,,,,
243,8/31/87,15.3,,,,,
244,9/1/87,15.3,,,,,
245,9/2/87,15.5,,,,,
246,9/3/87,15.5,,,,,
247,9/4/87,15.5,,,,,
248,9/5/87,15.5,,,,,
249,9/6/87,15.4,,,,,
250,9/7/87,14.9,,,,,
251,9/8/87,15.7,,,,,
252,9/9/87,15.9,,,,,
253,9/10/87,15.9,,,,,
254,9/11/87,15.9,,,,,
255,9/12/87,15.8,,,,,
256,9/13/87,15.9,,,,,
257,9/14/87,15.5,,,,,
258,9/15/87,15.5,,,,,
259,9/16/87,15.7,,,,,
260,9/17/87,15.5,,,,,
261,9/18/87,15.5,,,,,
262,9/19/87,15.4,,,,,
263,9/20/87,14.5,,,,,
264,9/21/87,14.2,,,,,
265,9/22/87,14.4,,,,,
266,9/23/87,14.4,,,,,
267,9/24/87,14.4,,,,,
268,9/25/87,14.1,,,,,
269,9/26/87,13.7,,,,,
270,9/27/87,13.5,,,,,
271,9/28/87,13.5,,,,,
272,9/29/87,13.8,,,,,
273,9/30/87,13.8,,,,,
274,10/1/87,13.3,,,,,
275,10/2/87,13.2,,,,,
276,10/3/87,13.2,,,,,
277,10/4/87,12.3,,,,,
278,10/5/87,12.2,,,,,
279,10/6/87,12.3,,,,,
280,10/7/87,12.2,,,,,
281,10/8/87,11.9,,,,,
282,10/9/87,11.6,,,,,
283,10/10/87,11.4,,,,,
284,10/11/87,11.4,,,,,
285,10/12/87,11.2,,,,,
286,10/13/87,11.3,,,,,
287,10/14/87,11.5,,,,,
288,10/15/87,11.5,,,,,
289,10/16/87,11.5,,,,,
290,10/17/87,11.4,,,,,
291,10/18/87,11.1,,,,,
292,10/19/87,11.6,,,,,
293,10/20/87,11.9,,,,,
294,10/21/87,11.4,,,,,
295,10/22/87,11,,,,,
296,10/23/87,10.9,,,,,
297,10/24/87,11.2,,,,,
298,10/25/87,11,,,,,
299,10/26/87,11,,,,,
300,10/27/87,10.9,,,,,
301,10/28/87,11.1,,,,,
302,10/29/87,11,,,,,
303,10/30/87,10.7,,,,,
304,10/31/87,10.6,,,,,
305,11/1/87,10.6,,,,,
306,11/2/87,10.5,,,,,
307,11/3/87,10.4,,,,,
308,11/4/87,10.5,,,,,
309,11/5/87,10.5,,,,,
310,11/6/87,9.7,,,,,
311,11/7/87,9.5,,,,,
312,11/8/87,9.4,,,,,
313,11/9/87,9.1,,,,,
314,11/10/87,9,,,,,
315,11/11/87,9,,,,,
316,11/12/87,8.9,,,,,
317,11/13/87,8.9,,,,,
318,11/14/87,9,,,,,
319,11/15/87,8.9,,,,,
320,11/16/87,8.4,,,,,
321,11/17/87,8.2,,,,,
322,11/18/87,8.9,,,,,
323,11/19/87,8.9,,,,,
324,11/20/87,8.9,,,,,
325,11/21/87,8.4,,,,,
326,11/22/87,8.3,,,,,
327,11/23/87,8.3,,,,,
328,11/24/87,8.4,,,,,
329,11/25/87,8.3,,,,,
330,11/26/87,8.2,,,,,
331,11/27/87,8.2,,,,,
332,11/28/87,8,,,,,
333,11/29/87,7.8,,,,,
334,11/30/87,8.1,,,,,
335,12/1/87,8.3,,,,,
336,12/2/87,8.3,,,,,
337,12/3/87,7.9,,,,,
338,12/4/87,7.7,,,,,
339,12/5/87,7.6,,,,,
340,12/6/87,7.6,,,,,
341,12/7/87,7.3,,,,,
342,12/8/87,7.2,,,,,
343,12/9/87,7.7,,,,,
344,12/10/87,7.9,,,,,
345,12/11/87,7.8,,,,,
346,12/12/87,7.5,,,,,
347,12/13/87,7.5,,,,,
348,12/14/87,7.4,,,,,
349,12/15/87,7.3,,,,,
350,12/16/87,7.2,,,,,
351,12/17/87,7.2,,,,,
352,12/18/87,7,,,,,
353,12/19/87,6.8,,,,,
354,12/20/87,6.9,,,,,
355,12/21/87,7,,,,,
356,12/22/87,6.8,,,,,
357,12/23/87,6.6,,,,,
358,12/24/87,6.7,,,,,
359,12/25/87,6.6,,,,,
360,12/26/87,6.2,,,,,
361,12/27/87,6.2,,,,,
362,12/28/87,6.2,,,,,
363,12/29/87,6,,,,,
364,12/30/87,5.8,,,,,
365,12/31/87,5.6,,,,,
1,1/1/88,5.4,,,,,
2,1/2/88,5.6,,,,,
3,1/3/88,5.6,,,,,
4,1/4/88,5.4,,,,,
5,1/5/88,5.5,,,,,
6,1/6/88,5.3,,,,,
7,1/7/88,5.3,,,,,
8,1/8/88,5,,,,,
9,1/9/88,4.7,,,,,
10,1/10/88,4.6,,,,,
11,1/11/88,4.6,,,,,
12,1/12/88,4.8,,,,,
13,1/13/88,4.8,,,,,
14,1/14/88,4.3,,,,,
15,1/15/88,4.3,,,,,
16,1/16/88,4.4,,,,,
17,1/17/88,4.6,,,,,
18,1/18/88,4.7,,,,,
19,1/19/88,4.7,,,,,
20,1/20/88,4.7,,,,,
21,1/21/88,4.6,,,,,
22,1/22/88,4.6,,,,,
23,1/23/88,4.4,,,,,
24,1/24/88,4.5,,,,,
25,1/25/88,4.5,,,,,
26,1/26/88,4.3,,,,,
27,1/27/88,4.4,,,,,
28,1/28/88,4.3,,,,,
29,1/29/88,4.2,,,,,
30,1/30/88,4.1,,,,,
31,1/31/88,3.7,,,,,
32,2/1/88,3.7,,,,,
33,2/2/88,3.7,,,,,
34,2/3/88,3.9,,,,,
35,2/4/88,4,,,,,
36,2/5/88,4,,,,,
37,2/6/88,4,,,,,
38,2/7/88,4,,,,,
39,2/8/88,4,,,,,
40,2/9/88,3.8,,,,,
41,2/10/88,3.5,,,,,
42,2/11/88,3.5,,,,,
43,2/12/88,3.5,,,,,
44,2/13/88,4,,,,,
45,2/14/88,4,,,,,
46,2/15/88,4,,,,,
47,2/16/88,3.8,,,,,
48,2/17/88,3.8,,,,,
49,2/18/88,3.7,,,,,
50,2/19/88,3.7,,,,,
51,2/20/88,3.7,,,,,
52,2/21/88,3.7,,,,,
53,2/22/88,3.7,,,,,
54,2/23/88,4.1,,,,,
55,2/24/88,4,,,,,
56,2/25/88,3.9,,,,,
57,2/26/88,3.8,,,,,
58,2/27/88,3.6,,,,,
59,2/28/88,4,,,,,
60,2/29/88,4.1,,,,,
61,3/1/88,4,,,,,
62,3/2/88,4,,,,,
63,3/3/88,3.9,,,,,
64,3/4/88,4.1,,,,,
65,3/5/88,4.1,,,,,
66,3/6/88,4.1,,,,,
67,3/7/88,4.1,,,,,
68,3/8/88,4,,,,,
69,3/9/88,3.8,,,,,
70,3/10/88,3.9,,,,,
71,3/11/88,4,,,,,
72,3/12/88,3.9,,,,,
73,3/13/88,3.9,,,,,
74,3/14/88,3.8,,,,,
75,3/15/88,3.6,,,,,
76,3/16/88,3.7,,,,,
77,3/17/88,3.9,,,,,
78,3/18/88,3.9,,,,,
79,3/19/88,4,,,,,
80,3/20/88,3.8,,,,,
81,3/21/88,3.7,,,,,
82,3/22/88,3.7,,,,,
83,3/23/88,3.8,,,,,
84,3/24/88,4,,,,,
85,3/25/88,4,,,,,
86,3/26/88,3.8,,,,,
87,3/27/88,4.3,,,,,
88,3/28/88,4.4,,,,,
89,3/29/88,4.4,,,,,
90,3/30/88,4.6,,,,,
91,3/31/88,5.1,,,,,
92,4/1/88,5.5,,,,,
93,4/2/88,5.7,,,,,
94,4/3/88,5.7,,,,,
95,4/4/88,5.6,,,,,
96,4/5/88,4.4,,,,,
97,4/6/88,3.8,,,,,
98,4/7/88,4,,,,,
99,4/8/88,4.1,,,,,
100,4/9/88,4.3,,,,,
101,4/10/88,4.4,,,,,
102,4/11/88,4.5,,,,,
103,4/12/88,4.6,,,,,
104,4/13/88,4.9,,,,,
105,4/14/88,4.9,,,,,
106,4/15/88,4.8,,,,,
107,4/16/88,4.8,,,,,
108,4/17/88,5,,,,,
109,4/18/88,5.2,,,,,
110,4/19/88,5,,,,,
111,4/20/88,4.9,,,,,
112,4/21/88,5.1,,,,,
113,4/22/88,5.2,,,,,
114,4/23/88,5.3,,,,,
115,4/24/88,5.3,,,,,
116,4/25/88,5.2,,,,,
117,4/26/88,5.6,,,,,
118,4/27/88,6,,,,,
119,4/28/88,6,,,,,
120,4/29/88,5.7,,,,,
121,4/30/88,5.7,,,,,
122,5/1/88,5.8,,,,,
123,5/2/88,5.9,,,,,
124,5/3/88,5.9,,,,,
125,5/4/88,6.5,,,,,
126,5/5/88,6.8,,,,,
127,5/6/88,6.9,,,,,
128,5/7/88,6.6,,,,,
129,5/8/88,6.7,,,,,
130,5/9/88,6.9,,,,,
131,5/10/88,6.9,,,,,
132,5/11/88,7.8,,,,,
133,5/12/88,8,,,,,
134,5/13/88,8,,,,,
135,5/14/88,8,,,,,
136,5/15/88,7.9,,,,,
137,5/16/88,7.9,,,,,
138,5/17/88,7.9,,,,,
139,5/18/88,8,,,,,
140,5/19/88,8.4,,,,,
141,5/20/88,9.1,,,,,
142,5/21/88,9.1,,,,,
143,5/22/88,9.5,,,,,
144,5/23/88,9.8,,,,,
145,5/24/88,9.8,,,,,
146,5/25/88,9.2,,,,,
147,5/26/88,9.1,,,,,
148,5/27/88,9.4,,,,,
149,5/28/88,10,,,,,
150,5/29/88,10.1,,,,,
151,5/30/88,10.1,,,,,
152,5/31/88,10,,,,,
153,6/1/88,9.6,,,,,
154,6/2/88,9.1,,,,,
155,6/3/88,9.1,,,,,
156,6/4/88,9.2,,,,,
157,6/5/88,9.4,,,,,
158,6/6/88,9.6,,,,,
159,6/7/88,9.6,,,,,
160,6/8/88,9.8,,,,,
161,6/9/88,10.1,,,,,
162,6/10/88,10.5,,,,,
163,6/11/88,10.7,,,,,
164,6/12/88,11,,,,,
165,6/13/88,11.2,,,,,
166,6/14/88,11.8,,,,,
167,6/15/88,12.6,,,,,
168,6/16/88,12.8,,,,,
169,6/17/88,12.8,,,,,
170,6/18/88,12.5,,,,,
171,6/19/88,12.5,,,,,
172,6/20/88,12.6,,,,,
173,6/21/88,12.8,,,,,
174,6/22/88,12.8,,,,,
175,6/23/88,12.7,,,,,
176,6/24/88,12.5,,,,,
177,6/25/88,12.4,,,,,
178,6/26/88,12.7,,,,,
179,6/27/88,13,,,,,
180,6/28/88,13.1,,,,,
181,6/29/88,12.9,,,,,
182,6/30/88,12.4,,,,,
183,7/1/88,12.8,,,,,
184,7/2/88,13,,,,,
185,7/3/88,13.7,,,,,
186,7/4/88,14,,,,,
187,7/5/88,14,,,,,
188,7/6/88,15.1,,,,,
189,7/7/88,15.4,,,,,
190,7/8/88,15.5,,,,,
191,7/9/88,15.4,,,,,
192,7/10/88,15.3,,,,,
193,7/11/88,15.4,,,,,
194,7/12/88,15.3,,,,,
195,7/13/88,15.5,,,,,
196,7/14/88,15.6,,,,,
197,7/15/88,15.7,,,,,
198,7/16/88,15.5,,,,,
199,7/17/88,15.8,,,,,
200,7/18/88,16.1,,,,,
201,7/19/88,16.1,,,,,
202,7/20/88,16.6,,,,,
203,7/21/88,16.7,,,,,
204,7/22/88,16.5,,,,,
205,7/23/88,16.2,,,,,
206,7/24/88,16,,,,,
207,7/25/88,16.3,,,,,
208,7/26/88,16.7,,,,,
209,7/27/88,17,,,,,
210,7/28/88,17.1,,,,,
211,7/29/88,17.3,,,,,
212,7/30/88,17.4,,,,,
213,7/31/88,17.4,,,,,
214,8/1/88,17.2,,,,,
215,8/2/88,17.4,,,,,
216,8/3/88,17.6,,,,,
217,8/4/88,17.2,,,,,
218,8/5/88,17,,,,,
219,8/6/88,17.1,,,,,
220,8/7/88,17.2,,,,,
221,8/8/88,17.4,,,,,
222,8/9/88,17.4,,,,,
223,8/10/88,17.4,,,,,
224,8/11/88,17.6,,,,,
225,8/12/88,17.8,,,,,
226,8/13/88,17.8,,,,,
227,8/14/88,17.5,,,,,
228,8/15/88,17.6,,,,,
229,8/16/88,17.2,,,,,
230,8/17/88,17,,,,,
231,8/18/88,16.6,,,,,
232,8/19/88,16.4,,,,,
233,8/20/88,16.5,,,,,
234,8/21/88,16.5,,,,,
235,8/22/88,16.5,,,,,
236,8/23/88,16.5,,,,,
237,8/24/88,16.2,,,,,
238,8/25/88,15.9,,,,,
239,8/26/88,15.9,,,,,
240,8/27/88,16,,,,,
241,8/28/88,16.1,,,,,
242,8/29/88,16.2,,,,,
243,8/30/88,16,,,,,
244,8/31/88,15.6,,,,,
245,9/1/88,15.7,,,,,
246,9/2/88,15.7,,,,,
247,9/3/88,15.8,,,,,
248,9/4/88,15.8,,,,,
249,9/5/88,14.9,,,,,
250,9/6/88,14.8,,,,,
251,9/7/88,14.6,,,,,
252,9/8/88,14.5,,,,,
253,9/9/88,14.5,,,,,
254,9/10/88,14.7,,,,,
255,9/11/88,14.7,,,,,
256,9/12/88,14.8,,,,,
257,9/13/88,14.6,,,,,
258,9/14/88,14.6,,,,,
259,9/15/88,14.2,,,,,
260,9/16/88,13.7,,,,,
261,9/17/88,13.5,,,,,
262,9/18/88,13.9,,,,,
263,9/19/88,14.1,,,,,
264,9/20/88,13.8,,,,,
265,9/21/88,14,,,,,
266,9/22/88,14.2,,,,,
267,9/23/88,14.1,,,,,
268,9/24/88,14,,,,,
269,9/25/88,14.1,,,,,
270,9/26/88,14.1,,,,,
271,9/27/88,14.2,,,,,
272,9/28/88,14,,,,,
273,9/29/88,13.6,,,,,
274,9/30/88,13.3,,,,,
275,10/1/88,13.8,,,,,
276,10/2/88,13.8,,,,,
277,10/3/88,13.7,,,,,
278,10/4/88,13.5,,,,,
279,10/5/88,12.8,,,,,
280,10/6/88,12.7,,,,,
281,10/7/88,12.6,,,,,
282,10/8/88,12.5,,,,,
283,10/9/88,11.9,,,,,
284,10/10/88,11.9,,,,,
285,10/11/88,12.1,,,,,
286,10/12/88,12.2,,,,,
287,10/13/88,11.9,,,,,
288,10/14/88,11.2,,,,,
289,10/15/88,11.1,,,,,
290,10/16/88,11.1,,,,,
291,10/17/88,11.1,,,,,
292,10/18/88,11.3,,,,,
293,10/19/88,11.5,,,,,
294,10/20/88,11.5,,,,,
295,10/21/88,11.5,,,,,
296,10/22/88,11,,,,,
297,10/23/88,10.7,,,,,
298,10/24/88,10.8,,,,,
299,10/25/88,10.8,,,,,
300,10/26/88,10.6,,,,,
301,10/27/88,10.5,,,,,
302,10/28/88,10.5,,,,,
303,10/29/88,10.7,,,,,
304,10/30/88,10.3,,,,,
305,10/31/88,10,,,,,
306,11/1/88,9.9,,,,,
307,11/2/88,9.8,,,,,
308,11/3/88,9.7,,,,,
309,11/4/88,9.7,,,,,
310,11/5/88,9.7,,,,,
311,11/6/88,9.8,,,,,
312,11/7/88,9.7,,,,,
313,11/8/88,9.6,,,,,
314,11/9/88,9.4,,,,,
315,11/10/88,9.3,,,,,
316,11/11/88,9.4,,,,,
317,11/12/88,9.2,,,,,
318,11/13/88,9.1,,,,,
319,11/14/88,9.4,,,,,
320,11/15/88,9.5,,,,,
321,11/16/88,9.3,,,,,
322,11/17/88,9.3,,,,,
323,11/18/88,9.3,,,,,
324,11/19/88,9.1,,,,,
325,11/20/88,9.1,,,,,
326,11/21/88,9.2,,,,,
327,11/22/88,9,,,,,
328,11/23/88,8.9,,,,,
329,11/24/88,8.8,,,,,
330,11/25/88,8.7,,,,,
331,11/26/88,8.7,,,,,
332,11/27/88,8.6,,,,,
333,11/28/88,8.5,,,,,
334,11/29/88,8.5,,,,,
335,11/30/88,8.3,,,,,
336,12/1/88,8.4,,,,,
337,12/2/88,8.3,,,,,
338,12/3/88,8.3,,,,,
339,12/4/88,8.2,,,,,
340,12/5/88,8,,,,,
341,12/6/88,7.8,,,,,
342,12/7/88,8,,,,,
343,12/8/88,7.9,,,,,
344,12/9/88,7.4,,,,,
345,12/10/88,7.3,,,,,
346,12/11/88,7.2,,,,,
347,12/12/88,7,,,,,
348,12/13/88,7,,,,,
349,12/14/88,7,,,,,
350,12/15/88,7.1,,,,,
351,12/16/88,7,,,,,
352,12/17/88,6.9,,,,,
353,12/18/88,6.7,,,,,
354,12/19/88,6.9,,,,,
355,12/20/88,7,,,,,
356,12/21/88,7.1,,,,,
357,12/22/88,7,,,,,
358,12/23/88,6.9,,,,,
359,12/24/88,6.8,,,,,
360,12/25/88,6.8,,,,,
361,12/26/88,6.8,,,,,
362,12/27/88,6.7,,,,,
363,12/28/88,6.7,,,,,
364,12/29/88,6.6,,,,,
365,12/30/88,6.5,,,,,
366,12/31/88,6.5,,,,,
1,1/1/89,6.5,,,,,
2,1/2/89,6.4,,,,,
3,1/3/89,6.3,,,,,
4,1/4/89,6.1,,,,,
5,1/5/89,5.9,,,,,
6,1/6/89,5.9,,,,,
7,1/7/89,5.6,,,,,
8,1/8/89,5.4,,,,,
9,1/9/89,5.4,,,,,
10,1/10/89,5.4,,,,,
11,1/11/89,5.4,,,,,
12,1/12/89,5.5,,,,,
13,1/13/89,5.9,,,,,
14,1/14/89,5.9,,,,,
15,1/15/89,5.9,,,,,
16,1/16/89,5.6,,,,,
17,1/17/89,5.3,,,,,
18,1/18/89,5.3,,,,,
19,1/19/89,5.3,,,,,
20,1/20/89,5.3,,,,,
21,1/21/89,5.3,,,,,
22,1/22/89,5.3,,,,,
23,1/23/89,5.4,,,,,
24,1/24/89,5.7,,,,,
25,1/25/89,5.6,,,,,
26,1/26/89,5.4,,,,,
27,1/27/89,5.4,,,,,
28,1/28/89,5.5,,,,,
29,1/29/89,5.5,,,,,
30,1/30/89,5.3,,,,,
31,1/31/89,5.5,,,,,
32,2/1/89,5.6,,,,,
33,2/2/89,5.7,,,,,
34,2/3/89,5.5,,,,,
35,2/4/89,5,,,,,
36,2/5/89,4.8,,,,,
37,2/6/89,4.5,,,,,
38,2/7/89,4.5,,,,,
39,2/8/89,4.6,,,,,
40,2/9/89,4.5,,,,,
41,2/10/89,4.8,,,,,
42,2/11/89,4.9,,,,,
43,2/12/89,4.9,,,,,
44,2/13/89,4.8,,,,,
45,2/14/89,4.8,,,,,
46,2/15/89,4.8,,,,,
47,2/16/89,4.7,,,,,
48,2/17/89,4.5,,,,,
49,2/18/89,4.4,,,,,
50,2/19/89,4.5,,,,,
51,2/20/89,4.6,,,,,
52,2/21/89,4.6,,,,,
53,2/22/89,4.8,,,,,
54,2/23/89,4.8,,,,,
55,2/24/89,4.8,,,,,
56,2/25/89,4.7,,,,,
57,2/26/89,4.4,,,,,
58,2/27/89,4.3,,,,,
59,2/28/89,4.4,,,,,
60,3/1/89,4.3,,,,,
61,3/2/89,4.2,,,,,
62,3/3/89,4,,,,,
63,3/4/89,3.9,,,,,
64,3/5/89,3.9,,,,,
65,3/6/89,3.7,,,,,
66,3/7/89,3.7,,,,,
67,3/8/89,3.8,,,,,
68,3/9/89,3.9,,,,,
69,3/10/89,4,,,,,
70,3/11/89,3.9,,,,,
71,3/12/89,3.8,,,,,
72,3/13/89,3.7,,,,,
73,3/14/89,3.7,,,,,
74,3/15/89,3.7,,,,,
75,3/16/89,3.4,,,,,
76,3/17/89,3.2,,,,,
77,3/18/89,3.2,,,,,
78,3/19/89,3.4,,,,,
79,3/20/89,3.5,,,,,
80,3/21/89,3.6,,,,,
81,3/22/89,3.5,,,,,
82,3/23/89,3.6,,,,,
83,3/24/89,3.5,,,,,
84,3/25/89,3.8,,,,,
85,3/26/89,3.9,,,,,
86,3/27/89,3.9,,,,,
87,3/28/89,3.9,,,,,
88,3/29/89,4,,,,,
89,3/30/89,4,,,,,
90,3/31/89,4,,,,,
91,4/1/89,4.2,,,,,
92,4/2/89,4.2,,,,,
93,4/3/89,4.1,,,,,
94,4/4/89,4.1,,,,,
95,4/5/89,4.1,,,,,
96,4/6/89,4.5,,,,,
97,4/7/89,4.5,,,,,
98,4/8/89,4.5,,,,,
99,4/9/89,4.7,,,,,
100,4/10/89,4.8,,,,,
101,4/11/89,5,,,,,
102,4/12/89,5,,,,,
103,4/13/89,4.9,,,,,
104,4/14/89,4.9,,,,,
105,4/15/89,5,,,,,
106,4/16/89,5.2,,,,,
107,4/17/89,5.2,,,,,
108,4/18/89,5.2,,,,,
109,4/19/89,5,,,,,
110,4/20/89,5,,,,,
111,4/21/89,4.9,,,,,
112,4/22/89,5,,,,,
113,4/23/89,4.7,,,,,
114,4/24/89,4.8,,,,,
115,4/25/89,5,,,,,
116,4/26/89,5.7,,,,,
117,4/27/89,5.6,,,,,
118,4/28/89,5.7,,,,,
119,4/29/89,5.8,,,,,
120,4/30/89,5.7,,,,,
121,5/1/89,5.8,,,,,
122,5/2/89,6,,,,,
123,5/3/89,6.1,,,,,
124,5/4/89,6.3,,,,,
125,5/5/89,6.4,,,,,
126,5/6/89,6.3,,,,,
127,5/7/89,6.5,,,,,
128,5/8/89,6.7,,,,,
129,5/9/89,6.8,,,,,
130,5/10/89,6.9,,,,,
131,5/11/89,6.9,,,,,
132,5/12/89,8.1,,,,,
133,5/13/89,8.1,,,,,
134,5/14/89,8,,,,,
135,5/15/89,7.8,,,,,
136,5/16/89,7.9,,,,,
137,5/17/89,8.6,,,,,
138,5/18/89,8.9,,,,,
139,5/19/89,9.1,,,,,
140,5/20/89,9,,,,,
141,5/21/89,9.5,,,,,
142,5/22/89,9.8,,,,,
143,5/23/89,10,,,,,
144,5/24/89,10.1,,,,,
145,5/25/89,10,,,,,
146,5/26/89,10,,,,,
147,5/27/89,10.2,,,,,
148,5/28/89,10,,,,,
149,5/29/89,9.9,,,,,
150,5/30/89,9.9,,,,,
151,5/31/89,10.2,,,,,
152,6/1/89,11,,,,,
153,6/2/89,11.5,,,,,
154,6/3/89,11.6,,,,,
155,6/4/89,11.6,,,,,
156,6/5/89,11.7,,,,,
157,6/6/89,11.9,,,,,
158,6/7/89,11.9,,,,,
159,6/8/89,12.1,,,,,
160,6/9/89,12.2,,,,,
161,6/10/89,11.3,,,,,
162,6/11/89,10.9,,,,,
163,6/12/89,10.8,,,,,
164,6/13/89,11.1,,,,,
165,6/14/89,11.9,,,,,
166,6/15/89,11.9,,,,,
167,6/16/89,11.6,,,,,
168,6/17/89,11.8,,,,,
169,6/18/89,12.2,,,,,
170,6/19/89,12.2,,,,,
171,6/20/89,12.2,,,,,
172,6/21/89,12.4,,,,,
173,6/22/89,13.1,,,,,
174,6/23/89,13.5,,,,,
175,6/24/89,12.7,,,,,
176,6/25/89,12.9,,,,,
177,6/26/89,13.8,,,,,
178,6/27/89,14.1,,,,,
179,6/28/89,14.3,,,,,
180,6/29/89,14.4,,,,,
181,6/30/89,14.5,,,,,
182,7/1/89,14.6,,,,,
183,7/2/89,14.3,,,,,
184,7/3/89,14.1,,,,,
185,7/4/89,14.2,,,,,
186,7/5/89,14.7,,,,,
187,7/6/89,15,,,,,
188,7/7/89,15.1,,,,,
189,7/8/89,15,,,,,
190,7/9/89,15.1,,,,,
191,7/10/89,15.2,,,,,
192,7/11/89,14.8,,,,,
193,7/12/89,14.9,,,,,
194,7/13/89,15,,,,,
195,7/14/89,15.6,,,,,
196,7/15/89,15.6,,,,,
197,7/16/89,15.6,,,,,
198,7/17/89,15.5,,,,,
199,7/18/89,15.2,,,,,
200,7/19/89,15.1,,,,,
201,7/20/89,15.7,,,,,
202,7/21/89,15.8,,,,,
203,7/22/89,15.8,,,,,
204,7/23/89,15.9,,,,,
205,7/24/89,15.8,,,,,
206,7/25/89,16,,,,,
207,7/26/89,16.8,,,,,
208,7/27/89,17.1,,,,,
209,7/28/89,16.7,,,,,
210,7/29/89,16.5,,,,,
211,7/30/89,16.5,,,,,
212,7/31/89,16.5,,,,,
213,8/1/89,16,,,,,
214,8/2/89,15.9,,,,,
215,8/3/89,16.5,,,,,
216,8/4/89,17,,,,,
217,8/5/89,16.9,,,,,
218,8/6/89,17,,,,,
219,8/7/89,16.9,,,,,
220,8/8/89,16.5,,,,,
221,8/9/89,16.7,,,,,
222,8/10/89,17.1,,,,,
223,8/11/89,17.3,,,,,
224,8/12/89,17.6,,,,,
225,8/13/89,17.9,,,,,
226,8/14/89,18,,,,,
227,8/15/89,18,,,,,
228,8/16/89,18,,,,,
229,8/17/89,17.9,,,,,
230,8/18/89,17.8,,,,,
231,8/19/89,17.7,,,,,
232,8/20/89,17.4,,,,,
233,8/21/89,17.4,,,,,
234,8/22/89,17.4,,,,,
235,8/23/89,17.3,,,,,
236,8/24/89,16.7,,,,,
237,8/25/89,16.4,,,,,
238,8/26/89,16.1,,,,,
239,8/27/89,16,,,,,
240,8/28/89,16.1,,,,,
241,8/29/89,16.4,,,,,
242,8/30/89,16.4,,,,,
243,8/31/89,15.9,,,,,
244,9/1/89,15.7,,,,,
245,9/2/89,15.6,,,,,
246,9/3/89,15.5,,,,,
247,9/4/89,15.5,,,,,
248,9/5/89,15.7,,,,,
249,9/6/89,16.1,,,,,
250,9/7/89,16.3,,,,,
251,9/8/89,16.6,,,,,
252,9/9/89,17.3,,,,,
253,9/10/89,17.6,,,,,
254,9/11/89,17.7,,,,,
255,9/12/89,17.3,,,,,
256,9/13/89,17.1,,,,,
257,9/14/89,17.1,,,,,
258,9/15/89,16.5,,,,,
259,9/16/89,15.9,,,,,
260,9/17/89,15.9,,,,,
261,9/18/89,15.8,,,,,
262,9/19/89,15.7,,,,,
263,9/20/89,15.6,,,,,
264,9/21/89,15.7,,,,,
265,9/22/89,15.8,,,,,
266,9/23/89,15.2,,,,,
267,9/24/89,14.6,,,,,
268,9/25/89,14.5,,,,,
269,9/26/89,14.4,,,,,
270,9/27/89,13.5,,,,,
271,9/28/89,13.4,,,,,
272,9/29/89,13.2,,,,,
273,9/30/89,13,,,,,
274,10/1/89,12.7,,,,,
275,10/2/89,12.9,,,,,
276,10/3/89,13.2,,,,,
277,10/4/89,12.6,,,,,
278,10/5/89,12.1,,,,,
279,10/6/89,12.2,,,,,
280,10/7/89,12.3,,,,,
281,10/8/89,12.2,,,,,
282,10/9/89,11.9,,,,,
283,10/10/89,11.7,,,,,
284,10/11/89,11.7,,,,,
285,10/12/89,12,,,,,
286,10/13/89,12.2,,,,,
287,10/14/89,12.2,,,,,
288,10/15/89,11.9,,,,,
289,10/16/89,11.1,,,,,
290,10/17/89,11.2,,,,,
291,10/18/89,11.4,,,,,
292,10/19/89,11.4,,,,,
293,10/20/89,11.3,,,,,
294,10/21/89,11.2,,,,,
295,10/22/89,11.3,,,,,
296,10/23/89,11.3,,,,,
297,10/24/89,11.4,,,,,
298,10/25/89,11.4,,,,,
299,10/26/89,11.4,,,,,
300,10/27/89,11.6,,,,,
301,10/28/89,11.8,,,,,
302,10/29/89,11.9,,,,,
303,10/30/89,11.8,,,,,
304,10/31/89,11.6,,,,,
305,11/1/89,11.7,,,,,
306,11/2/89,11.6,,,,,
307,11/3/89,11.4,,,,,
308,11/4/89,10.5,,,,,
309,11/5/89,10.5,,,,,
310,11/6/89,10.8,,,,,
311,11/7/89,10.9,,,,,
312,11/8/89,10.8,,,,,
313,11/9/89,10.8,,,,,
314,11/10/89,10.7,,,,,
315,11/11/89,10.6,,,,,
316,11/12/89,10.4,,,,,
317,11/13/89,10,,,,,
318,11/14/89,10.2,,,,,
319,11/15/89,10.2,,,,,
320,11/16/89,10,,,,,
321,11/17/89,9.9,,,,,
322,11/18/89,9.8,,,,,
323,11/19/89,9.5,,,,,
324,11/20/89,9.4,,,,,
325,11/21/89,8.9,,,,,
326,11/22/89,8.8,,,,,
327,11/23/89,8.7,,,,,
328,11/24/89,8.4,,,,,
329,11/25/89,8.3,,,,,
330,11/26/89,8.2,,,,,
331,11/27/89,8.2,,,,,
332,11/28/89,8.4,,,,,
333,11/29/89,8.4,,,,,
334,11/30/89,8.3,,,,,
335,12/1/89,8.1,,,,,
336,12/2/89,7.9,,,,,
337,12/3/89,7.8,,,,,
338,12/4/89,7.8,,,,,
339,12/5/89,7.7,,,,,
340,12/6/89,7.6,,,,,
341,12/7/89,7.5,,,,,
342,12/8/89,7.4,,,,,
343,12/9/89,7.3,,,,,
344,12/10/89,7.3,,,,,
345,12/11/89,7.2,,,,,
346,12/12/89,7.1,,,,,
347,12/13/89,7,,,,,
348,12/14/89,6.9,,,,,
349,12/15/89,6.7,,,,,
350,12/16/89,6.5,,,,,
351,12/17/89,6.2,,,,,
352,12/18/89,6.3,,,,,
353,12/19/89,6.2,,,,,
354,12/20/89,6.2,,,,,
355,12/21/89,6,,,,,
356,12/22/89,6,,,,,
357,12/23/89,6,,,,,
358,12/24/89,6,,,,,
359,12/25/89,5.8,,,,,
360,12/26/89,5.6,,,,,
361,12/27/89,5.6,,,,,
362,12/28/89,5.4,,,,,
363,12/29/89,5.4,,,,,
364,12/30/89,5.5,,,,,
365,12/31/89,5.3,,,,,
1,1/1/90,5.5,,,,,
2,1/2/90,5.7,,,,,
3,1/3/90,5.7,,,,,
4,1/4/90,5.6,,,,,
5,1/5/90,5.8,,,,,
6,1/6/90,5.7,,,,,
7,1/7/90,5.7,,,,,
8,1/8/90,5.6,,,,,
9,1/9/90,5.6,,,,,
10,1/10/90,5.5,,,,,
11,1/11/90,5.2,,,,,
12,1/12/90,5.2,,,,,
13,1/13/90,5.2,,,,,
14,1/14/90,4.9,,,,,
15,1/15/90,4.7,,,,,
16,1/16/90,4.9,,,,,
17,1/17/90,5,,,,,
18,1/18/90,5.1,,,,,
19,1/19/90,4.8,,,,,
20,1/20/90,4.8,,,,,
21,1/21/90,4.8,,,,,
22,1/22/90,4.9,,,,,
23,1/23/90,4.9,,,,,
24,1/24/90,4.8,,,,,
25,1/25/90,4.7,,,,,
26,1/26/90,5.4,,,,,
27,1/27/90,5.5,,,,,
28,1/28/90,5.3,,,,,
29,1/29/90,5,,,,,
30,1/30/90,5.2,,,,,
31,1/31/90,5.2,,,,,
32,2/1/90,5.2,,,,,
33,2/2/90,5.1,,,,,
34,2/3/90,4.9,,,,,
35,2/4/90,4.6,,,,,
36,2/5/90,4.6,,,,,
37,2/6/90,4.5,,,,,
38,2/7/90,4.8,,,,,
39,2/8/90,4.9,,,,,
40,2/9/90,4.9,,,,,
41,2/10/90,4.8,,,,,
42,2/11/90,4.7,,,,,
43,2/12/90,4.6,,,,,
44,2/13/90,4.8,,,,,
45,2/14/90,4.9,,,,,
46,2/15/90,4.8,,,,,
47,2/16/90,4.8,,,,,
48,2/17/90,4.8,,,,,
49,2/18/90,4.7,,,,,
50,2/19/90,4.6,,,,,
51,2/20/90,4.7,,,,,
52,2/21/90,4.8,,,,,
53,2/22/90,4.8,,,,,
54,2/23/90,4.7,,,,,
55,2/24/90,4.4,,,,,
56,2/25/90,4.2,,,,,
57,2/26/90,4.2,,,,,
58,2/27/90,4.6,,,,,
59,2/28/90,4.8,,,,,
60,3/1/90,4.9,,,,,
61,3/2/90,5,,,,,
62,3/3/90,5.1,,,,,
63,3/4/90,5.1,,,,,
64,3/5/90,4.7,,,,,
65,3/6/90,4.6,,,,,
66,3/7/90,4.6,,,,,
67,3/8/90,4.8,,,,,
68,3/9/90,4.9,,,,,
69,3/10/90,4.9,,,,,
70,3/11/90,4.8,,,,,
71,3/12/90,4.6,,,,,
72,3/13/90,4.3,,,,,
73,3/14/90,4.3,,,,,
74,3/15/90,4.4,,,,,
75,3/16/90,4.2,,,,,
76,3/17/90,4.3,,,,,
77,3/18/90,4.8,,,,,
78,3/19/90,4.8,,,,,
79,3/20/90,4.8,,,,,
80,3/21/90,4.8,,,,,
81,3/22/90,4.8,,,,,
82,3/23/90,4.8,,,,,
83,3/24/90,4.7,,,,,
84,3/25/90,4.8,,,,,
85,3/26/90,4.8,,,,,
86,3/27/90,4.5,,,,,
87,3/28/90,4.3,,,,,
88,3/29/90,4.5,,,,,
89,3/30/90,4.4,,,,,
90,3/31/90,4.3,,,,,
91,4/1/90,4.2,,,,,
92,4/2/90,4,,,,,
93,4/3/90,4,,,,,
94,4/4/90,4.9,,,,,
95,4/5/90,4.9,,,,,
96,4/6/90,4.9,,,,,
97,4/7/90,4.6,,,,,
98,4/8/90,4.7,,,,,
99,4/9/90,4.7,,,,,
100,4/10/90,4.7,,,,,
101,4/11/90,4.7,,,,,
102,4/12/90,4.8,,,,,
103,4/13/90,4.8,,,,,
104,4/14/90,4.6,,,,,
105,4/15/90,4.4,,,,,
106,4/16/90,4.7,,,,,
107,4/17/90,4.8,,,,,
108,4/18/90,4.7,,,,,
109,4/19/90,4.8,,,,,
110,4/20/90,4.8,,,,,
111,4/21/90,5.3,,,,,
112,4/22/90,5.7,,,,,
113,4/23/90,5.9,,,,,
114,4/24/90,5.8,,,,,
115,4/25/90,5.8,,,,,
116,4/26/90,5.7,,,,,
117,4/27/90,6.6,,,,,
118,4/28/90,7.5,,,,,
119,4/29/90,7.7,,,,,
120,4/30/90,7.6,,,,,
121,5/1/90,6.8,,,,,
122,5/2/90,6.8,,,,,
123,5/3/90,7.2,,,,,
124,5/4/90,7.3,,,,,
125,5/5/90,7.2,,,,,
126,5/6/90,6.3,,,,,
127,5/7/90,6.2,,,,,
128,5/8/90,6.4,,,,,
129,5/9/90,6.5,,,,,
130,5/10/90,6.5,,,,,
131,5/11/90,6.5,,,,,
132,5/12/90,6.6,,,,,
133,5/13/90,6.6,,,,,
134,5/14/90,6.8,,,,,
135,5/15/90,6.8,,,,,
136,5/16/90,6.8,,,,,
137,5/17/90,6.7,,,,,
138,5/18/90,6.7,,,,,
139,5/19/90,6.8,,,,,
140,5/20/90,6.9,,,,,
141,5/21/90,6.9,,,,,
142,5/22/90,6.8,,,,,
143,5/23/90,7,,,,,
144,5/24/90,7.8,,,,,
145,5/25/90,7.8,,,,,
146,5/26/90,7.9,,,,,
147,5/27/90,8.4,,,,,
148,5/28/90,8.9,,,,,
149,5/29/90,9.1,,,,,
150,5/30/90,8.7,,,,,
151,5/31/90,8.5,,,,,
152,6/1/90,8.5,,,,,
153,6/2/90,8.6,,,,,
154,6/3/90,8.9,,,,,
155,6/4/90,9.2,,,,,
156,6/5/90,9.2,,,,,
157,6/6/90,9.3,,,,,
158,6/7/90,9.4,,,,,
159,6/8/90,10,,,,,
160,6/9/90,10.2,,,,,
161,6/10/90,10.3,,,,,
162,6/11/90,10.1,,,,,
163,6/12/90,10.5,,,,,
164,6/13/90,10.7,,,,,
165,6/14/90,11.1,,,,,
166,6/15/90,11.5,,,,,
167,6/16/90,12.2,,,,,
168,6/17/90,12.3,,,,,
169,6/18/90,12.4,,,,,
170,6/19/90,12.3,,,,,
171,6/20/90,12.3,,,,,
172,6/21/90,12.6,,,,,
173,6/22/90,12.6,,,,,
174,6/23/90,12.7,,,,,
175,6/24/90,12.8,,,,,
176,6/25/90,12.9,,,,,
177,6/26/90,13.1,,,,,
178,6/27/90,13.2,,,,,
179,6/28/90,13,,,,,
180,6/29/90,13.1,,,,,
181,6/30/90,13.2,,,,,
182,7/1/90,13.3,,,,,
183,7/2/90,13.6,,,,,
184,7/3/90,13.8,,,,,
185,7/4/90,14.1,,,,,
186,7/5/90,14.3,,,,,
187,7/6/90,14.4,,,,,
188,7/7/90,14.2,,,,,
189,7/8/90,14.3,,,,,
190,7/9/90,14.8,,,,,
191,7/10/90,15.1,,,,,
192,7/11/90,15,,,,,
193,7/12/90,15,,,,,
194,7/13/90,15.1,,,,,
195,7/14/90,15.1,,,,,
196,7/15/90,16.2,,,,,
197,7/16/90,16.5,,,,,
198,7/17/90,16.4,,,,,
199,7/18/90,16.5,,,,,
200,7/19/90,16.3,,,,,
201,7/20/90,16,,,,,
202,7/21/90,16.5,,,,,
203,7/22/90,17.1,,,,,
204,7/23/90,17.3,,,,,
205,7/24/90,17.2,,,,,
206,7/25/90,17.3,,,,,
207,7/26/90,17.3,,,,,
208,7/27/90,16.8,,,,,
209,7/28/90,16.4,,,,,
210,7/29/90,16.4,,,,,
211,7/30/90,16.5,,,,,
212,7/31/90,17,,,,,
213,8/1/90,17.1,,,,,
214,8/2/90,17.3,,,,,
215,8/3/90,17.6,,,,,
216,8/4/90,18,,,,,
217,8/5/90,18.5,,,,,
218,8/6/90,18.7,,,,,
219,8/7/90,18.7,,,,,
220,8/8/90,18.9,,,,,
221,8/9/90,18.9,,,,,
222,8/10/90,18.5,,,,,
223,8/11/90,18.6,,,,,
224,8/12/90,19.1,,,,,
225,8/13/90,19.2,,,,,
226,8/14/90,19.1,,,,,
227,8/15/90,18.9,,,,,
228,8/16/90,19,,,,,
229,8/17/90,19.1,,,,,
230,8/18/90,19.1,,,,,
231,8/19/90,19,,,,,
232,8/20/90,17.6,,,,,
233,8/21/90,17.2,,,,,
234,8/22/90,17.2,,,,,
235,8/23/90,17.2,,,,,
236,8/24/90,17.5,,,,,
237,8/25/90,18.1,,,,,
238,8/26/90,18,,,,,
239,8/27/90,18.3,,,,,
240,8/28/90,18.3,,,,,
241,8/29/90,18.2,,,,,
242,8/30/90,18.6,,,,,
243,8/31/90,18.6,,,,,
244,9/1/90,18.8,,,,,
245,9/2/90,18.6,,,,,
246,9/3/90,17.8,,,,,
247,9/4/90,17.6,,,,,
248,9/5/90,17.6,,,,,
249,9/6/90,17.5,,,,,
250,9/7/90,16.9,,,,,
251,9/8/90,16.6,,,,,
252,9/9/90,16.4,,,,,
253,9/10/90,16.4,,,,,
254,9/11/90,16.4,,,,,
255,9/12/90,16.1,,,,,
256,9/13/90,15.9,,,,,
257,9/14/90,16.1,,,,,
258,9/15/90,16.2,,,,,
259,9/16/90,16,,,,,
260,9/17/90,15.8,,,,,
261,9/18/90,15.1,,,,,
262,9/19/90,14.9,,,,,
263,9/20/90,14.8,,,,,
264,9/21/90,14.8,,,,,
265,9/22/90,14.6,,,,,
266,9/23/90,14.4,,,,,
267,9/24/90,14.2,,,,,
268,9/25/90,14.3,,,,,
269,9/26/90,14.4,,,,,
270,9/27/90,14.5,,,,,
271,9/28/90,14.4,,,,,
272,9/29/90,14.4,,,,,
273,9/30/90,14.4,,,,,
274,10/1/90,14.2,,,,,
275,10/2/90,13.9,,,,,
276,10/3/90,13.5,,,,,
277,10/4/90,13.4,,,,,
278,10/5/90,13.5,,,,,
279,10/6/90,13.7,,,,,
280,10/7/90,13.9,,,,,
281,10/8/90,13.9,,,,,
282,10/9/90,13.9,,,,,
283,10/10/90,13.8,,,,,
284,10/11/90,13.8,,,,,
285,10/12/90,13.9,,,,,
286,10/13/90,14,,,,,
287,10/14/90,14.4,,,,,
288,10/15/90,14.3,,,,,
289,10/16/90,14.1,,,,,
290,10/17/90,13.8,,,,,
291,10/18/90,13.6,,,,,
292,10/19/90,12.7,,,,,
293,10/20/90,12.5,,,,,
294,10/21/90,12.4,,,,,
295,10/22/90,12.4,,,,,
296,10/23/90,12,,,,,
297,10/24/90,11.9,,,,,
298,10/25/90,11.9,,,,,
299,10/26/90,11.7,,,,,
300,10/27/90,11.6,,,,,
301,10/28/90,11.6,,,,,
302,10/29/90,11.4,,,,,
303,10/30/90,11.2,,,,,
304,10/31/90,11.1,,,,,
305,11/1/90,11,,,,,
306,11/2/90,11,,,,,
307,11/3/90,11.2,,,,,
308,11/4/90,10.8,,,,,
309,11/5/90,10.4,,,,,
310,11/6/90,10.2,,,,,
311,11/7/90,10,,,,,
312,11/8/90,9.8,,,,,
313,11/9/90,9.5,,,,,
314,11/10/90,9.6,,,,,
315,11/11/90,9.6,,,,,
316,11/12/90,9.5,,,,,
317,11/13/90,9.3,,,,,
318,11/14/90,8.9,,,,,
319,11/15/90,9,,,,,
320,11/16/90,9.3,,,,,
321,11/17/90,9.3,,,,,
322,11/18/90,9.3,,,,,
323,11/19/90,8.7,,,,,
324,11/20/90,8.6,,,,,
325,11/21/90,8.6,,,,,
326,11/22/90,8.6,,,,,
327,11/23/90,8.5,,,,,
328,11/24/90,8.6,,,,,
329,11/25/90,8.7,,,,,
330,11/26/90,8.6,,,,,
331,11/27/90,8.9,,,,,
332,11/28/90,9.5,,,,,
333,11/29/90,9.4,,,,,
334,11/30/90,8.4,,,,,
335,12/1/90,8.4,,,,,
336,12/2/90,8.2,,,,,
337,12/3/90,8.1,,,,,
338,12/4/90,8.1,,,,,
339,12/5/90,7.6,,,,,
340,12/6/90,7.4,,,,,
341,12/7/90,7.4,,,,,
342,12/8/90,7.5,,,,,
343,12/9/90,7.4,,,,,
344,12/10/90,7.3,,,,,
345,12/11/90,7,,,,,
346,12/12/90,6.9,,,,,
347,12/13/90,6.9,,,,,
348,12/14/90,6.8,,,,,
349,12/15/90,6.9,,,,,
350,12/16/90,7.1,,,,,
351,12/17/90,7,,,,,
352,12/18/90,7,,,,,
353,12/19/90,7.2,,,,,
354,12/20/90,7.2,,,,,
355,12/21/90,7.1,,,,,
356,12/22/90,6.9,,,,,
357,12/23/90,7,,,,,
358,12/24/90,7.1,,,,,
359,12/25/90,7.2,,,,,
360,12/26/90,7.4,,,,,
361,12/27/90,7.4,,,,,
362,12/28/90,7.4,,,,,
363,12/29/90,7.1,,,,,
364,12/30/90,6.9,,,,,
365,12/31/90,7,,,,,
1,1/1/91,7,,,,,
2,1/2/91,7,,,,,
3,1/3/91,6.9,,,,,
4,1/4/91,6.8,,,,,
5,1/5/91,6.8,,,,,
6,1/6/91,6.8,,,,,
7,1/7/91,6.5,,,,,
8,1/8/91,6.4,,,,,
9,1/9/91,6.3,,,,,
10,1/10/91,6.4,,,,,
11,1/11/91,6.3,,,,,
12,1/12/91,6.2,,,,,
13,1/13/91,6.1,,,,,
14,1/14/91,6,,,,,
15,1/15/91,5.9,,,,,
16,1/16/91,5.8,,,,,
17,1/17/91,6,,,,,
18,1/18/91,6,,,,,
19,1/19/91,5.6,,,,,
20,1/20/91,5.5,,,,,
21,1/21/91,5.5,,,,,
22,1/22/91,5.4,,,,,
23,1/23/91,5.3,,,,,
24,1/24/91,5.3,,,,,
25,1/25/91,5.2,,,,,
26,1/26/91,5.1,,,,,
27,1/27/91,5,,,,,
28,1/28/91,4.9,,,,,
29,1/29/91,4.8,,,,,
30,1/30/91,4.8,,,,,
31,1/31/91,4.8,,,,,
32,2/1/91,4.9,,,,,
33,2/2/91,5,,,,,
34,2/3/91,5.1,,,,,
35,2/4/91,5.2,,,,,
36,2/5/91,5.3,,,,,
37,2/6/91,5.2,,,,,
38,2/7/91,4.7,,,,,
39,2/8/91,4.8,,,,,
40,2/9/91,5.1,,,,,
41,2/10/91,5,,,,,
42,2/11/91,4.8,,,,,
43,2/12/91,4.5,,,,,
44,2/13/91,4.2,,,,,
45,2/14/91,4.6,,,,,
46,2/15/91,4.6,,,,,
47,2/16/91,4.5,,,,,
48,2/17/91,4.4,,,,,
49,2/18/91,4.5,,,,,
50,2/19/91,4.6,,,,,
51,2/20/91,4.6,,,,,
52,2/21/91,4.5,,,,,
53,2/22/91,4.5,,,,,
54,2/23/91,4.5,,,,,
55,2/24/91,4.5,,,,,
56,2/25/91,4.3,,,,,
57,2/26/91,4.2,,,,,
58,2/27/91,4.5,,,,,
59,2/28/91,4.5,,,,,
60,3/1/91,4.5,,,,,
61,3/2/91,4.5,,,,,
62,3/3/91,4.7,,,,,
63,3/4/91,4.6,,,,,
64,3/5/91,5.4,,,,,
65,3/6/91,5.4,,,,,
66,3/7/91,5.3,,,,,
67,3/8/91,4.9,,,,,
68,3/9/91,4.9,,,,,
69,3/10/91,4.7,,,,,
70,3/11/91,4.4,,,,,
71,3/12/91,4.3,,,,,
72,3/13/91,4.4,,,,,
73,3/14/91,4.4,,,,,
74,3/15/91,4.3,,,,,
75,3/16/91,4.3,,,,,
76,3/17/91,4.3,,,,,
77,3/18/91,4.1,,,,,
78,3/19/91,4.1,,,,,
79,3/20/91,4.1,,,,,
80,3/21/91,4,,,,,
81,3/22/91,4,,,,,
82,3/23/91,4.1,,,,,
83,3/24/91,4.1,,,,,
84,3/25/91,3.9,,,,,
85,3/26/91,3.9,,,,,
86,3/27/91,4.1,,,,,
87,3/28/91,4.4,,,,,
88,3/29/91,4.3,,,,,
89,3/30/91,4.2,,,,,
90,3/31/91,4.3,,,,,
91,4/1/91,4.3,,,,,
92,4/2/91,4.1,,,,,
93,4/3/91,4.2,,,,,
94,4/4/91,4.2,,,,,
95,4/5/91,4.3,,,,,
96,4/6/91,4.7,,,,,
97,4/7/91,5.5,,,,,
98,4/8/91,5.5,,,,,
99,4/9/91,5.5,,,,,
100,4/10/91,5.4,,,,,
101,4/11/91,4.8,,,,,
102,4/12/91,4.7,,,,,
103,4/13/91,4.7,,,,,
104,4/14/91,4.8,,,,,
105,4/15/91,4.9,,,,,
106,4/16/91,5.3,,,,,
107,4/17/91,4.9,,,,,
108,4/18/91,4.7,,,,,
109,4/19/91,4.7,,,,,
110,4/20/91,4.8,,,,,
111,4/21/91,5,,,,,
112,4/22/91,5,,,,,
113,4/23/91,5.1,,,,,
114,4/24/91,5.5,,,,,
115,4/25/91,6.1,,,,,
116,4/26/91,6.1,,,,,
117,4/27/91,6.2,,,,,
118,4/28/91,6.1,,,,,
119,4/29/91,6,,,,,
120,4/30/91,5.9,,,,,
121,5/1/91,6.1,,,,,
122,5/2/91,6.5,,,,,
123,5/3/91,6.4,,,,,
124,5/4/91,6.4,,,,,
125,5/5/91,6.5,,,,,
126,5/6/91,6.6,,,,,
127,5/7/91,6.9,,,,,
128,5/8/91,6.8,,,,,
129,5/9/91,6.8,,,,,
130,5/10/91,7.5,,,,,
131,5/11/91,7.8,,,,,
132,5/12/91,8.2,,,,,
133,5/13/91,8.3,,,,,
134,5/14/91,8.5,,,,,
135,5/15/91,9.2,,,,,
136,5/16/91,9.3,,,,,
137,5/17/91,9.1,,,,,
138,5/18/91,8.4,,,,,
139,5/19/91,8.6,,,,,
140,5/20/91,9.1,,,,,
141,5/21/91,9.4,,,,,
142,5/22/91,10,,,,,
143,5/23/91,10,,,,,
144,5/24/91,9.9,,,,,
145,5/25/91,11,,,,,
146,5/26/91,11,,,,,
147,5/27/91,11,,,,,
148,5/28/91,11.7,,,,,
149,5/29/91,12.1,,,,,
150,5/30/91,12.2,,,,,
151,5/31/91,11.9,,,,,
152,6/1/91,11.7,,,,,
153,6/2/91,12,,,,,
154,6/3/91,12.4,,,,,
155,6/4/91,12.4,,,,,
156,6/5/91,11.5,,,,,
157,6/6/91,11.8,,,,,
158,6/7/91,12,,,,,
159,6/8/91,12.2,,,,,
160,6/9/91,12.1,,,,,
161,6/10/91,12.1,,,,,
162,6/11/91,12.3,,,,,
163,6/12/91,12.5,,,,,
164,6/13/91,12,,,,,
165,6/14/91,11.7,,,,,
166,6/15/91,11.6,,,,,
167,6/16/91,11.6,,,,,
168,6/17/91,11.4,,,,,
169,6/18/91,11.6,,,,,
170,6/19/91,12.1,,,,,
171,6/20/91,13.1,,,,,
172,6/21/91,13.1,,,,,
173,6/22/91,13.1,,,,,
174,6/23/91,13.7,,,,,
175,6/24/91,14.1,,,,,
176,6/25/91,14.2,,,,,
177,6/26/91,14.3,,,,,
178,6/27/91,14.2,,,,,
179,6/28/91,14.2,,,,,
180,6/29/91,14.7,,,,,
181,6/30/91,15.1,,,,,
182,7/1/91,15.3,,,,,
183,7/2/91,15.4,,,,,
184,7/3/91,15.6,,,,,
185,7/4/91,15.9,,,,,
186,7/5/91,15.8,,,,,
187,7/6/91,15.8,,,,,
188,7/7/91,15.7,,,,,
189,7/8/91,15.9,,,,,
190,7/9/91,16,,,,,
191,7/10/91,16.1,,,,,
192,7/11/91,16.1,,,,,
193,7/12/91,16,,,,,
194,7/13/91,15.8,,,,,
195,7/14/91,15.4,,,,,
196,7/15/91,15.9,,,,,
197,7/16/91,16.2,,,,,
198,7/17/91,16.4,,,,,
199,7/18/91,16.4,,,,,
200,7/19/91,16.6,,,,,
201,7/20/91,16.7,,,,,
202,7/21/91,17,,,,,
203,7/22/91,17.1,,,,,
204,7/23/91,17.3,,,,,
205,7/24/91,17.4,,,,,
206,7/25/91,17.5,,,,,
207,7/26/91,17.3,,,,,
208,7/27/91,17.3,,,,,
209,7/28/91,17.3,,,,,
210,7/29/91,17.4,,,,,
211,7/30/91,17.4,,,,,
212,7/31/91,17,,,,,
213,8/1/91,17.4,,,,,
214,8/2/91,17.3,,,,,
215,8/3/91,17.3,,,,,
216,8/4/91,17.3,,,,,
217,8/5/91,16.7,,,,,
218,8/6/91,17,,,,,
219,8/7/91,17.3,,,,,
220,8/8/91,17.5,,,,,
221,8/9/91,17.6,,,,,
222,8/10/91,16.7,,,,,
223,8/11/91,16.5,,,,,
224,8/12/91,16.5,,,,,
225,8/13/91,16.6,,,,,
226,8/14/91,17,,,,,
227,8/15/91,17.1,,,,,
228,8/16/91,17.2,,,,,
229,8/17/91,17.3,,,,,
230,8/18/91,17.3,,,,,
231,8/19/91,17,,,,,
232,8/20/91,16.4,,,,,
233,8/21/91,15.9,,,,,
234,8/22/91,15.2,,,,,
235,8/23/91,15.1,,,,,
236,8/24/91,14.9,,,,,
237,8/25/91,14.9,,,,,
238,8/26/91,15.2,,,,,
239,8/27/91,15.5,,,,,
240,8/28/91,16.4,,,,,
241,8/29/91,16.5,,,,,
242,8/30/91,16.3,,,,,
243,8/31/91,15.7,,,,,
244,9/1/91,15.1,,,,,
245,9/2/91,15,,,,,
246,9/3/91,14.8,,,,,
247,9/4/91,14.8,,,,,
248,9/5/91,14.8,,,,,
249,9/6/91,14.5,,,,,
250,9/7/91,14.6,,,,,
251,9/8/91,14.9,,,,,
252,9/9/91,15,,,,,
253,9/10/91,15.2,,,,,
254,9/11/91,15.1,,,,,
255,9/12/91,15,,,,,
256,9/13/91,14.9,,,,,
257,9/14/91,14.8,,,,,
258,9/15/91,14.7,,,,,
259,9/16/91,14.8,,,,,
260,9/17/91,14.8,,,,,
261,9/18/91,15.2,,,,,
262,9/19/91,15.4,,,,,
263,9/20/91,14.4,,,,,
264,9/21/91,14.4,,,,,
265,9/22/91,14.6,,,,,
266,9/23/91,14.7,,,,,
267,9/24/91,14.6,,,,,
268,9/25/91,14.5,,,,,
269,9/26/91,13.8,,,,,
270,9/27/91,13.7,,,,,
271,9/28/91,13.5,,,,,
272,9/29/91,13.2,,,,,
273,9/30/91,12.8,,,,,
274,10/1/91,13.1,,,,,
275,10/2/91,13.7,,,,,
276,10/3/91,13.6,,,,,
277,10/4/91,13.5,,,,,
278,10/5/91,13.5,,,,,
279,10/6/91,13.4,,,,,
280,10/7/91,13.3,,,,,
281,10/8/91,13.1,,,,,
282,10/9/91,13.2,,,,,
283,10/10/91,13.2,,,,,
284,10/11/91,13.1,,,,,
285,10/12/91,12.7,,,,,
286,10/13/91,12.6,,,,,
287,10/14/91,12.5,,,,,
288,10/15/91,12.3,,,,,
289,10/16/91,12.1,,,,,
290,10/17/91,11.9,,,,,
291,10/18/91,12.3,,,,,
292,10/19/91,12.7,,,,,
293,10/20/91,12.1,,,,,
294,10/21/91,11.8,,,,,
295,10/22/91,11.8,,,,,
296,10/23/91,11.9,,,,,
297,10/24/91,12,,,,,
298,10/25/91,12.2,,,,,
299,10/26/91,12.3,,,,,
300,10/27/91,12.1,,,,,
301,10/28/91,11.3,,,,,
302,10/29/91,10.7,,,,,
303,10/30/91,10.5,,,,,
304,10/31/91,10.5,,,,,
305,11/1/91,10.3,,,,,
306,11/2/91,10.3,,,,,
307,11/3/91,10.3,,,,,
308,11/4/91,10.3,,,,,
309,11/5/91,9.8,,,,,
310,11/6/91,9.8,,,,,
311,11/7/91,9.8,,,,,
312,11/8/91,9.6,,,,,
313,11/9/91,9.6,,,,,
314,11/10/91,9.9,,,,,
315,11/11/91,10,,,,,
316,11/12/91,10,,,,,
317,11/13/91,9.3,,,,,
318,11/14/91,9.2,,,,,
319,11/15/91,9.3,,,,,
320,11/16/91,9.3,,,,,
321,11/17/91,8.9,,,,,
322,11/18/91,9,,,,,
323,11/19/91,9.2,,,,,
324,11/20/91,9.7,,,,,
325,11/21/91,9.8,,,,,
326,11/22/91,9.5,,,,,
327,11/23/91,9.4,,,,,
328,11/24/91,9.3,,,,,
329,11/25/91,9.3,,,,,
330,11/26/91,8.9,,,,,
331,11/27/91,8.7,,,,,
332,11/28/91,8.7,,,,,
333,11/29/91,8.4,,,,,
334,11/30/91,8.4,,,,,
335,12/1/91,8.4,,,,,
336,12/2/91,8.4,,,,,
337,12/3/91,8.5,,,,,
338,12/4/91,8.4,,,,,
339,12/5/91,8.4,,,,,
340,12/6/91,8.4,,,,,
341,12/7/91,8.2,,,,,
342,12/8/91,8.1,,,,,
343,12/9/91,8.1,,,,,
344,12/10/91,8.2,,,,,
345,12/11/91,8.1,,,,,
346,12/12/91,8,,,,,
347,12/13/91,7.9,,,,,
348,12/14/91,7.9,,,,,
349,12/15/91,7.8,,,,,
350,12/16/91,7.8,,,,,
351,12/17/91,7.6,,,,,
352,12/18/91,7.5,,,,,
353,12/19/91,7.4,,,,,
354,12/20/91,7.4,,,,,
355,12/21/91,7.3,,,,,
356,12/22/91,7.3,,,,,
357,12/23/91,7.5,,,,,
358,12/24/91,7.3,,,,,
359,12/25/91,7,,,,,
360,12/26/91,6.9,,,,,
361,12/27/91,7,,,,,
362,12/28/91,7,,,,,
363,12/29/91,6.9,,,,,
364,12/30/91,6.8,,,,,
365,12/31/91,6.8,,,,,
1,1/1/92,6.7,,,,,
2,1/2/92,6.5,,,,,
3,1/3/92,6.2,,,,,
4,1/4/92,6.2,,,,,
5,1/5/92,6.4,,,,,
6,1/6/92,6.2,,,,,
7,1/7/92,6.1,,,,,
8,1/8/92,6.1,,,,,
9,1/9/92,6,,,,,
10,1/10/92,5.9,,,,,
11,1/11/92,5.9,,,,,
12,1/12/92,5.8,,,,,
13,1/13/92,5.9,,,,,
14,1/14/92,5.7,,,,,
15,1/15/92,5.5,,,,,
16,1/16/92,5.4,,,,,
17,1/17/92,5.4,,,,,
18,1/18/92,5.4,,,,,
19,1/19/92,5.3,,,,,
20,1/20/92,5.4,,,,,
21,1/21/92,5.4,,,,,
22,1/22/92,5.5,,,,,
23,1/23/92,5.5,,,,,
24,1/24/92,5.5,,,,,
25,1/25/92,5.3,,,,,
26,1/26/92,4.9,,,,,
27,1/27/92,4.7,,,,,
28,1/28/92,4.8,,,,,
29,1/29/92,4.9,,,,,
30,1/30/92,4.9,,,,,
31,1/31/92,4.9,,,,,
32,2/1/92,4.8,,,,,
33,2/2/92,4.8,,,,,
34,2/3/92,5.1,,,,,
35,2/4/92,5.3,,,,,
36,2/5/92,5.1,,,,,
37,2/6/92,4.8,,,,,
38,2/7/92,4.7,,,,,
39,2/8/92,4.5,,,,,
40,2/9/92,4.2,,,,,
41,2/10/92,4.2,,,,,
42,2/11/92,4.4,,,,,
43,2/12/92,4.3,,,,,
44,2/13/92,4.1,,,,,
45,2/14/92,3.9,,,,,
46,2/15/92,3.9,,,,,
47,2/16/92,4,,,,,
48,2/17/92,4,,,,,
49,2/18/92,4,,,,,
50,2/19/92,4,,,,,
51,2/20/92,3.9,,,,,
52,2/21/92,3.8,,,,,
53,2/22/92,3.8,,,,,
54,2/23/92,3.9,,,,,
55,2/24/92,3.8,,,,,
56,2/25/92,3.6,,,,,
57,2/26/92,3.9,,,,,
58,2/27/92,3.8,,,,,
59,2/28/92,3.8,,,,,
60,2/29/92,3.8,,,,,
61,3/1/92,3.8,,,,,
62,3/2/92,3.9,,,,,
63,3/3/92,3.8,,,,,
64,3/4/92,3.9,,,,,
65,3/5/92,3.8,,,,,
66,3/6/92,3.6,,,,,
67,3/7/92,3.5,,,,,
68,3/8/92,3.8,,,,,
69,3/9/92,3.9,,,,,
70,3/10/92,3.9,,,,,
71,3/11/92,3.8,,,,,
72,3/12/92,3.6,,,,,
73,3/13/92,3.5,,,,,
74,3/14/92,3.4,,,,,
75,3/15/92,3.3,,,,,
76,3/16/92,3.3,,,,,
77,3/17/92,3.4,,,,,
78,3/18/92,3.3,,,,,
79,3/19/92,3.3,,,,,
80,3/20/92,3.3,,,,,
81,3/21/92,3.3,,,,,
82,3/22/92,3.4,,,,,
83,3/23/92,3.2,,,,,
84,3/24/92,3.2,,,,,
85,3/25/92,3.3,,,,,
86,3/26/92,3.2,,,,,
87,3/27/92,3.1,,,,,
88,3/28/92,3.1,,,,,
89,3/29/92,3.5,,,,,
90,3/30/92,3.6,,,,,
91,3/31/92,3.7,,,,,
92,4/1/92,3.9,,,,,
93,4/2/92,3.8,,,,,
94,4/3/92,3.5,,,,,
95,4/4/92,3.6,,,,,
96,4/5/92,3.9,,,,,
97,4/6/92,4,,,,,
98,4/7/92,4.3,,,,,
99,4/8/92,4.2,,,,,
100,4/9/92,4.1,,,,,
101,4/10/92,4.5,,,,,
102,4/11/92,4.6,,,,,
103,4/12/92,4.1,,,,,
104,4/13/92,4.3,,,,,
105,4/14/92,4.5,,,,,
106,4/15/92,4.7,,,,,
107,4/16/92,4.8,,,,,
108,4/17/92,4.7,,,,,
109,4/18/92,4.2,,,,,
110,4/19/92,4.3,,,,,
111,4/20/92,4.3,,,,,
112,4/21/92,4.4,,,,,
113,4/22/92,4.6,,,,,
114,4/23/92,4.9,,,,,
115,4/24/92,5,,,,,
116,4/25/92,4.9,,,,,
117,4/26/92,4.7,,,,,
118,4/27/92,4.8,,,,,
119,4/28/92,4.9,,,,,
120,4/29/92,5.4,,,,,
121,4/30/92,5.9,,,,,
122,5/1/92,6,,,,,
123,5/2/92,6,,,,,
124,5/3/92,5.7,,,,,
125,5/4/92,5.7,,,,,
126,5/5/92,5.5,,,,,
127,5/6/92,5.3,,,,,
128,5/7/92,5.3,,,,,
129,5/8/92,5.3,,,,,
130,5/9/92,5.4,,,,,
131,5/10/92,5.5,,,,,
132,5/11/92,5.7,,,,,
133,5/12/92,5.8,,,,,
134,5/13/92,5.8,,,,,
135,5/14/92,6,,,,,
136,5/15/92,6.2,,,,,
137,5/16/92,6.5,,,,,
138,5/17/92,7,,,,,
139,5/18/92,7.1,,,,,
140,5/19/92,7,,,,,
141,5/20/92,7.2,,,,,
142,5/21/92,7.4,,,,,
143,5/22/92,7.8,,,,,
144,5/23/92,8.8,,,,,
145,5/24/92,8,,,,,
146,5/25/92,7.3,,,,,
147,5/26/92,7.3,,,,,
148,5/27/92,7.3,,,,,
149,5/28/92,7.4,,,,,
150,5/29/92,8,,,,,
151,5/30/92,8.4,,,,,
152,5/31/92,8.5,,,,,
153,6/1/92,8.6,,,,,
154,6/2/92,9.1,,,,,
155,6/3/92,9.3,,,,,
156,6/4/92,9.4,,,,,
157,6/5/92,9.4,,,,,
158,6/6/92,9.4,,,,,
159,6/7/92,10,,,,,
160,6/8/92,10.2,,,,,
161,6/9/92,10.8,,,,,
162,6/10/92,11,,,,,
163,6/11/92,10.9,,,,,
164,6/12/92,10.7,,,,,
165,6/13/92,10.8,,,,,
166,6/14/92,10.9,,,,,
167,6/15/92,11,,,,,
168,6/16/92,11,,,,,
169,6/17/92,11.2,,,,,
170,6/18/92,11.2,,,,,
171,6/19/92,11.8,,,,,
172,6/20/92,12,,,,,
173,6/21/92,12.3,,,,,
174,6/22/92,12.6,,,,,
175,6/23/92,12.5,,,,,
176,6/24/92,12.7,,,,,
177,6/25/92,13.1,,,,,
178,6/26/92,13.2,,,,,
179,6/27/92,13.2,,,,,
180,6/28/92,13.9,,,,,
181,6/29/92,14,,,,,
182,6/30/92,14.1,,,,,
183,7/1/92,13.8,,,,,
184,7/2/92,13.6,,,,,
185,7/3/92,13.6,,,,,
186,7/4/92,13.2,,,,,
187,7/5/92,12.3,,,,,
188,7/6/92,12.8,,,,,
189,7/7/92,13.4,,,,,
190,7/8/92,13.6,,,,,
191,7/9/92,14,,,,,
192,7/10/92,14.1,,,,,
193,7/11/92,14.2,,,,,
194,7/12/92,14.6,,,,,
195,7/13/92,14.6,,,,,
196,7/14/92,14.5,,,,,
197,7/15/92,14.5,,,,,
198,7/16/92,14.4,,,,,
199,7/17/92,14.2,,,,,
200,7/18/92,14.4,,,,,
201,7/19/92,15.6,,,,,
202,7/20/92,15.8,,,,,
203,7/21/92,15.7,,,,,
204,7/22/92,15.7,,,,,
205,7/23/92,15.4,,,,,
206,7/24/92,15.4,,,,,
207,7/25/92,15.5,,,,,
208,7/26/92,15.4,,,,,
209,7/27/92,15.4,,,,,
210,7/28/92,15.8,,,,,
211,7/29/92,15.9,,,,,
212,7/30/92,15.7,,,,,
213,7/31/92,15.6,,,,,
214,8/1/92,15.4,,,,,
215,8/2/92,15.5,,,,,
216,8/3/92,15.5,,,,,
217,8/4/92,15.3,,,,,
218,8/5/92,15.2,,,,,
219,8/6/92,15.5,,,,,
220,8/7/92,15.9,,,,,
221,8/8/92,16.5,,,,,
222,8/9/92,16.5,,,,,
223,8/10/92,16.5,,,,,
224,8/11/92,16.4,,,,,
225,8/12/92,16.2,,,,,
226,8/13/92,16.1,,,,,
227,8/14/92,16.1,,,,,
228,8/15/92,16.1,,,,,
229,8/16/92,16.1,,,,,
230,8/17/92,15.9,,,,,
231,8/18/92,16.1,,,,,
232,8/19/92,16.3,,,,,
233,8/20/92,16.3,,,,,
234,8/21/92,16.2,,,,,
235,8/22/92,16.3,,,,,
236,8/23/92,16.5,,,,,
237,8/24/92,17,,,,,
238,8/25/92,17.3,,,,,
239,8/26/92,17.4,,,,,
240,8/27/92,17.4,,,,,
241,8/28/92,16.9,,,,,
242,8/29/92,16.3,,,,,
243,8/30/92,15.8,,,,,
244,8/31/92,15.7,,,,,
245,9/1/92,15.4,,,,,
246,9/2/92,15.3,,,,,
247,9/3/92,15.2,,,,,
248,9/4/92,14.6,,,,,
249,9/5/92,14.4,,,,,
250,9/6/92,14.6,,,,,
251,9/7/92,15,,,,,
252,9/8/92,15.3,,,,,
253,9/9/92,15.4,,,,,
254,9/10/92,15.4,,,,,
255,9/11/92,15.1,,,,,
256,9/12/92,14.7,,,,,
257,9/13/92,14.6,,,,,
258,9/14/92,14.7,,,,,
259,9/15/92,15,,,,,
260,9/16/92,15.2,,,,,
261,9/17/92,15.4,,,,,
262,9/18/92,15.4,,,,,
263,9/19/92,14.7,,,,,
264,9/20/92,14.6,,,,,
265,9/21/92,14.6,,,,,
266,9/22/92,14.4,,,,,
267,9/23/92,14.3,,,,,
268,9/24/92,14,,,,,
269,9/25/92,14,,,,,
270,9/26/92,13.9,,,,,
271,9/27/92,13.9,,,,,
272,9/28/92,13.7,,,,,
273,9/29/92,13,,,,,
274,9/30/92,12.8,,,,,
275,10/1/92,12.5,,,,,
276,10/2/92,12.4,,,,,
277,10/3/92,12.5,,,,,
278,10/4/92,12.3,,,,,
279,10/5/92,11.8,,,,,
280,10/6/92,11.7,,,,,
281,10/7/92,11.8,,,,,
282,10/8/92,11.8,,,,,
283,10/9/92,11.9,,,,,
284,10/10/92,12,,,,,
285,10/11/92,12.2,,,,,
286,10/12/92,12.1,,,,,
287,10/13/92,12,,,,,
288,10/14/92,11.7,,,,,
289,10/15/92,11.7,,,,,
290,10/16/92,11.6,,,,,
291,10/17/92,11.1,,,,,
292,10/18/92,11.1,,,,,
293,10/19/92,10.7,,,,,
294,10/20/92,10.6,,,,,
295,10/21/92,10.6,,,,,
296,10/22/92,10.5,,,,,
297,10/23/92,10.5,,,,,
298,10/24/92,10.7,,,,,
299,10/25/92,10.6,,,,,
300,10/26/92,10.1,,,,,
301,10/27/92,9.9,,,,,
302,10/28/92,9.9,,,,,
303,10/29/92,9.9,,,,,
304,10/30/92,9.8,,,,,
305,10/31/92,9.6,,,,,
306,11/1/92,9.5,,,,,
307,11/2/92,9.4,,,,,
308,11/3/92,9.3,,,,,
309,11/4/92,9.2,,,,,
310,11/5/92,9.3,,,,,
311,11/6/92,9.3,,,,,
312,11/7/92,9.1,,,,,
313,11/8/92,9,,,,,
314,11/9/92,8.8,,,,,
315,11/10/92,8.6,,,,,
316,11/11/92,8.6,,,,,
317,11/12/92,8.8,,,,,
318,11/13/92,9.1,,,,,
319,11/14/92,8.8,,,,,
320,11/15/92,8.3,,,,,
321,11/16/92,8.3,,,,,
322,11/17/92,8.3,,,,,
323,11/18/92,8.2,,,,,
324,11/19/92,8.3,,,,,
325,11/20/92,8.3,,,,,
326,11/21/92,8.3,,,,,
327,11/22/92,8.3,,,,,
328,11/23/92,8.3,,,,,
329,11/24/92,8.2,,,,,
330,11/25/92,8.2,,,,,
331,11/26/92,8.4,,,,,
332,11/27/92,8.6,,,,,
333,11/28/92,8.4,,,,,
334,11/29/92,8.3,,,,,
335,11/30/92,8.2,,,,,
336,12/1/92,8.1,,,,,
337,12/2/92,8.1,,,,,
338,12/3/92,8,,,,,
339,12/4/92,7.9,,,,,
340,12/5/92,8,,,,,
341,12/6/92,8,,,,,
342,12/7/92,8,,,,,
343,12/8/92,7.5,,,,,
344,12/9/92,7.3,,,,,
345,12/10/92,7.2,,,,,
346,12/11/92,7,,,,,
347,12/12/92,6.8,,,,,
348,12/13/92,6.8,,,,,
349,12/14/92,6.9,,,,,
350,12/15/92,6.8,,,,,
351,12/16/92,6.7,,,,,
352,12/17/92,7.4,,,,,
353,12/18/92,7.5,,,,,
354,12/19/92,7.4,,,,,
355,12/20/92,7.2,,,,,
356,12/21/92,7.2,,,,,
357,12/22/92,7.2,,,,,
358,12/23/92,7.2,,,,,
359,12/24/92,7.3,,,,,
360,12/25/92,7.3,,,,,
361,12/26/92,7.1,,,,,
362,12/27/92,7.1,,,,,
363,12/28/92,6.8,,,,,
364,12/29/92,6.6,,,,,
365,12/30/92,6.5,,,,,
366,12/31/92,6.7,,,,,
1,1/1/93,6.7,,,,,
2,1/2/93,6.6,,,,,
3,1/3/93,6.8,,,,,
4,1/4/93,7,,,,,
5,1/5/93,6.8,,,,,
6,1/6/93,6.5,,,,,
7,1/7/93,6.4,,,,,
8,1/8/93,6,,,,,
9,1/9/93,5.6,,,,,
10,1/10/93,5.5,,,,,
11,1/11/93,5.3,,,,,
12,1/12/93,5.2,,,,,
13,1/13/93,5.3,,,,,
14,1/14/93,5.3,,,,,
15,1/15/93,5.3,,,,,
16,1/16/93,5.4,,,,,
17,1/17/93,5.4,,,,,
18,1/18/93,5.4,,,,,
19,1/19/93,5.4,,,,,
20,1/20/93,5.4,,,,,
21,1/21/93,5.3,,,,,
22,1/22/93,5.2,,,,,
23,1/23/93,5.4,,,,,
24,1/24/93,5.4,,,,,
25,1/25/93,5.6,,,,,
26,1/26/93,5.4,,,,,
27,1/27/93,5.3,,,,,
28,1/28/93,5.2,,,,,
29,1/29/93,5.2,,,,,
30,1/30/93,5.1,,,,,
31,1/31/93,4.9,,,,,
32,2/1/93,5,,,,,
33,2/2/93,5.2,,,,,
34,2/3/93,5.2,,,,,
35,2/4/93,5.1,,,,,
36,2/5/93,4.9,,,,,
37,2/6/93,4.6,,,,,
38,2/7/93,4.4,,,,,
39,2/8/93,4.3,,,,,
40,2/9/93,5,,,,,
41,2/10/93,5.2,,,,,
42,2/11/93,5,,,,,
43,2/12/93,4.8,,,,,
44,2/13/93,4.7,,,,,
45,2/14/93,5,,,,,
46,2/15/93,5,,,,,
47,2/16/93,4.9,,,,,
48,2/17/93,4.6,,,,,
49,2/18/93,4.6,,,,,
50,2/19/93,4.6,,,,,
51,2/20/93,4.5,,,,,
52,2/21/93,4.4,,,,,
53,2/22/93,4.5,,,,,
54,2/23/93,4.4,,,,,
55,2/24/93,4.4,,,,,
56,2/25/93,4.2,,,,,
57,2/26/93,4.1,,,,,
58,2/27/93,4.1,,,,,
59,2/28/93,4.3,,,,,
60,3/1/93,4.3,,,,,
61,3/2/93,4.2,,,,,
62,3/3/93,4.3,,,,,
63,3/4/93,4.2,,,,,
64,3/5/93,3.9,,,,,
65,3/6/93,4.1,,,,,
66,3/7/93,4.2,,,,,
67,3/8/93,4.2,,,,,
68,3/9/93,4.1,,,,,
69,3/10/93,3.7,,,,,
70,3/11/93,3.8,,,,,
71,3/12/93,3.7,,,,,
72,3/13/93,3.6,,,,,
73,3/14/93,3.5,,,,,
74,3/15/93,3.7,,,,,
75,3/16/93,3.8,,,,,
76,3/17/93,3.7,,,,,
77,3/18/93,3.7,,,,,
78,3/19/93,3.7,,,,,
79,3/20/93,3.5,,,,,
80,3/21/93,3.2,,,,,
81,3/22/93,3.4,,,,,
82,3/23/93,3.6,,,,,
83,3/24/93,3.6,,,,,
84,3/25/93,4.1,,,,,
85,3/26/93,4.2,,,,,
86,3/27/93,4.3,,,,,
87,3/28/93,4.3,,,,,
88,3/29/93,4.3,,,,,
89,3/30/93,4.2,,,,,
90,3/31/93,4.2,,,,,
91,4/1/93,4.2,,,,,
92,4/2/93,3.7,,,,,
93,4/3/93,3.5,,,,,
94,4/4/93,3.9,,,,,
95,4/5/93,4,,,,,
96,4/6/93,4.1,,,,,
97,4/7/93,4.2,,,,,
98,4/8/93,4.3,,,,,
99,4/9/93,4.3,,,,,
100,4/10/93,4.3,,,,,
101,4/11/93,4.4,,,,,
102,4/12/93,4.4,,,,,
103,4/13/93,4.3,,,,,
104,4/14/93,4.3,,,,,
105,4/15/93,4.1,,,,,
106,4/16/93,4.3,,,,,
107,4/17/93,4.6,,,,,
108,4/18/93,4.6,,,,,
109,4/19/93,4.6,,,,,
110,4/20/93,4.6,,,,,
111,4/21/93,4.9,,,,,
112,4/22/93,5.1,,,,,
113,4/23/93,4.6,,,,,
114,4/24/93,4.5,,,,,
115,4/25/93,4.3,,,,,
116,4/26/93,4.2,,,,,
117,4/27/93,4.4,,,,,
118,4/28/93,4.4,,,,,
119,4/29/93,4.6,,,,,
120,4/30/93,4.6,,,,,
121,5/1/93,5.3,,,,,
122,5/2/93,5.4,,,,,
123,5/3/93,5.3,,,,,
124,5/4/93,5.5,,,,,
125,5/5/93,6.1,,,,,
126,5/6/93,6.2,,,,,
127,5/7/93,6.2,,,,,
128,5/8/93,6.3,,,,,
129,5/9/93,6.7,,,,,
130,5/10/93,6.6,,,,,
131,5/11/93,6.6,,,,,
132,5/12/93,6.8,,,,,
133,5/13/93,7.1,,,,,
134,5/14/93,7.4,,,,,
135,5/15/93,7.7,,,,,
136,5/16/93,7.7,,,,,
137,5/17/93,7.5,,,,,
138,5/18/93,7.4,,,,,
139,5/19/93,7.4,,,,,
140,5/20/93,7.6,,,,,
141,5/21/93,8,,,,,
142,5/22/93,8,,,,,
143,5/23/93,8.1,,,,,
144,5/24/93,8.2,,,,,
145,5/25/93,8.7,,,,,
146,5/26/93,8.8,,,,,
147,5/27/93,8.7,,,,,
148,5/28/93,8.6,,,,,
149,5/29/93,8.4,,,,,
150,5/30/93,8.2,,,,,
151,5/31/93,8.2,,,,,
152,6/1/93,8,,,,,
153,6/2/93,7.8,,,,,
154,6/3/93,8,,,,,
155,6/4/93,8.5,,,,,
156,6/5/93,8.5,,,,,
157,6/6/93,8.6,,,,,
158,6/7/93,8.6,,,,,
159,6/8/93,9.4,,,,,
160,6/9/93,9.9,,,,,
161,6/10/93,9.8,,,,,
162,6/11/93,9.7,,,,,
163,6/12/93,9.6,,,,,
164,6/13/93,10.3,,,,,
165,6/14/93,10.8,,,,,
166,6/15/93,11.1,,,,,
167,6/16/93,11.6,,,,,
168,6/17/93,12,,,,,
169,6/18/93,12.1,,,,,
170,6/19/93,12.2,,,,,
171,6/20/93,12.3,,,,,
172,6/21/93,12.4,,,,,
173,6/22/93,11.3,,,,,
174,6/23/93,11,,,,,
175,6/24/93,10.9,,,,,
176,6/25/93,11.5,,,,,
177,6/26/93,11.8,,,,,
178,6/27/93,12.3,,,,,
179,6/28/93,12.9,,,,,
180,6/29/93,13.2,,,,,
181,6/30/93,13.7,,,,,
182,7/1/93,13.5,,,,,
183,7/2/93,13.4,,,,,
184,7/3/93,14.2,,,,,
185,7/4/93,14.2,,,,,
186,7/5/93,14,,,,,
187,7/6/93,14.2,,,,,
188,7/7/93,14.5,,,,,
189,7/8/93,15.6,,,,,
190,7/9/93,16.4,,,,,
191,7/10/93,16.7,,,,,
192,7/11/93,16.7,,,,,
193,7/12/93,16.5,,,,,
194,7/13/93,16.3,,,,,
195,7/14/93,16.3,,,,,
196,7/15/93,16,,,,,
197,7/16/93,15.8,,,,,
198,7/17/93,15.6,,,,,
199,7/18/93,15.6,,,,,
200,7/19/93,15.1,,,,,
201,7/20/93,14.5,,,,,
202,7/21/93,14.6,,,,,
203,7/22/93,14.8,,,,,
204,7/23/93,15,,,,,
205,7/24/93,15.2,,,,,
206,7/25/93,15.1,,,,,
207,7/26/93,15,,,,,
208,7/27/93,15.3,,,,,
209,7/28/93,15.8,,,,,
210,7/29/93,15.9,,,,,
211,7/30/93,15.9,,,,,
212,7/31/93,15.9,,,,,
213,8/1/93,16.1,,,,,
214,8/2/93,16.1,,,,,
215,8/3/93,16.3,,,,,
216,8/4/93,16.6,,,,,
217,8/5/93,16.5,,,,,
218,8/6/93,16.4,,,,,
219,8/7/93,16.4,,,,,
220,8/8/93,16.6,,,,,
221,8/9/93,16.6,,,,,
222,8/10/93,16.8,,,,,
223,8/11/93,16.9,,,,,
224,8/12/93,16.6,,,,,
225,8/13/93,16.4,,,,,
226,8/14/93,16.9,,,,,
227,8/15/93,17.5,,,,,
228,8/16/93,17.8,,,,,
229,8/17/93,17.4,,,,,
230,8/18/93,17.1,,,,,
231,8/19/93,17,,,,,
232,8/20/93,16.8,,,,,
233,8/21/93,16.7,,,,,
234,8/22/93,16.8,,,,,
235,8/23/93,16.9,,,,,
236,8/24/93,17.1,,,,,
237,8/25/93,17.2,,,,,
238,8/26/93,17.4,,,,,
239,8/27/93,17.6,,,,,
240,8/28/93,17.4,,,,,
241,8/29/93,17.4,,,,,
242,8/30/93,17.4,,,,,
243,8/31/93,17.4,,,,,
244,9/1/93,16.9,,,,,
245,9/2/93,16.7,,,,,
246,9/3/93,16.8,,,,,
247,9/4/93,16.8,,,,,
248,9/5/93,16.4,,,,,
249,9/6/93,15.6,,,,,
250,9/7/93,15.2,,,,,
251,9/8/93,15.6,,,,,
252,9/9/93,16.6,,,,,
253,9/10/93,16.2,,,,,
254,9/11/93,16.1,,,,,
255,9/12/93,15.7,,,,,
256,9/13/93,15.6,,,,,
257,9/14/93,15.6,,,,,
258,9/15/93,15,,,,,
259,9/16/93,14.9,,,,,
260,9/17/93,14.9,,,,,
261,9/18/93,14.5,,,,,
262,9/19/93,14.4,,,,,
263,9/20/93,14.3,,,,,
264,9/21/93,14.2,,,,,
265,9/22/93,14.1,,,,,
266,9/23/93,14,,,,,
267,9/24/93,14,,,,,
268,9/25/93,13.8,,,,,
269,9/26/93,13.8,,,,,
270,9/27/93,13.8,,,,,
271,9/28/93,13.7,,,,,
272,9/29/93,13.5,,,,,
273,9/30/93,13.4,,,,,
274,10/1/93,13.5,,,,,
275,10/2/93,13.5,,,,,
276,10/3/93,13.2,,,,,
277,10/4/93,12.8,,,,,
278,10/5/93,12.5,,,,,
279,10/6/93,12.3,,,,,
280,10/7/93,12.4,,,,,
281,10/8/93,12.4,,,,,
282,10/9/93,12.1,,,,,
283,10/10/93,12.1,,,,,
284,10/11/93,11.7,,,,,
285,10/12/93,11.6,,,,,
286,10/13/93,11.5,,,,,
287,10/14/93,11.4,,,,,
288,10/15/93,11.3,,,,,
289,10/16/93,11.2,,,,,
290,10/17/93,11.6,,,,,
291,10/18/93,11.8,,,,,
292,10/19/93,11.5,,,,,
293,10/20/93,11.4,,,,,
294,10/21/93,11,,,,,
295,10/22/93,10.9,,,,,
296,10/23/93,10.7,,,,,
297,10/24/93,10.6,,,,,
298,10/25/93,10.6,,,,,
299,10/26/93,10.5,,,,,
300,10/27/93,10.3,,,,,
301,10/28/93,10,,,,,
302,10/29/93,10,,,,,
303,10/30/93,10,,,,,
304,10/31/93,10.2,,,,,
305,11/1/93,10.1,,,,,
306,11/2/93,10.1,,,,,
307,11/3/93,10,,,,,
308,11/4/93,9.8,,,,,
309,11/5/93,9.8,,,,,
310,11/6/93,9.7,,,,,
311,11/7/93,9.5,,,,,
312,11/8/93,9.4,,,,,
313,11/9/93,9.5,,,,,
314,11/10/93,9.4,,,,,
315,11/11/93,9.4,,,,,
316,11/12/93,9.3,,,,,
317,11/13/93,9.1,,,,,
318,11/14/93,9.2,,,,,
319,11/15/93,9.2,,,,,
320,11/16/93,9.1,,,,,
321,11/17/93,9.1,,,,,
322,11/18/93,9,,,,,
323,11/19/93,9,,,,,
324,11/20/93,8.7,,,,,
325,11/21/93,8.6,,,,,
326,11/22/93,8.6,,,,,
327,11/23/93,8.6,,,,,
328,11/24/93,8.4,,,,,
329,11/25/93,8.2,,,,,
330,11/26/93,8.3,,,,,
331,11/27/93,8.3,,,,,
332,11/28/93,8.2,,,,,
333,11/29/93,8.2,,,,,
334,11/30/93,8.1,,,,,
335,12/1/93,8.1,,,,,
336,12/2/93,8.2,,,,,
337,12/3/93,8.2,,,,,
338,12/4/93,8.2,,,,,
339,12/5/93,8.1,,,,,
340,12/6/93,8,,,,,
341,12/7/93,7.9,,,,,
342,12/8/93,7.5,,,,,
343,12/9/93,7.5,,,,,
344,12/10/93,7.6,,,,,
345,12/11/93,7.7,,,,,
346,12/12/93,7.9,,,,,
347,12/13/93,7.5,,,,,
348,12/14/93,7.3,,,,,
349,12/15/93,7.3,,,,,
350,12/16/93,8,,,,,
351,12/17/93,8,,,,,
352,12/18/93,7.8,,,,,
353,12/19/93,7.8,,,,,
354,12/20/93,7.8,,,,,
355,12/21/93,7.9,,,,,
356,12/22/93,7.7,,,,,
357,12/23/93,7.6,,,,,
358,12/24/93,7.3,,,,,
359,12/25/93,7.1,,,,,
360,12/26/93,7,,,,,
361,12/27/93,6.9,,,,,
362,12/28/93,6.8,,,,,
363,12/29/93,6.5,,,,,
364,12/30/93,6.5,,,,,
365,12/31/93,6.5,,,,,
1,1/1/94,6.6,,,,,
2,1/2/94,6.6,,,,,
3,1/3/94,6.7,,,,,
4,1/4/94,6.6,,,,,
5,1/5/94,6.5,,,,,
6,1/6/94,6.3,,,,,
7,1/7/94,6.1,,,,,
8,1/8/94,5.9,,,,,
9,1/9/94,6,,,,,
10,1/10/94,5.9,,,,,
11,1/11/94,5.8,,,,,
12,1/12/94,5.7,,,,,
13,1/13/94,5.7,,,,,
14,1/14/94,5.8,,,,,
15,1/15/94,5.8,,,,,
16,1/16/94,5.7,,,,,
17,1/17/94,5.5,,,,,
18,1/18/94,5.3,,,,,
19,1/19/94,5.2,,,,,
20,1/20/94,5.2,,,,,
21,1/21/94,4.9,,,,,
22,1/22/94,4.9,,,,,
23,1/23/94,4.9,,,,,
24,1/24/94,5.1,,,,,
25,1/25/94,5.1,,,,,
26,1/26/94,4.9,,,,,
27,1/27/94,4.7,,,,,
28,1/28/94,4.9,,,,,
29,1/29/94,4.8,,,,,
30,1/30/94,4.6,,,,,
31,1/31/94,5,,,,,
32,2/1/94,4.9,,,,,
33,2/2/94,4.9,,,,,
34,2/3/94,4.9,,,,,
35,2/4/94,4.9,,,,,
36,2/5/94,4.8,,,,,
37,2/6/94,4.7,,,,,
38,2/7/94,4.5,,,,,
39,2/8/94,4.5,,,,,
40,2/9/94,4.2,,,,,
41,2/10/94,4,,,,,
42,2/11/94,4.4,,,,,
43,2/12/94,4.5,,,,,
44,2/13/94,4.4,,,,,
45,2/14/94,3.8,,,,,
46,2/15/94,3.7,,,,,
47,2/16/94,3.8,,,,,
48,2/17/94,3.9,,,,,
49,2/18/94,3.7,,,,,
50,2/19/94,3.5,,,,,
51,2/20/94,3.5,,,,,
52,2/21/94,4.1,,,,,
53,2/22/94,4.2,,,,,
54,2/23/94,4.1,,,,,
55,2/24/94,3.9,,,,,
56,2/25/94,3.9,,,,,
57,2/26/94,3.9,,,,,
58,2/27/94,4,,,,,
59,2/28/94,4.1,,,,,
60,3/1/94,4,,,,,
61,3/2/94,4,,,,,
62,3/3/94,4,,,,,
63,3/4/94,4.2,,,,,
64,3/5/94,4.4,,,,,
65,3/6/94,4.4,,,,,
66,3/7/94,4.4,,,,,
67,3/8/94,4.1,,,,,
68,3/9/94,4,,,,,
69,3/10/94,4.1,,,,,
70,3/11/94,4.4,,,,,
71,3/12/94,4.4,,,,,
72,3/13/94,4.4,,,,,
73,3/14/94,4.2,,,,,
74,3/15/94,4.1,,,,,
75,3/16/94,4,,,,,
76,3/17/94,4,,,,,
77,3/18/94,4.1,,,,,
78,3/19/94,4.2,,,,,
79,3/20/94,4.3,,,,,
80,3/21/94,4.4,,,,,
81,3/22/94,4.4,,,,,
82,3/23/94,4.4,,,,,
83,3/24/94,4.5,,,,,
84,3/25/94,4.5,,,,,
85,3/26/94,4.5,,,,,
86,3/27/94,4.4,,,,,
87,3/28/94,4.2,,,,,
88,3/29/94,4.7,,,,,
89,3/30/94,4.7,,,,,
90,3/31/94,4.8,,,,,
91,4/1/94,4.7,,,,,
92,4/2/94,4.5,,,,,
93,4/3/94,4.5,,,,,
94,4/4/94,4.6,,,,,
95,4/5/94,4.6,,,,,
96,4/6/94,4.6,,,,,
97,4/7/94,4.8,,,,,
98,4/8/94,4.7,,,,,
99,4/9/94,4.6,,,,,
100,4/10/94,4.7,,,,,
101,4/11/94,4.7,,,,,
102,4/12/94,4.9,,,,,
103,4/13/94,5.1,,,,,
104,4/14/94,5.2,,,,,
105,4/15/94,5.1,,,,,
106,4/16/94,4.9,,,,,
107,4/17/94,5,,,,,
108,4/18/94,5.1,,,,,
109,4/19/94,5,,,,,
110,4/20/94,5.3,,,,,
111,4/21/94,5.4,,,,,
112,4/22/94,5.6,,,,,
113,4/23/94,5.5,,,,,
114,4/24/94,5.5,,,,,
115,4/25/94,5.7,,,,,
116,4/26/94,5.9,,,,,
117,4/27/94,5.9,,,,,
118,4/28/94,5.6,,,,,
119,4/29/94,5.6,,,,,
120,4/30/94,6,,,,,
121,5/1/94,6.7,,,,,
122,5/2/94,6.6,,,,,
123,5/3/94,6.5,,,,,
124,5/4/94,6.6,,,,,
125,5/5/94,6.6,,,,,
126,5/6/94,6.6,,,,,
127,5/7/94,6.9,,,,,
128,5/8/94,6.9,,,,,
129,5/9/94,6.9,,,,,
130,5/10/94,7,,,,,
131,5/11/94,6.8,,,,,
132,5/12/94,6.8,,,,,
133,5/13/94,6.6,,,,,
134,5/14/94,6.6,,,,,
135,5/15/94,6.6,,,,,
136,5/16/94,7,,,,,
137,5/17/94,7.1,,,,,
138,5/18/94,7.1,,,,,
139,5/19/94,6.6,,,,,
140,5/20/94,6.7,,,,,
141,5/21/94,7.2,,,,,
142,5/22/94,7.7,,,,,
143,5/23/94,8.2,,,,,
144,5/24/94,8.3,,,,,
145,5/25/94,8.1,,,,,
146,5/26/94,8.3,,,,,
147,5/27/94,7.6,,,,,
148,5/28/94,7.8,,,,,
149,5/29/94,8.2,,,,,
150,5/30/94,8.3,,,,,
151,5/31/94,8.2,,,,,
152,6/1/94,8.8,,,,,
153,6/2/94,9.1,,,,,
154,6/3/94,9.1,,,,,
155,6/4/94,9.3,,,,,
156,6/5/94,9.7,,,,,
157,6/6/94,10.1,,,,,
158,6/7/94,10.5,,,,,
159,6/8/94,10.6,,,,,
160,6/9/94,11.1,,,,,
161,6/10/94,11.3,,,,,
162,6/11/94,11.4,,,,,
163,6/12/94,11.3,,,,,
164,6/13/94,11.4,,,,,
165,6/14/94,12.1,,,,,
166,6/15/94,12.4,,,,,
167,6/16/94,12.5,,,,,
168,6/17/94,12.8,,,,,
169,6/18/94,13.5,,,,,
170,6/19/94,13.9,,,,,
171,6/20/94,13.8,,,,,
172,6/21/94,13.7,,,,,
173,6/22/94,13.7,,,,,
174,6/23/94,13.6,,,,,
175,6/24/94,13.7,,,,,
176,6/25/94,14.5,,,,,
177,6/26/94,14.5,,,,,
178,6/27/94,14.5,,,,,
179,6/28/94,14.5,,,,,
180,6/29/94,14.6,,,,,
181,6/30/94,14.7,,,,,
182,7/1/94,14.7,,,,,
183,7/2/94,14.9,,,,,
184,7/3/94,15.3,,,,,
185,7/4/94,15.7,,,,,
186,7/5/94,15.7,,,,,
187,7/6/94,15.9,,,,,
188,7/7/94,16.3,,,,,
189,7/8/94,16.3,,,,,
190,7/9/94,16.3,,,,,
191,7/10/94,16.8,,,,,
192,7/11/94,17,,,,,
193,7/12/94,17.1,,,,,
194,7/13/94,17,,,,,
195,7/14/94,16.7,,,,,
196,7/15/94,16.7,,,,,
197,7/16/94,16.8,,,,,
198,7/17/94,17.3,,,,,
199,7/18/94,17.4,,,,,
200,7/19/94,17.5,,,,,
201,7/20/94,17.8,,,,,
202,7/21/94,18.1,,,,,
203,7/22/94,18,,,,,
204,7/23/94,17.7,,,,,
205,7/24/94,17.9,,,,,
206,7/25/94,18.2,,,,,
207,7/26/94,18.1,,,,,
208,7/27/94,18.3,,,,,
209,7/28/94,18.3,,,,,
210,7/29/94,18.1,,,,,
211,7/30/94,18.3,,,,,
212,7/31/94,18.5,,,,,
213,8/1/94,18.9,,,,,
214,8/2/94,19.2,,,,,
215,8/3/94,19.1,,,,,
216,8/4/94,19,,,,,
217,8/5/94,17.9,,,,,
218,8/6/94,17.1,,,,,
219,8/7/94,17,,,,,
220,8/8/94,17.3,,,,,
221,8/9/94,17.6,,,,,
222,8/10/94,17.9,,,,,
223,8/11/94,17.9,,,,,
224,8/12/94,17.9,,,,,
225,8/13/94,18,,,,,
226,8/14/94,17.9,,,,,
227,8/15/94,16.7,,,,,
228,8/16/94,16.6,,,,,
229,8/17/94,16.6,,,,,
230,8/18/94,16.9,,,,,
231,8/19/94,17.2,,,,,
232,8/20/94,17,,,,,
233,8/21/94,17,,,,,
234,8/22/94,16.9,,,,,
235,8/23/94,16.5,,,,,
236,8/24/94,16.6,,,,,
237,8/25/94,16.6,,,,,
238,8/26/94,16.6,,,,,
239,8/27/94,16.7,,,,,
240,8/28/94,16.6,,,,,
241,8/29/94,16.5,,,,,
242,8/30/94,16.4,,,,,
243,8/31/94,16.5,,,,,
244,9/1/94,16.3,,,,,
245,9/2/94,16.2,,,,,
246,9/3/94,16.2,,,,,
247,9/4/94,16.2,,,,,
248,9/5/94,13.9,,,,,
249,9/6/94,13.9,,,,,
250,9/7/94,14.3,,,,,
251,9/8/94,14.3,,,,,
252,9/9/94,14.4,,,,,
253,9/10/94,14.3,,,,,
254,9/11/94,14.1,,,,,
255,9/12/94,14.1,,,,,
256,9/13/94,14.1,,,,,
257,9/14/94,14.3,,,,,
258,9/15/94,14.4,,,,,
259,9/16/94,14.5,,,,,
260,9/17/94,14.5,,,,,
261,9/18/94,14.2,,,,,
262,9/19/94,14.2,,,,,
263,9/20/94,14.4,,,,,
264,9/21/94,14.5,,,,,
265,9/22/94,14.6,,,,,
266,9/23/94,14.1,,,,,
267,9/24/94,14.1,,,,,
268,9/25/94,14.1,,,,,
269,9/26/94,14.2,,,,,
270,9/27/94,14,,,,,
271,9/28/94,14.2,,,,,
272,9/29/94,14.3,,,,,
273,9/30/94,14.1,,,,,
274,10/1/94,13.6,,,,,
275,10/2/94,13.4,,,,,
276,10/3/94,13.1,,,,,
277,10/4/94,12.8,,,,,
278,10/5/94,12.5,,,,,
279,10/6/94,12.3,,,,,
280,10/7/94,12.4,,,,,
281,10/8/94,12.5,,,,,
282,10/9/94,12.3,,,,,
283,10/10/94,12.5,,,,,
284,10/11/94,12.5,,,,,
285,10/12/94,12.4,,,,,
286,10/13/94,12.4,,,,,
287,10/14/94,12.3,,,,,
288,10/15/94,12,,,,,
289,10/16/94,12.1,,,,,
290,10/17/94,12,,,,,
291,10/18/94,11.8,,,,,
292,10/19/94,11.8,,,,,
293,10/20/94,12,,,,,
294,10/21/94,11.9,,,,,
295,10/22/94,11.7,,,,,
296,10/23/94,11.6,,,,,
297,10/24/94,11.7,,,,,
298,10/25/94,11.7,,,,,
299,10/26/94,11.8,,,,,
300,10/27/94,11.7,,,,,
301,10/28/94,11.7,,,,,
302,10/29/94,11.6,,,,,
303,10/30/94,11.4,,,,,
304,10/31/94,11.5,,,,,
305,11/1/94,11.8,,,,,
306,11/2/94,11.4,,,,,
307,11/3/94,10.9,,,,,
308,11/4/94,11,,,,,
309,11/5/94,11.2,,,,,
310,11/6/94,11,,,,,
311,11/7/94,10.5,,,,,
312,11/8/94,10.4,,,,,
313,11/9/94,10.5,,,,,
314,11/10/94,10.3,,,,,
315,11/11/94,10.1,,,,,
316,11/12/94,10,,,,,
317,11/13/94,10,,,,,
318,11/14/94,10,,,,,
319,11/15/94,9.9,,,,,
320,11/16/94,9.9,,,,,
321,11/17/94,9.9,,,,,
322,11/18/94,9.8,,,,,
323,11/19/94,9.9,,,,,
324,11/20/94,10,,,,,
325,11/21/94,9.9,,,,,
326,11/22/94,9.6,,,,,
327,11/23/94,9.5,,,,,
328,11/24/94,9.4,,,,,
329,11/25/94,9.2,,,,,
330,11/26/94,9.3,,,,,
331,11/27/94,9.1,,,,,
332,11/28/94,9,,,,,
333,11/29/94,9.2,,,,,
334,11/30/94,9.1,,,,,
335,12/1/94,9.1,,,,,
336,12/2/94,9.2,,,,,
337,12/3/94,9.3,,,,,
338,12/4/94,9.2,,,,,
339,12/5/94,8.5,,,,,
340,12/6/94,8.5,,,,,
341,12/7/94,8.7,,,,,
342,12/8/94,8.9,,,,,
343,12/9/94,8.9,,,,,
344,12/10/94,8.9,,,,,
345,12/11/94,8.5,,,,,
346,12/12/94,8.4,,,,,
347,12/13/94,8.4,,,,,
348,12/14/94,8.4,,,,,
349,12/15/94,8.2,,,,,
350,12/16/94,8.1,,,,,
351,12/17/94,8.1,,,,,
352,12/18/94,8.3,,,,,
353,12/19/94,8.2,,,,,
354,12/20/94,7.8,,,,,
355,12/21/94,7.6,,,,,
356,12/22/94,7.6,,,,,
357,12/23/94,7.6,,,,,
358,12/24/94,7.6,,,,,
359,12/25/94,7.5,,,,,
360,12/26/94,7.3,,,,,
361,12/27/94,7.2,,,,,
362,12/28/94,7.1,,,,,
363,12/29/94,6.9,,,,,
364,12/30/94,6.5,,,,,
365,12/31/94,6.4,,,,,
1,1/1/95,6.4,,,,,
2,1/2/95,6.3,,,,,
3,1/3/95,6.3,,,,,
4,1/4/95,6.2,,,,,
5,1/5/95,5.9,,,,,
6,1/6/95,6,,,,,
7,1/7/95,6,,,,,
8,1/8/95,6.1,,,,,
9,1/9/95,6.2,,,,,
10,1/10/95,6.1,,,,,
11,1/11/95,6,,,,,
12,1/12/95,6,,,,,
13,1/13/95,5.8,,,,,
14,1/14/95,5.4,,,,,
15,1/15/95,5.3,,,,,
16,1/16/95,5.4,,,,,
17,1/17/95,5.9,,,,,
18,1/18/95,6.1,,,,,
19,1/19/95,6.2,,,,,
20,1/20/95,6.3,,,,,
21,1/21/95,6.5,,,,,
22,1/22/95,6.3,,,,,
23,1/23/95,6.1,,,,,
24,1/24/95,5.9,,,,,
25,1/25/95,5.9,,,,,
26,1/26/95,5.7,,,,,
27,1/27/95,5.4,,,,,
28,1/28/95,5.6,,,,,
29,1/29/95,5.6,,,,,
30,1/30/95,5.3,,,,,
31,1/31/95,5.3,,,,,
32,2/1/95,5.4,,,,,
33,2/2/95,5.4,,,,,
34,2/3/95,5.2,,,,,
35,2/4/95,5,,,,,
36,2/5/95,4.9,,,,,
37,2/6/95,4.9,,,,,
38,2/7/95,4.8,,,,,
39,2/8/95,4.8,,,,,
40,2/9/95,4.8,,,,,
41,2/10/95,4.8,,,,,
42,2/11/95,4.9,,,,,
43,2/12/95,4.8,,,,,
44,2/13/95,4.6,,,,,
45,2/14/95,4.5,,,,,
46,2/15/95,4.5,,,,,
47,2/16/95,4.5,,,,,
48,2/17/95,4.5,,,,,
49,2/18/95,4.5,,,,,
50,2/19/95,4.5,,,,,
51,2/20/95,4.6,,,,,
52,2/21/95,4.5,,,,,
53,2/22/95,4.3,,,,,
54,2/23/95,4.2,,,,,
55,2/24/95,4.1,,,,,
56,2/25/95,4,,,,,
57,2/26/95,3.9,,,,,
58,2/27/95,3.8,,,,,
59,2/28/95,3.8,,,,,
60,3/1/95,3.6,,,,,
61,3/2/95,3.6,,,,,
62,3/3/95,3.5,,,,,
63,3/4/95,3.5,,,,,
64,3/5/95,3.5,,,,,
65,3/6/95,3.4,,,,,
66,3/7/95,3.4,,,,,
67,3/8/95,3.4,,,,,
68,3/9/95,3.4,,,,,
69,3/10/95,3.3,,,,,
70,3/11/95,3.1,,,,,
71,3/12/95,3,,,,,
72,3/13/95,3,,,,,
73,3/14/95,3.3,,,,,
74,3/15/95,3.4,,,,,
75,3/16/95,3.5,,,,,
76,3/17/95,3.4,,,,,
77,3/18/95,3.5,,,,,
78,3/19/95,3.3,,,,,
79,3/20/95,3.3,,,,,
80,3/21/95,3.4,,,,,
81,3/22/95,3.6,,,,,
82,3/23/95,3.6,,,,,
83,3/24/95,3.4,,,,,
84,3/25/95,3.3,,,,,
85,3/26/95,3.5,,,,,
86,3/27/95,3.5,,,,,
87,3/28/95,3.5,,,,,
88,3/29/95,3.9,,,,,
89,3/30/95,4,,,,,
90,3/31/95,4,,,,,
91,4/1/95,3.9,,,,,
92,4/2/95,3.9,,,,,
93,4/3/95,3.9,,,,,
94,4/4/95,3.9,,,,,
95,4/5/95,3.7,,,,,
96,4/6/95,3.7,,,,,
97,4/7/95,3.9,,,,,
98,4/8/95,4.1,,,,,
99,4/9/95,4.2,,,,,
100,4/10/95,3,,,,,
101,4/11/95,2.9,,,,,
102,4/12/95,3,,,,,
103,4/13/95,3.4,,,,,
104,4/14/95,3.7,,,,,
105,4/15/95,3.8,,,,,
106,4/16/95,4.1,,,,,
107,4/17/95,4.1,,,,,
108,4/18/95,4.1,,,,,
109,4/19/95,4.3,,,,,
110,4/20/95,4.6,,,,,
111,4/21/95,4.9,,,,,
112,4/22/95,5,,,,,
113,4/23/95,4.9,,,,,
114,4/24/95,5.1,,,,,
115,4/25/95,5.2,,,,,
116,4/26/95,5.3,,,,,
117,4/27/95,5.2,,,,,
118,4/28/95,5.1,,,,,
119,4/29/95,5.2,,,,,
120,4/30/95,5.3,,,,,
121,5/1/95,5.4,,,,,
122,5/2/95,5.3,,,,,
123,5/3/95,5.1,,,,,
124,5/4/95,5.4,,,,,
125,5/5/95,5.8,,,,,
126,5/6/95,6.1,,,,,
127,5/7/95,6.1,,,,,
128,5/8/95,5.9,,,,,
129,5/9/95,6,,,,,
130,5/10/95,6.1,,,,,
131,5/11/95,6.2,,,,,
132,5/12/95,6.1,,,,,
133,5/13/95,6.1,,,,,
134,5/14/95,6.3,,,,,
135,5/15/95,6.4,,,,,
136,5/16/95,6.4,,,,,
137,5/17/95,6.5,,,,,
138,5/18/95,6.7,,,,,
139,5/19/95,6.8,,,,,
140,5/20/95,7.1,,,,,
141,5/21/95,7.3,,,,,
142,5/22/95,7.5,,,,,
143,5/23/95,7.8,,,,,
144,5/24/95,8,,,,,
145,5/25/95,8.3,,,,,
146,5/26/95,8.4,,,,,
147,5/27/95,8.7,,,,,
148,5/28/95,8.9,,,,,
149,5/29/95,8.8,,,,,
150,5/30/95,8.6,,,,,
151,5/31/95,8.8,,,,,
152,6/1/95,9,,,,,
153,6/2/95,9.2,,,,,
154,6/3/95,9.3,,,,,
155,6/4/95,9.5,,,,,
156,6/5/95,9.8,,,,,
157,6/6/95,10.1,,,,,
158,6/7/95,10.3,,,,,
159,6/8/95,10.5,,,,,
160,6/9/95,10.9,,,,,
161,6/10/95,11.1,,,,,
162,6/11/95,11.2,,,,,
163,6/12/95,11.2,,,,,
164,6/13/95,11.3,,,,,
165,6/14/95,11.3,,,,,
166,6/15/95,11.4,,,,,
167,6/16/95,11.7,,,,,
168,6/17/95,11.8,,,,,
169,6/18/95,11.9,,,,,
170,6/19/95,11.9,,,,,
171,6/20/95,12.2,,,,,
172,6/21/95,12.4,,,,,
173,6/22/95,12.6,,,,,
174,6/23/95,12.8,,,,,
175,6/24/95,13.5,,,,,
176,6/25/95,13.9,,,,,
177,6/26/95,14.2,,,,,
178,6/27/95,14.1,,,,,
179,6/28/95,13.9,,,,,
180,6/29/95,14.1,,,,,
181,6/30/95,14.4,,,,,
182,7/1/95,14.7,,,,,
183,7/2/95,14.8,,,,,
184,7/3/95,14.7,,,,,
185,7/4/95,14.7,,,,,
186,7/5/95,14.9,,,,,
187,7/6/95,14.9,,,,,
188,7/7/95,15.1,,,,,
189,7/8/95,15.8,,,,,
190,7/9/95,15.7,,,,,
191,7/10/95,15.7,,,,,
192,7/11/95,15.7,,,,,
193,7/12/95,15.8,,,,,
194,7/13/95,15.8,,,,,
195,7/14/95,15.6,,,,,
196,7/15/95,16,,,,,
197,7/16/95,16.4,,,,,
198,7/17/95,16.3,,,,,
199,7/18/95,16.3,,,,,
200,7/19/95,16.5,,,,,
201,7/20/95,16.2,,,,,
202,7/21/95,16.1,,,,,
203,7/22/95,16.5,,,,,
204,7/23/95,16.6,,,,,
205,7/24/95,16.7,,,,,
206,7/25/95,16.8,,,,,
207,7/26/95,16.9,,,,,
208,7/27/95,16.7,,,,,
209,7/28/95,17,,,,,
210,7/29/95,17.4,,,,,
211,7/30/95,17.3,,,,,
212,7/31/95,17.3,,,,,
213,8/1/95,17.4,,,,,
214,8/2/95,17.3,,,,,
215,8/3/95,17.2,,,,,
216,8/4/95,17.1,,,,,
217,8/5/95,17.1,,,,,
218,8/6/95,16.8,,,,,
219,8/7/95,16.6,,,,,
220,8/8/95,16.7,,,,,
221,8/9/95,16.9,,,,,
222,8/10/95,17.2,,,,,
223,8/11/95,17.7,,,,,
224,8/12/95,18,,,,,
225,8/13/95,18.1,,,,,
226,8/14/95,18,,,,,
227,8/15/95,17.9,,,,,
228,8/16/95,18,,,,,
229,8/17/95,18.2,,,,,
230,8/18/95,18.1,,,,,
231,8/19/95,17.3,,,,,
232,8/20/95,16.7,,,,,
233,8/21/95,17,,,,,
234,8/22/95,17.7,,,,,
235,8/23/95,17.7,,,,,
236,8/24/95,16.6,,,,,
237,8/25/95,16.4,,,,,
238,8/26/95,16.7,,,,,
239,8/27/95,16.6,,,,,
240,8/28/95,16.5,,,,,
241,8/29/95,16.5,,,,,
242,8/30/95,16.3,,,,,
243,8/31/95,16.2,,,,,
244,9/1/95,16.3,,,,,
245,9/2/95,16.7,,,,,
246,9/3/95,16.9,,,,,
247,9/4/95,17,,,,,
248,9/5/95,16.5,,,,,
249,9/6/95,16.3,,,,,
250,9/7/95,16.3,,,,,
251,9/8/95,16.1,,,,,
252,9/9/95,16,,,,,
253,9/10/95,15.5,,,,,
254,9/11/95,15.4,,,,,
255,9/12/95,15.3,,,,,
256,9/13/95,15.2,,,,,
257,9/14/95,15.3,,,,,
258,9/15/95,15.4,,,,,
259,9/16/95,15.4,,,,,
260,9/17/95,15.3,,,,,
261,9/18/95,15.2,,,,,
262,9/19/95,15.1,,,,,
263,9/20/95,15.2,,,,,
264,9/21/95,15.3,,,,,
265,9/22/95,15.3,,,,,
266,9/23/95,15.3,,,,,
267,9/24/95,14.8,,,,,
268,9/25/95,14.5,,,,,
269,9/26/95,14.8,,,,,
270,9/27/95,14.9,,,,,
271,9/28/95,14.8,,,,,
272,9/29/95,14.7,,,,,
273,9/30/95,14.2,,,,,
274,10/1/95,14,,,,,
275,10/2/95,14.1,,,,,
276,10/3/95,14.3,,,,,
277,10/4/95,14.4,,,,,
278,10/5/95,14.4,,,,,
279,10/6/95,14.2,,,,,
280,10/7/95,13.9,,,,,
281,10/8/95,13.9,,,,,
282,10/9/95,14,,,,,
283,10/10/95,14,,,,,
284,10/11/95,13.9,,,,,
285,10/12/95,13.9,,,,,
286,10/13/95,14,,,,,
287,10/14/95,14.1,,,,,
288,10/15/95,13.4,,,,,
289,10/16/95,13.2,,,,,
290,10/17/95,13,,,,,
291,10/18/95,12.4,,,,,
292,10/19/95,12.3,,,,,
293,10/20/95,12.4,,,,,
294,10/21/95,12.6,,,,,
295,10/22/95,12.9,,,,,
296,10/23/95,12.8,,,,,
297,10/24/95,12.8,,,,,
298,10/25/95,12.7,,,,,
299,10/26/95,12,,,,,
300,10/27/95,11.8,,,,,
301,10/28/95,12.3,,,,,
302,10/29/95,12.3,,,,,
303,10/30/95,11.9,,,,,
304,10/31/95,11.7,,,,,
305,11/1/95,11.6,,,,,
306,11/2/95,11.6,,,,,
307,11/3/95,11.5,,,,,
308,11/4/95,11.3,,,,,
309,11/5/95,11.2,,,,,
310,11/6/95,11,,,,,
311,11/7/95,10.9,,,,,
312,11/8/95,10.8,,,,,
313,11/9/95,10.6,,,,,
314,11/10/95,10.3,,,,,
315,11/11/95,10.2,,,,,
316,11/12/95,10,,,,,
317,11/13/95,9.9,,,,,
318,11/14/95,9.9,,,,,
319,11/15/95,10.1,,,,,
320,11/16/95,10.1,,,,,
321,11/17/95,9.9,,,,,
322,11/18/95,9.9,,,,,
323,11/19/95,9.6,,,,,
324,11/20/95,9.7,,,,,
325,11/21/95,9.6,,,,,
326,11/22/95,9.6,,,,,
327,11/23/95,9.5,,,,,
328,11/24/95,9.3,,,,,
329,11/25/95,9.4,,,,,
330,11/26/95,9.1,,,,,
331,11/27/95,8.9,,,,,
332,11/28/95,8.9,,,,,
333,11/29/95,8.7,,,,,
334,11/30/95,8.3,,,,,
335,12/1/95,8.2,,,,,
336,12/2/95,8.2,,,,,
337,12/3/95,8.2,,,,,
338,12/4/95,8.1,,,,,
339,12/5/95,8,,,,,
340,12/6/95,8.1,,,,,
341,12/7/95,8,,,,,
342,12/8/95,7.8,,,,,
343,12/9/95,7.6,,,,,
344,12/10/95,7.6,,,,,
345,12/11/95,7.5,,,,,
346,12/12/95,7.5,,,,,
347,12/13/95,7.4,,,,,
348,12/14/95,7.1,,,,,
349,12/15/95,7.1,,,,,
350,12/16/95,7.1,,,,,
351,12/17/95,7.1,,,,,
352,12/18/95,7,,,,,
353,12/19/95,6.9,,,,,
354,12/20/95,7,,,,,
355,12/21/95,7,,,,,
356,12/22/95,7.1,,,,,
357,12/23/95,7.1,,,,,
358,12/24/95,7,,,,,
359,12/25/95,7,,,,,
360,12/26/95,6.9,,,,,
361,12/27/95,6.9,,,,,
362,12/28/95,7.2,,,,,
363,12/29/95,7.2,,,,,
364,12/30/95,7.1,,,,,
365,12/31/95,6.9,,,,,
1,1/1/96,6.7,,,,,
2,1/2/96,6.5,,,,,
3,1/3/96,6.1,,,,,
4,1/4/96,6.2,,,,,
5,1/5/96,6.2,,,,,
6,1/6/96,6.2,,,,,
7,1/7/96,6,,,,,
8,1/8/96,5.7,,,,,
9,1/9/96,5.8,,,,,
10,1/10/96,5.8,,,,,
11,1/11/96,5.6,,,,,
12,1/12/96,5.5,,,,,
13,1/13/96,5.5,,,,,
14,1/14/96,5.4,,,,,
15,1/15/96,5.2,,,,,
16,1/16/96,5.2,,,,,
17,1/17/96,5.1,,,,,
18,1/18/96,5.1,,,,,
19,1/19/96,5.2,,,,,
20,1/20/96,5.2,,,,,
21,1/21/96,5.1,,,,,
22,1/22/96,4.9,,,,,
23,1/23/96,4.7,,,,,
24,1/24/96,4.7,,,,,
25,1/25/96,4.7,,,,,
26,1/26/96,4.7,,,,,
27,1/27/96,4.6,,,,,
28,1/28/96,4.5,,,,,
29,1/29/96,4.4,,,,,
30,1/30/96,4.3,,,,,
31,1/31/96,4.3,,,,,
32,2/1/96,4.3,,,,,
33,2/2/96,4.3,,,,,
34,2/3/96,4.1,,,,,
35,2/4/96,3.8,,,,,
36,2/5/96,3.8,,,,,
37,2/6/96,3.9,,,,,
38,2/7/96,3.8,,,,,
39,2/8/96,3.8,,,,,
40,2/9/96,3.8,,,,,
41,2/10/96,3.7,,,,,
42,2/11/96,3.7,,,,,
43,2/12/96,3.8,,,,,
44,2/13/96,3.8,,,,,
45,2/14/96,3.7,,,,,
46,2/15/96,3.7,,,,,
47,2/16/96,3.7,,,,,
48,2/17/96,3.4,,,,,
49,2/18/96,3.3,,,,,
50,2/19/96,3.2,,,,,
51,2/20/96,3.1,,,,,
52,2/21/96,3.1,,,,,
53,2/22/96,3.3,,,,,
54,2/23/96,3.5,,,,,
55,2/24/96,3.5,,,,,
56,2/25/96,3.8,,,,,
57,2/26/96,4,,,,,
58,2/27/96,4.3,,,,,
59,2/28/96,4.2,,,,,
60,2/29/96,3.4,,,,,
61,3/1/96,3.4,,,,,
62,3/2/96,3.2,,,,,
63,3/3/96,3.2,,,,,
64,3/4/96,3.3,,,,,
65,3/5/96,3.3,,,,,
66,3/6/96,3.2,,,,,
67,3/7/96,3.2,,,,,
68,3/8/96,3,,,,,
69,3/9/96,2.8,,,,,
70,3/10/96,2.9,,,,,
71,3/11/96,3.1,,,,,
72,3/12/96,3.3,,,,,
73,3/13/96,3.6,,,,,
74,3/14/96,3.6,,,,,
75,3/15/96,3.3,,,,,
76,3/16/96,3.4,,,,,
77,3/17/96,3.4,,,,,
78,3/18/96,3.5,,,,,
79,3/19/96,3.4,,,,,
80,3/20/96,3.6,,,,,
81,3/21/96,3.4,,,,,
82,3/22/96,3.3,,,,,
83,3/23/96,3.2,,,,,
84,3/24/96,3.2,,,,,
85,3/25/96,3,,,,,
86,3/26/96,3.6,,,,,
87,3/27/96,3.6,,,,,
88,3/28/96,3.5,,,,,
89,3/29/96,3.5,,,,,
90,3/30/96,3.5,,,,,
91,3/31/96,3.6,,,,,
92,4/1/96,3.7,,,,,
93,4/2/96,3.7,,,,,
94,4/3/96,3.6,,,,,
95,4/4/96,3.7,,,,,
96,4/5/96,3.4,,,,,
97,4/6/96,3.3,,,,,
98,4/7/96,3.5,,,,,
99,4/8/96,3.6,,,,,
100,4/9/96,3.8,,,,,
101,4/10/96,3.8,,,,,
102,4/11/96,3.8,,,,,
103,4/12/96,3.9,,,,,
104,4/13/96,4,,,,,
105,4/14/96,4.2,,,,,
106,4/15/96,4.3,,,,,
107,4/16/96,4.4,,,,,
108,4/17/96,4.5,,,,,
109,4/18/96,4.6,,,,,
110,4/19/96,4.7,,,,,
111,4/20/96,5.2,,,,,
112,4/21/96,5.7,,,,,
113,4/22/96,5.7,,,,,
114,4/23/96,5.7,,,,,
115,4/24/96,5.5,,,,,
116,4/25/96,5.6,,,,,
117,4/26/96,5.7,,,,,
118,4/27/96,6.1,,,,,
119,4/28/96,6.2,,,,,
120,4/29/96,6.1,,,,,
121,4/30/96,6.1,,,,,
122,5/1/96,6.4,,,,,
123,5/2/96,6.4,,,,,
124,5/3/96,6.4,,,,,
125,5/4/96,6.6,,,,,
126,5/5/96,7,,,,,
127,5/6/96,6.8,,,,,
128,5/7/96,6.8,,,,,
129,5/8/96,6.8,,,,,
130,5/9/96,6.8,,,,,
131,5/10/96,6.5,,,,,
132,5/11/96,6.6,,,,,
133,5/12/96,6.6,,,,,
134,5/13/96,6.8,,,,,
135,5/14/96,7,,,,,
136,5/15/96,7.1,,,,,
137,5/16/96,7.3,,,,,
138,5/17/96,7.3,,,,,
139,5/18/96,7.4,,,,,
140,5/19/96,7.6,,,,,
141,5/20/96,7.9,,,,,
142,5/21/96,8.4,,,,,
143,5/22/96,9.3,,,,,
144,5/23/96,9.6,,,,,
145,5/24/96,9.4,,,,,
146,5/25/96,9.3,,,,,
147,5/26/96,9.3,,,,,
148,5/27/96,9.4,,,,,
149,5/28/96,9.6,,,,,
150,5/29/96,9.5,,,,,
151,5/30/96,9.5,,,,,
152,5/31/96,9.8,,,,,
153,6/1/96,9.9,,,,,
154,6/2/96,10.2,,,,,
155,6/3/96,10.3,,,,,
156,6/4/96,11,,,,,
157,6/5/96,11,,,,,
158,6/6/96,11,,,,,
159,6/7/96,11,,,,,
160,6/8/96,11,,,,,
161,6/9/96,11.2,,,,,
162,6/10/96,11.5,,,,,
163,6/11/96,12.4,,,,,
164,6/12/96,12.8,,,,,
165,6/13/96,13,,,,,
166,6/14/96,13.1,,,,,
167,6/15/96,13.2,,,,,
168,6/16/96,13.3,,,,,
169,6/17/96,13.4,,,,,
170,6/18/96,13.4,,,,,
171,6/19/96,13.3,,,,,
172,6/20/96,13.4,,,,,
173,6/21/96,13.2,,,,,
174,6/22/96,12.9,,,,,
175,6/23/96,12.9,,,,,
176,6/24/96,13.1,,,,,
177,6/25/96,13.4,,,,,
178,6/26/96,13.3,,,,,
179,6/27/96,13.1,,,,,
180,6/28/96,13.3,,,,,
181,6/29/96,13.6,,,,,
182,6/30/96,13.8,,,,,
183,7/1/96,13.6,,,,,
184,7/2/96,13.7,,,,,
185,7/3/96,14,,,,,
186,7/4/96,14,,,,,
187,7/5/96,14.1,,,,,
188,7/6/96,14.2,,,,,
189,7/7/96,14.3,,,,,
190,7/8/96,14.6,,,,,
191,7/9/96,14.7,,,,,
192,7/10/96,14.8,,,,,
193,7/11/96,14.9,,,,,
194,7/12/96,15,,,,,
195,7/13/96,14.1,,,,,
196,7/14/96,14,,,,,
197,7/15/96,14,,,,,
198,7/16/96,14.6,,,,,
199,7/17/96,14.7,,,,,
200,7/18/96,14.8,,,,,
201,7/19/96,14.1,,,,,
202,7/20/96,13.3,,,,,
203,7/21/96,13.4,,,,,
204,7/22/96,14.1,,,,,
205,7/23/96,14,,,,,
206,7/24/96,13.9,,,,,
207,7/25/96,14,,,,,
208,7/26/96,14.3,,,,,
209,7/27/96,14.7,,,,,
210,7/28/96,14.8,,,,,
211,7/29/96,14.9,,,,,
212,7/30/96,15,,,,,
213,7/31/96,14.7,,,,,
214,8/1/96,14.6,,,,,
215,8/2/96,14.5,,,,,
216,8/3/96,14.5,,,,,
217,8/4/96,15.5,,,,,
218,8/5/96,15.7,,,,,
219,8/6/96,15.8,,,,,
220,8/7/96,15.9,,,,,
221,8/8/96,16,,,,,
222,8/9/96,16.1,,,,,
223,8/10/96,16.4,,,,,
224,8/11/96,16.5,,,,,
225,8/12/96,16.5,,,,,
226,8/13/96,15.5,,,,,
227,8/14/96,15.5,,,,,
228,8/15/96,15.9,,,,,
229,8/16/96,16.3,,,,,
230,8/17/96,16.4,,,,,
231,8/18/96,16.7,,,,,
232,8/19/96,16.5,,,,,
233,8/20/96,16.5,,,,,
234,8/21/96,16.4,,,,,
235,8/22/96,16.6,,,,,
236,8/23/96,16.8,,,,,
237,8/24/96,16.7,,,,,
238,8/25/96,16.6,,,,,
239,8/26/96,16.7,,,,,
240,8/27/96,16.4,,,,,
241,8/28/96,16.1,,,,,
242,8/29/96,16,,,,,
243,8/30/96,16.2,,,,,
244,8/31/96,16.1,,,,,
245,9/1/96,15.5,,,,,
246,9/2/96,14.5,,,,,
247,9/3/96,14.6,,,,,
248,9/4/96,14.7,,,,,
249,9/5/96,14.8,,,,,
250,9/6/96,15.1,,,,,
251,9/7/96,15,,,,,
252,9/8/96,14.9,,,,,
253,9/9/96,15.2,,,,,
254,9/10/96,15.3,,,,,
255,9/11/96,15.2,,,,,
256,9/12/96,15.2,,,,,
257,9/13/96,14.9,,,,,
258,9/14/96,14.6,,,,,
259,9/15/96,14.6,,,,,
260,9/16/96,14.6,,,,,
261,9/17/96,14.5,,,,,
262,9/18/96,14.1,,,,,
263,9/19/96,13.8,,,,,
264,9/20/96,13.8,,,,,
265,9/21/96,13.8,,,,,
266,9/22/96,13.8,,,,,
267,9/23/96,13.7,,,,,
268,9/24/96,13.7,,,,,
269,9/25/96,13.2,,,,,
270,9/26/96,12.9,,,,,
271,9/27/96,12.8,,,,,
272,9/28/96,12.7,,,,,
273,9/29/96,13.3,,,,,
274,9/30/96,13.4,,,,,
275,10/1/96,13.4,,,,,
276,10/2/96,13.4,,,,,
277,10/3/96,13.1,,,,,
278,10/4/96,12.8,,,,,
279,10/5/96,12.7,,,,,
280,10/6/96,12.5,,,,,
281,10/7/96,12.5,,,,,
282,10/8/96,12.5,,,,,
283,10/9/96,12.1,,,,,
284,10/10/96,12.1,,,,,
285,10/11/96,12,,,,,
286,10/12/96,12,,,,,
287,10/13/96,11.9,,,,,
288,10/14/96,11.8,,,,,
289,10/15/96,11.7,,,,,
290,10/16/96,11.6,,,,,
291,10/17/96,11.8,,,,,
292,10/18/96,11.6,,,,,
293,10/19/96,11.5,,,,,
294,10/20/96,11.2,,,,,
295,10/21/96,11,,,,,
296,10/22/96,11.4,,,,,
297,10/23/96,11.5,,,,,
298,10/24/96,11.4,,,,,
299,10/25/96,11.4,,,,,
300,10/26/96,11.4,,,,,
301,10/27/96,11.4,,,,,
302,10/28/96,11.2,,,,,
303,10/29/96,10.8,,,,,
304,10/30/96,10.8,,,,,
305,10/31/96,10.8,,,,,
306,11/1/96,10.6,,,,,
307,11/2/96,10.4,,,,,
308,11/3/96,10.1,,,,,
309,11/4/96,9.9,,,,,
310,11/5/96,9.8,,,,,
311,11/6/96,9.7,,,,,
312,11/7/96,9.6,,,,,
313,11/8/96,9.7,,,,,
314,11/9/96,9.8,,,,,
315,11/10/96,9.9,,,,,
316,11/11/96,9.8,,,,,
317,11/12/96,9.6,,,,,
318,11/13/96,9.4,,,,,
319,11/14/96,9.2,,,,,
320,11/15/96,9.1,,,,,
321,11/16/96,9.1,,,,,
322,11/17/96,9.1,,,,,
323,11/18/96,9.1,,,,,
324,11/19/96,8.7,,,,,
325,11/20/96,8.7,,,,,
326,11/21/96,8.7,,,,,
327,11/22/96,8.7,,,,,
328,11/23/96,8.7,,,,,
329,11/24/96,8.5,,,,,
330,11/25/96,8.3,,,,,
331,11/26/96,7.9,,,,,
332,11/27/96,7.9,,,,,
333,11/28/96,7.7,,,,,
334,11/29/96,7.7,,,,,
335,11/30/96,7.8,,,,,
336,12/1/96,8,,,,,
337,12/2/96,8.3,,,,,
338,12/3/96,8.2,,,,,
339,12/4/96,7.9,,,,,
340,12/5/96,7.8,,,,,
341,12/6/96,7.8,,,,,
342,12/7/96,7.7,,,,,
343,12/8/96,7.5,,,,,
344,12/9/96,7.5,,,,,
345,12/10/96,7.5,,,,,
346,12/11/96,7.4,,,,,
347,12/12/96,7.4,,,,,
348,12/13/96,7.5,,,,,
349,12/14/96,7.5,,,,,
350,12/15/96,7.5,,,,,
351,12/16/96,7.4,,,,,
352,12/17/96,7.7,,,,,
353,12/18/96,7.7,,,,,
354,12/19/96,7.5,,,,,
355,12/20/96,7.3,,,,,
356,12/21/96,7.3,,,,,
357,12/22/96,7.1,,,,,
358,12/23/96,6.8,,,,,
359,12/24/96,6.9,,,,,
360,12/25/96,6.9,,,,,
361,12/26/96,6.9,,,,,
362,12/27/96,6.6,,,,,
363,12/28/96,6.4,,,,,
364,12/29/96,6.6,,,,,
365,12/30/96,6.6,,,,,
366,12/31/96,6.4,,,,,
1,1/1/97,6,,,,,
2,1/2/97,6,,,,,
3,1/3/97,6.2,,,,,
4,1/4/97,6.1,,,,,
5,1/5/97,6.2,,,,,
6,1/6/97,6.2,,,,,
7,1/7/97,6.1,,,,,
8,1/8/97,6,,,,,
9,1/9/97,6,,,,,
10,1/10/97,6,,,,,
11,1/11/97,5.8,,,,,
12,1/12/97,6,,,,,
13,1/13/97,6,,,,,
14,1/14/97,5.9,,,,,
15,1/15/97,5.9,,,,,
16,1/16/97,5.7,,,,,
17,1/17/97,5.5,,,,,
18,1/18/97,5.4,,,,,
19,1/19/97,5.3,,,,,
20,1/20/97,5.7,,,,,
21,1/21/97,5.8,,,,,
22,1/22/97,5.7,,,,,
23,1/23/97,5.6,,,,,
24,1/24/97,5.5,,,,,
25,1/25/97,5.5,,,,,
26,1/26/97,5.4,,,,,
27,1/27/97,5.1,,,,,
28,1/28/97,5.1,,,,,
29,1/29/97,5.3,,,,,
30,1/30/97,5.2,,,,,
31,1/31/97,4.9,,,,,
32,2/1/97,5,,,,,
33,2/2/97,5,,,,,
34,2/3/97,4.8,,,,,
35,2/4/97,4.8,,,,,
36,2/5/97,5,,,,,
37,2/6/97,5,,,,,
38,2/7/97,4.9,,,,,
39,2/8/97,4.7,,,,,
40,2/9/97,4.8,,,,,
41,2/10/97,4.8,,,,,
42,2/11/97,4.6,,,,,
43,2/12/97,4.4,,,,,
44,2/13/97,4.7,,,,,
45,2/14/97,4.8,,,,,
46,2/15/97,4.8,,,,,
47,2/16/97,4.9,,,,,
48,2/17/97,4.9,,,,,
49,2/18/97,4.7,,,,,
50,2/19/97,5.1,,,,,
51,2/20/97,5.2,,,,,
52,2/21/97,5.1,,,,,
53,2/22/97,5,,,,,
54,2/23/97,5,,,,,
55,2/24/97,4.9,,,,,
56,2/25/97,4.7,,,,,
57,2/26/97,4.7,,,,,
58,2/27/97,4.7,,,,,
59,2/28/97,4.5,,,,,
60,3/1/97,4.4,,,,,
61,3/2/97,4.4,,,,,
62,3/3/97,4.3,,,,,
63,3/4/97,4.3,,,,,
64,3/5/97,4.2,,,,,
65,3/6/97,4.3,,,,,
66,3/7/97,4.3,,,,,
67,3/8/97,4.5,,,,,
68,3/9/97,4.5,,,,,
69,3/10/97,4.5,,,,,
70,3/11/97,4.5,,,,,
71,3/12/97,4.5,,,,,
72,3/13/97,4.4,,,,,
73,3/14/97,4.4,,,,,
74,3/15/97,4.7,,,,,
75,3/16/97,4.7,,,,,
76,3/17/97,4.4,,,,,
77,3/18/97,4.5,,,,,
78,3/19/97,4.3,,,,,
79,3/20/97,4.3,,,,,
80,3/21/97,4.4,,,,,
81,3/22/97,4.3,,,,,
82,3/23/97,4.1,,,,,
83,3/24/97,4.2,,,,,
84,3/25/97,4.2,,,,,
85,3/26/97,4.2,,,,,
86,3/27/97,4.4,,,,,
87,3/28/97,4.4,,,,,
88,3/29/97,4.4,,,,,
89,3/30/97,4.6,,,,,
90,3/31/97,4.7,,,,,
91,4/1/97,4.2,,,,,
92,4/2/97,4.3,,,,,
93,4/3/97,4.6,,,,,
94,4/4/97,5,,,,,
95,4/5/97,5.3,,,,,
96,4/6/97,5.3,,,,,
97,4/7/97,5.1,,,,,
98,4/8/97,5,,,,,
99,4/9/97,4.7,,,,,
100,4/10/97,4.6,,,,,
101,4/11/97,4.7,,,,,
102,4/12/97,4.6,,,,,
103,4/13/97,4.6,,,,,
104,4/14/97,4.7,,,,,
105,4/15/97,4.9,,,,,
106,4/16/97,5.1,,,,,
107,4/17/97,5.2,,,,,
108,4/18/97,5.2,,,,,
109,4/19/97,5.2,,,,,
110,4/20/97,5.3,,,,,
111,4/21/97,5.7,,,,,
112,4/22/97,6.5,,,,,
113,4/23/97,6.5,,,,,
114,4/24/97,6.3,,,,,
115,4/25/97,5.7,,,,,
116,4/26/97,5.8,,,,,
117,4/27/97,5.9,,,,,
118,4/28/97,5.8,,,,,
119,4/29/97,5.6,,,,,
120,4/30/97,5.7,,,,,
121,5/1/97,5.7,,,,,
122,5/2/97,5.6,,,,,
123,5/3/97,5.7,,,,,
124,5/4/97,5.7,,,,,
125,5/5/97,5.8,,,,,
126,5/6/97,5.9,,,,,
127,5/7/97,5.9,,,,,
128,5/8/97,6,,,,,
129,5/9/97,5.9,,,,,
130,5/10/97,6,,,,,
131,5/11/97,6.3,,,,,
132,5/12/97,6.4,,,,,
133,5/13/97,6.5,,,,,
134,5/14/97,6.9,,,,,
135,5/15/97,6.9,,,,,
136,5/16/97,6.8,,,,,
137,5/17/97,6.9,,,,,
138,5/18/97,7,,,,,
139,5/19/97,7,,,,,
140,5/20/97,7.4,,,,,
141,5/21/97,7.4,,,,,
142,5/22/97,7.4,,,,,
143,5/23/97,7.4,,,,,
144,5/24/97,7.5,,,,,
145,5/25/97,8.4,,,,,
146,5/26/97,8.7,,,,,
147,5/27/97,8.5,,,,,
148,5/28/97,9.1,,,,,
149,5/29/97,9.3,,,,,
150,5/30/97,9.2,,,,,
151,5/31/97,9.3,,,,,
152,6/1/97,9.5,,,,,
153,6/2/97,9.2,,,,,
154,6/3/97,9,,,,,
155,6/4/97,8.7,,,,,
156,6/5/97,9,,,,,
157,6/6/97,9.1,,,,,
158,6/7/97,9.2,,,,,
159,6/8/97,9.7,,,,,
160,6/9/97,9.8,,,,,
161,6/10/97,10.1,,,,,
162,6/11/97,10.6,,,,,
163,6/12/97,10.7,,,,,
164,6/13/97,11.1,,,,,
165,6/14/97,11.5,,,,,
166,6/15/97,11.6,,,,,
167,6/16/97,11.3,,,,,
168,6/17/97,11.4,,,,,
169,6/18/97,11.9,,,,,
170,6/19/97,12.6,,,,,
171,6/20/97,12.5,,,,,
172,6/21/97,12.8,,,,,
173,6/22/97,13.3,,,,,
174,6/23/97,13.3,,,,,
175,6/24/97,13.4,,,,,
176,6/25/97,13.4,,,,,
177,6/26/97,13.7,,,,,
178,6/27/97,13.8,,,,,
179,6/28/97,14,,,,,
180,6/29/97,14.4,,,,,
181,6/30/97,15.2,,,,,
182,7/1/97,15.5,,,,,
183,7/2/97,15.4,,,,,
184,7/3/97,15.2,,,,,
185,7/4/97,14.9,,,,,
186,7/5/97,14.9,,,,,
187,7/6/97,15.2,,,,,
188,7/7/97,15.5,,,,,
189,7/8/97,15.4,,,,,
190,7/9/97,15.3,,,,,
191,7/10/97,15.2,,,,,
192,7/11/97,15.2,,,,,
193,7/12/97,15.3,,,,,
194,7/13/97,15.4,,,,,
195,7/14/97,15.8,,,,,
196,7/15/97,16.2,,,,,
197,7/16/97,16.2,,,,,
198,7/17/97,16.2,,,,,
199,7/18/97,16.6,,,,,
200,7/19/97,15.9,,,,,
201,7/20/97,15.4,,,,,
202,7/21/97,15.5,,,,,
203,7/22/97,16.2,,,,,
204,7/23/97,15.9,,,,,
205,7/24/97,15.5,,,,,
206,7/25/97,14.8,,,,,
207,7/26/97,15.2,,,,,
208,7/27/97,16,,,,,
209,7/28/97,16.1,,,,,
210,7/29/97,16,,,,,
211,7/30/97,16.2,,,,,
212,7/31/97,16.5,,,,,
213,8/1/97,16.6,,,,,
214,8/2/97,16.7,,,,,
215,8/3/97,16.8,,,,,
216,8/4/97,16.8,,,,,
217,8/5/97,16.4,,,,,
218,8/6/97,16.4,,,,,
219,8/7/97,16.4,,,,,
220,8/8/97,16.5,,,,,
221,8/9/97,16.7,,,,,
222,8/10/97,16.8,,,,,
223,8/11/97,16.7,,,,,
224,8/12/97,16.5,,,,,
225,8/13/97,16.5,,,,,
226,8/14/97,16.8,,,,,
227,8/15/97,17.2,,,,,
228,8/16/97,17.3,,,,,
229,8/17/97,17,,,,,
230,8/18/97,16.5,,,,,
231,8/19/97,16.4,,,,,
232,8/20/97,16.4,,,,,
233,8/21/97,16.4,,,,,
234,8/22/97,16.1,,,,,
235,8/23/97,16.1,,,,,
236,8/24/97,16.1,,,,,
237,8/25/97,16.2,,,,,
238,8/26/97,16.3,,,,,
239,8/27/97,16.3,,,,,
240,8/28/97,16.5,,,,,
241,8/29/97,16.2,,,,,
242,8/30/97,16.3,,,,,
243,8/31/97,16.5,,,,,
244,9/1/97,16.6,,,,,
245,9/2/97,16.8,,,,,
246,9/3/97,15.7,,,,,
247,9/4/97,15.5,,,,,
248,9/5/97,15.6,,,,,
249,9/6/97,15.8,,,,,
250,9/7/97,16,,,,,
251,9/8/97,16.1,,,,,
252,9/9/97,15.9,,,,,
253,9/10/97,15.9,,,,,
254,9/11/97,15.9,,,,,
255,9/12/97,16.1,,,,,
256,9/13/97,16.3,,,,,
257,9/14/97,16.4,,,,,
258,9/15/97,16.3,,,,,
259,9/16/97,16.2,,,,,
260,9/17/97,16.1,,,,,
261,9/18/97,16,,,,,
262,9/19/97,16,,,,,
263,9/20/97,15.1,,,,,
264,9/21/97,14.4,,,,,
265,9/22/97,14.3,,,,,
266,9/23/97,14.2,,,,,
267,9/24/97,13.7,,,,,
268,9/25/97,13.7,,,,,
269,9/26/97,13.7,,,,,
270,9/27/97,13.6,,,,,
271,9/28/97,13.5,,,,,
272,9/29/97,13.5,,,,,
273,9/30/97,13.3,,,,,
274,10/1/97,13,,,,,
275,10/2/97,12.6,,,,,
276,10/3/97,12.5,,,,,
277,10/4/97,12.7,,,,,
278,10/5/97,13.1,,,,,
279,10/6/97,13.1,,,,,
280,10/7/97,13.1,,,,,
281,10/8/97,12.9,,,,,
282,10/9/97,12.8,,,,,
283,10/10/97,13,,,,,
284,10/11/97,12.8,,,,,
285,10/12/97,12.4,,,,,
286,10/13/97,12.6,,,,,
287,10/14/97,12.7,,,,,
288,10/15/97,12.6,,,,,
289,10/16/97,12.5,,,,,
290,10/17/97,12.5,,,,,
291,10/18/97,12.5,,,,,
292,10/19/97,12.3,,,,,
293,10/20/97,12.4,,,,,
294,10/21/97,12.5,,,,,
295,10/22/97,12.2,,,,,
296,10/23/97,11.9,,,,,
297,10/24/97,11.6,,,,,
298,10/25/97,11.4,,,,,
299,10/26/97,11.2,,,,,
300,10/27/97,11.2,,,,,
301,10/28/97,10.8,,,,,
302,10/29/97,10.9,,,,,
303,10/30/97,10.9,,,,,
304,10/31/97,10.8,,,,,
305,11/1/97,10.8,,,,,
306,11/2/97,10.7,,,,,
307,11/3/97,10.7,,,,,
308,11/4/97,10.6,,,,,
309,11/5/97,10.6,,,,,
310,11/6/97,10.3,,,,,
311,11/7/97,10.2,,,,,
312,11/8/97,10.2,,,,,
313,11/9/97,10.3,,,,,
314,11/10/97,10.1,,,,,
315,11/11/97,10,,,,,
316,11/12/97,9.8,,,,,
317,11/13/97,9.9,,,,,
318,11/14/97,9.7,,,,,
319,11/15/97,9.5,,,,,
320,11/16/97,9.4,,,,,
321,11/17/97,9.4,,,,,
322,11/18/97,9.4,,,,,
323,11/19/97,9.4,,,,,
324,11/20/97,9.2,,,,,
325,11/21/97,9.2,,,,,
326,11/22/97,9.2,,,,,
327,11/23/97,8.8,,,,,
328,11/24/97,8.7,,,,,
329,11/25/97,8.8,,,,,
330,11/26/97,8.7,,,,,
331,11/27/97,8.7,,,,,
332,11/28/97,8.6,,,,,
333,11/29/97,8.5,,,,,
334,11/30/97,8.3,,,,,
335,12/1/97,8.3,,,,,
336,12/2/97,8.1,,,,,
337,12/3/97,8.2,,,,,
338,12/4/97,8.1,,,,,
339,12/5/97,7.7,,,,,
340,12/6/97,7.6,,,,,
341,12/7/97,7.8,,,,,
342,12/8/97,7.8,,,,,
343,12/9/97,7.7,,,,,
344,12/10/97,7.6,,,,,
345,12/11/97,7.5,,,,,
346,12/12/97,7.4,,,,,
347,12/13/97,7.4,,,,,
348,12/14/97,7.3,,,,,
349,12/15/97,7.3,,,,,
350,12/16/97,7.5,,,,,
351,12/17/97,7.5,,,,,
352,12/18/97,7.4,,,,,
353,12/19/97,7.3,,,,,
354,12/20/97,7.2,,,,,
355,12/21/97,7.2,,,,,
356,12/22/97,7.1,,,,,
357,12/23/97,7.1,,,,,
358,12/24/97,6.9,,,,,
359,12/25/97,7.1,,,,,
360,12/26/97,7.1,,,,,
361,12/27/97,7.1,,,,,
362,12/28/97,6.6,,,,,
363,12/29/97,6.3,,,,,
364,12/30/97,6.4,,,,,
365,12/31/97,6.5,,,,,
1,1/1/98,6.4,,,,,
2,1/2/98,6.4,,,,,
3,1/3/98,6.4,,,,,
4,1/4/98,6.2,,,,,
5,1/5/98,6.1,,,,,
6,1/6/98,6,,,,,
7,1/7/98,5.9,,,,,
8,1/8/98,6,,,,,
9,1/9/98,6.1,,,,,
10,1/10/98,6.3,,,,,
11,1/11/98,6.2,,,,,
12,1/12/98,6.2,,,,,
13,1/13/98,6.2,,,,,
14,1/14/98,6.1,,,,,
15,1/15/98,5.9,,,,,
16,1/16/98,5.9,,,,,
17,1/17/98,5.9,,,,,
18,1/18/98,5.8,,,,,
19,1/19/98,5.6,,,,,
20,1/20/98,5.7,,,,,
21,1/21/98,5.2,,,,,
22,1/22/98,5.1,,,,,
23,1/23/98,4.8,,,,,
24,1/24/98,4.7,,,,,
25,1/25/98,5.1,,,,,
26,1/26/98,5,,,,,
27,1/27/98,5,,,,,
28,1/28/98,4.9,,,,,
29,1/29/98,4.6,,,,,
30,1/30/98,4.2,,,,,
31,1/31/98,4.3,,,,,
32,2/1/98,4.7,,,,,
33,2/2/98,4.7,,,,,
34,2/3/98,4.6,,,,,
35,2/4/98,4.6,,,,,
36,2/5/98,4.5,,,,,
37,2/6/98,4.5,,,,,
38,2/7/98,4.3,,,,,
39,2/8/98,4.1,,,,,
40,2/9/98,4.1,,,,,
41,2/10/98,3.9,,,,,
42,2/11/98,3.7,,,,,
43,2/12/98,3.9,,,,,
44,2/13/98,3.8,,,,,
45,2/14/98,3.6,,,,,
46,2/15/98,3.6,,,,,
47,2/16/98,3.6,,,,,
48,2/17/98,3.6,,,,,
49,2/18/98,3.5,,,,,
50,2/19/98,3.8,,,,,
51,2/20/98,3.9,,,,,
52,2/21/98,4.1,,,,,
53,2/22/98,4.2,,,,,
54,2/23/98,3.7,,,,,
55,2/24/98,3.1,,,,,
56,2/25/98,3.5,,,,,
57,2/26/98,3.6,,,,,
58,2/27/98,3.7,,,,,
59,2/28/98,3.8,,,,,
60,3/1/98,3.7,,,,,
61,3/2/98,3.4,,,,,
62,3/3/98,3.5,,,,,
63,3/4/98,3.5,,,,,
64,3/5/98,3.5,,,,,
65,3/6/98,3.5,,,,,
66,3/7/98,3.3,,,,,
67,3/8/98,2.8,,,,,
68,3/9/98,2.9,,,,,
69,3/10/98,3.1,,,,,
70,3/11/98,3.1,,,,,
71,3/12/98,3.3,,,,,
72,3/13/98,3.3,,,,,
73,3/14/98,3.3,,,,,
74,3/15/98,3.2,,,,,
75,3/16/98,3.4,,,,,
76,3/17/98,3.6,,,,,
77,3/18/98,3.5,,,,,
78,3/19/98,3.3,,,,,
79,3/20/98,3.3,,,,,
80,3/21/98,3.3,,,,,
81,3/22/98,3.3,,,,,
82,3/23/98,3.4,,,,,
83,3/24/98,3.6,,,,,
84,3/25/98,3.7,,,,,
85,3/26/98,3.7,,,,,
86,3/27/98,4.2,,,,,
87,3/28/98,4.3,,,,,
88,3/29/98,4.8,,,,,
89,3/30/98,4.8,,,,,
90,3/31/98,5.1,,,,,
91,4/1/98,5.2,,,,,
92,4/2/98,4.6,,,,,
93,4/3/98,4.4,,,,,
94,4/4/98,4.3,,,,,
95,4/5/98,4.1,,,,,
96,4/6/98,4,,,,,
97,4/7/98,4.5,,,,,
98,4/8/98,4.8,,,,,
99,4/9/98,4.8,,,,,
100,4/10/98,4.7,,,,,
101,4/11/98,4.7,,,,,
102,4/12/98,4.8,,,,,
103,4/13/98,4.9,,,,,
104,4/14/98,5,,,,,
105,4/15/98,5.1,,,,,
106,4/16/98,5.2,,,,,
107,4/17/98,5.6,,,,,
108,4/18/98,6,,,,,
109,4/19/98,6.1,,,,,
110,4/20/98,6.3,,,,,
111,4/21/98,6.4,,,,,
112,4/22/98,6.6,,,,,
113,4/23/98,6.5,,,,,
114,4/24/98,5.8,,,,,
115,4/25/98,5.7,,,,,
116,4/26/98,5.8,,,,,
117,4/27/98,5.8,,,,,
118,4/28/98,6,,,,,
119,4/29/98,6.5,,,,,
120,4/30/98,6.9,,,,,
121,5/1/98,7.1,,,,,
122,5/2/98,6.9,,,,,
123,5/3/98,7.3,,,,,
124,5/4/98,7.4,,,,,
125,5/5/98,7.5,,,,,
126,5/6/98,7.4,,,,,
127,5/7/98,7.6,,,,,
128,5/8/98,8,,,,,
129,5/9/98,8.1,,,,,
130,5/10/98,8.1,,,,,
131,5/11/98,6.9,,,,,
132,5/12/98,6.9,,,,,
133,5/13/98,7,,,,,
134,5/14/98,7.4,,,,,
135,5/15/98,7.8,,,,,
136,5/16/98,8.2,,,,,
137,5/17/98,8.3,,,,,
138,5/18/98,8.9,,,,,
139,5/19/98,9.1,,,,,
140,5/20/98,9.1,,,,,
141,5/21/98,9.3,,,,,
142,5/22/98,8.9,,,,,
143,5/23/98,9,,,,,
144,5/24/98,9.4,,,,,
145,5/25/98,9.6,,,,,
146,5/26/98,10,,,,,
147,5/27/98,10.4,,,,,
148,5/28/98,10.4,,,,,
149,5/29/98,10.4,,,,,
150,5/30/98,10.3,,,,,
151,5/31/98,10.3,,,,,
152,6/1/98,10.4,,,,,
153,6/2/98,10.5,,,,,
154,6/3/98,10.5,,,,,
155,6/4/98,10.1,,,,,
156,6/5/98,9.7,,,,,
157,6/6/98,9.8,,,,,
158,6/7/98,10.2,,,,,
159,6/8/98,10.1,,,,,
160,6/9/98,10.3,,,,,
161,6/10/98,10.8,,,,,
162,6/11/98,11.1,,,,,
163,6/12/98,11.4,,,,,
164,6/13/98,11.3,,,,,
165,6/14/98,11.1,,,,,
166,6/15/98,11.6,,,,,
167,6/16/98,11.5,,,,,
168,6/17/98,12,,,,,
169,6/18/98,12.3,,,,,
170,6/19/98,12.5,,,,,
171,6/20/98,12.8,,,,,
172,6/21/98,13,,,,,
173,6/22/98,13.2,,,,,
174,6/23/98,13.2,,,,,
175,6/24/98,13.3,,,,,
176,6/25/98,13.6,,,,,
177,6/26/98,13.9,,,,,
178,6/27/98,12.6,,,,,
179,6/28/98,12.6,,,,,
180,6/29/98,12.6,,,,,
181,6/30/98,13.1,,,,,
182,7/1/98,13.8,,,,,
183,7/2/98,13.9,,,,,
184,7/3/98,14.1,,,,,
185,7/4/98,14.3,,,,,
186,7/5/98,14.4,,,,,
187,7/6/98,14.4,,,,,
188,7/7/98,14.6,,,,,
189,7/8/98,15.1,,,,,
190,7/9/98,15.4,,,,,
191,7/10/98,15.3,,,,,
192,7/11/98,15.5,,,,,
193,7/12/98,15.9,,,,,
194,7/13/98,16.1,,,,,
195,7/14/98,16.3,,,,,
196,7/15/98,16.5,,,,,
197,7/16/98,16.8,,,,,
198,7/17/98,16.8,,,,,
199,7/18/98,17,,,,,
200,7/19/98,17.1,,,,,
201,7/20/98,17,,,,,
202,7/21/98,17.6,,,,,
203,7/22/98,17.7,,,,,
204,7/23/98,17.8,,,,,
205,7/24/98,17.1,,,,,
206,7/25/98,17.1,,,,,
207,7/26/98,17.6,,,,,
208,7/27/98,17.5,,,,,
209,7/28/98,17,,,,,
210,7/29/98,16.6,,,,,
211,7/30/98,16.5,,,,,
212,7/31/98,16.6,,,,,
213,8/1/98,16.7,,,,,
214,8/2/98,17.1,,,,,
215,8/3/98,17.6,,,,,
216,8/4/98,17.8,,,,,
217,8/5/98,18,,,,,
218,8/6/98,18.4,,,,,
219,8/7/98,18.6,,,,,
220,8/8/98,18.3,,,,,
221,8/9/98,18.1,,,,,
222,8/10/98,17.9,,,,,
223,8/11/98,18,,,,,
224,8/12/98,17.7,,,,,
225,8/13/98,17.4,,,,,
226,8/14/98,17.3,,,,,
227,8/15/98,17.2,,,,,
228,8/16/98,17.3,,,,,
229,8/17/98,17.6,,,,,
230,8/18/98,17.4,,,,,
231,8/19/98,16.8,,,,,
232,8/20/98,16.7,,,,,
233,8/21/98,16.9,,,,,
234,8/22/98,17.2,,,,,
235,8/23/98,17.1,,,,,
236,8/24/98,16.9,,,,,
237,8/25/98,16.9,,,,,
238,8/26/98,16.9,,,,,
239,8/27/98,16.9,,,,,
240,8/28/98,16.9,,,,,
241,8/29/98,17,,,,,
242,8/30/98,16.8,,,,,
243,8/31/98,16.9,,,,,
244,9/1/98,16.9,,,,,
245,9/2/98,16.9,,,,,
246,9/3/98,17,,,,,
247,9/4/98,16.8,,,,,
248,9/5/98,16.6,,,,,
249,9/6/98,16.3,,,,,
250,9/7/98,16.1,,,,,
251,9/8/98,15.9,,,,,
252,9/9/98,15.8,,,,,
253,9/10/98,15.4,,,,,
254,9/11/98,15.4,,,,,
255,9/12/98,15.2,,,,,
256,9/13/98,14.9,,,,,
257,9/14/98,14.9,,,,,
258,9/15/98,14.8,,,,,
259,9/16/98,15.1,,,,,
260,9/17/98,15.1,,,,,
261,9/18/98,14.8,,,,,
262,9/19/98,14.7,,,,,
263,9/20/98,14.8,,,,,
264,9/21/98,15,,,,,
265,9/22/98,14.4,,,,,
266,9/23/98,14.2,,,,,
267,9/24/98,14.3,,,,,
268,9/25/98,14.3,,,,,
269,9/26/98,14.4,,,,,
270,9/27/98,14.6,,,,,
271,9/28/98,14.5,,,,,
272,9/29/98,14.3,,,,,
273,9/30/98,14.2,,,,,
274,10/1/98,13.5,,,,,
275,10/2/98,13.3,,,,,
276,10/3/98,13.2,,,,,
277,10/4/98,12.9,,,,,
278,10/5/98,12.8,,,,,
279,10/6/98,12.5,,,,,
280,10/7/98,12.3,,,,,
281,10/8/98,12,,,,,
282,10/9/98,11.5,,,,,
283,10/10/98,11.8,,,,,
284,10/11/98,11.9,,,,,
285,10/12/98,11.8,,,,,
286,10/13/98,11.5,,,,,
287,10/14/98,11.5,,,,,
288,10/15/98,11.5,,,,,
289,10/16/98,11.2,,,,,
290,10/17/98,11,,,,,
291,10/18/98,11.1,,,,,
292,10/19/98,11.2,,,,,
293,10/20/98,11.2,,,,,
294,10/21/98,11.1,,,,,
295,10/22/98,10.9,,,,,
296,10/23/98,10.9,,,,,
297,10/24/98,10.9,,,,,
298,10/25/98,10.8,,,,,
299,10/26/98,10.6,,,,,
300,10/27/98,10.4,,,,,
301,10/28/98,10.5,,,,,
302,10/29/98,10.5,,,,,
303,10/30/98,10.4,,,,,
304,10/31/98,10.1,,,,,
305,11/1/98,9.8,,,,,
306,11/2/98,9.7,,,,,
307,11/3/98,9.5,,,,,
308,11/4/98,9.5,,,,,
309,11/5/98,9.5,,,,,
310,11/6/98,9.5,,,,,
311,11/7/98,9.3,,,,,
312,11/8/98,9.1,,,,,
313,11/9/98,9,,,,,
314,11/10/98,8.9,,,,,
315,11/11/98,9.2,,,,,
316,11/12/98,9.2,,,,,
317,11/13/98,9.1,,,,,
318,11/14/98,8.9,,,,,
319,11/15/98,8.8,,,,,
320,11/16/98,8.7,,,,,
321,11/17/98,8.6,,,,,
322,11/18/98,8.2,,,,,
323,11/19/98,8.1,,,,,
324,11/20/98,8.2,,,,,
325,11/21/98,8.2,,,,,
326,11/22/98,8.3,,,,,
327,11/23/98,8.5,,,,,
328,11/24/98,8.6,,,,,
329,11/25/98,8.5,,,,,
330,11/26/98,8.4,,,,,
331,11/27/98,8.2,,,,,
332,11/28/98,8,,,,,
333,11/29/98,7.8,,,,,
334,11/30/98,7.8,,,,,
335,12/1/98,7.9,,,,,
336,12/2/98,8,,,,,
337,12/3/98,8.2,,,,,
338,12/4/98,8.3,,,,,
339,12/5/98,8.2,,,,,
340,12/6/98,8.2,,,,,
341,12/7/98,8.2,,,,,
342,12/8/98,7.7,,,,,
343,12/9/98,7.4,,,,,
344,12/10/98,7.3,,,,,
345,12/11/98,7.2,,,,,
346,12/12/98,7.2,,,,,
347,12/13/98,7.2,,,,,
348,12/14/98,7.1,,,,,
349,12/15/98,7.1,,,,,
350,12/16/98,7.1,,,,,
351,12/17/98,7,,,,,
352,12/18/98,6.8,,,,,
353,12/19/98,6.8,,,,,
354,12/20/98,6.6,,,,,
355,12/21/98,6.3,,,,,
356,12/22/98,6.4,,,,,
357,12/23/98,6.5,,,,,
358,12/24/98,6.6,,,,,
359,12/25/98,6.6,,,,,
360,12/26/98,6.6,,,,,
361,12/27/98,6.7,,,,,
362,12/28/98,6.7,,,,,
363,12/29/98,6.5,,,,,
364,12/30/98,6.4,,,,,
365,12/31/98,6.4,,,,,
1,1/1/99,6.3,,,,,
2,1/2/99,5.9,,,,,
3,1/3/99,6.2,,,,,
4,1/4/99,6.3,,,,,
5,1/5/99,6.2,,,,,
6,1/6/99,6.1,,,,,
7,1/7/99,6,,,,,
8,1/8/99,6,,,,,
9,1/9/99,5.9,,,,,
10,1/10/99,5.7,,,,,
11,1/11/99,5.6,,,,,
12,1/12/99,5.4,,,,,
13,1/13/99,5.2,,,,,
14,1/14/99,5.1,,,,,
15,1/15/99,4.9,,,,,
16,1/16/99,5.5,,,,,
17,1/17/99,5.7,,,,,
18,1/18/99,5.6,,,,,
19,1/19/99,5.6,,,,,
20,1/20/99,5.5,,,,,
21,1/21/99,5.4,,,,,
22,1/22/99,5.3,,,,,
23,1/23/99,5,,,,,
24,1/24/99,4.9,,,,,
25,1/25/99,5.3,,,,,
26,1/26/99,5.3,,,,,
27,1/27/99,5.3,,,,,
28,1/28/99,5.1,,,,,
29,1/29/99,4.9,,,,,
30,1/30/99,4.8,,,,,
31,1/31/99,4.9,,,,,
32,2/1/99,5,,,,,
33,2/2/99,5,,,,,
34,2/3/99,5.1,,,,,
35,2/4/99,5.1,,,,,
36,2/5/99,5.2,,,,,
37,2/6/99,5.1,,,,,
38,2/7/99,4.8,,,,,
39,2/8/99,4.6,,,,,
40,2/9/99,4.8,,,,,
41,2/10/99,4.6,,,,,
42,2/11/99,4.3,,,,,
43,2/12/99,4.1,,,,,
44,2/13/99,4.3,,,,,
45,2/14/99,4.3,,,,,
46,2/15/99,4.4,,,,,
47,2/16/99,4.5,,,,,
48,2/17/99,4.2,,,,,
49,2/18/99,4,,,,,
50,2/19/99,3.9,,,,,
51,2/20/99,3.9,,,,,
52,2/21/99,3.9,,,,,
53,2/22/99,3.9,,,,,
54,2/23/99,3.9,,,,,
55,2/24/99,3.9,,,,,
56,2/25/99,3.6,,,,,
57,2/26/99,3.6,,,,,
58,2/27/99,3.8,,,,,
59,2/28/99,3.9,,,,,
60,3/1/99,3.9,,,,,
61,3/2/99,3.8,,,,,
62,3/3/99,4,,,,,
63,3/4/99,4,,,,,
64,3/5/99,4.1,,,,,
65,3/6/99,4.1,,,,,
66,3/7/99,4,,,,,
67,3/8/99,3.8,,,,,
68,3/9/99,3.9,,,,,
69,3/10/99,3.9,,,,,
70,3/11/99,3.9,,,,,
71,3/12/99,3.8,,,,,
72,3/13/99,3.7,,,,,
73,3/14/99,3.6,,,,,
74,3/15/99,3.6,,,,,
75,3/16/99,3.6,,,,,
76,3/17/99,3.8,,,,,
77,3/18/99,3.9,,,,,
78,3/19/99,3.6,,,,,
79,3/20/99,3.3,,,,,
80,3/21/99,3.3,,,,,
81,3/22/99,3.5,,,,,
82,3/23/99,3.7,,,,,
83,3/24/99,3.6,,,,,
84,3/25/99,3.7,,,,,
85,3/26/99,3.8,,,,,
86,3/27/99,3.9,,,,,
87,3/28/99,3.9,,,,,
88,3/29/99,4.3,,,,,
89,3/30/99,4.4,,,,,
90,3/31/99,4.4,,,,,
91,4/1/99,4.5,,,,,
92,4/2/99,4.5,,,,,
93,4/3/99,4.3,,,,,
94,4/4/99,4.3,,,,,
95,4/5/99,4.6,,,,,
96,4/6/99,5.1,,,,,
97,4/7/99,4.7,,,,,
98,4/8/99,4.6,,,,,
99,4/9/99,4.8,,,,,
100,4/10/99,4.6,,,,,
101,4/11/99,4.8,,,,,
102,4/12/99,5,,,,,
103,4/13/99,4.8,,,,,
104,4/14/99,5,,,,,
105,4/15/99,5.6,,,,,
106,4/16/99,5.6,,,,,
107,4/17/99,5.5,,,,,
108,4/18/99,5.7,,,,,
109,4/19/99,6,,,,,
110,4/20/99,6.4,,,,,
111,4/21/99,6.7,,,,,
112,4/22/99,6.7,,,,,
113,4/23/99,6.2,,,,,
114,4/24/99,6.2,,,,,
115,4/25/99,6.3,,,,,
116,4/26/99,6.3,,,,,
117,4/27/99,6.4,,,,,
118,4/28/99,6.5,,,,,
119,4/29/99,6.7,,,,,
120,4/30/99,7,,,,,
121,5/1/99,7.3,,,,,
122,5/2/99,7.6,,,,,
123,5/3/99,7.5,,,,,
124,5/4/99,7.1,,,,,
125,5/5/99,7.2,,,,,
126,5/6/99,7.8,,,,,
127,5/7/99,8.2,,,,,
128,5/8/99,8.5,,,,,
129,5/9/99,9.1,,,,,
130,5/10/99,9.1,,,,,
131,5/11/99,9,,,,,
132,5/12/99,9.1,,,,,
133,5/13/99,9.1,,,,,
134,5/14/99,9,,,,,
135,5/15/99,8.9,,,,,
136,5/16/99,9.2,,,,,
137,5/17/99,9.5,,,,,
138,5/18/99,9.7,,,,,
139,5/19/99,9.7,,,,,
140,5/20/99,9.5,,,,,
141,5/21/99,8.7,,,,,
142,5/22/99,8.5,,,,,
143,5/23/99,8.8,,,,,
144,5/24/99,9.3,,,,,
145,5/25/99,9.5,,,,,
146,5/26/99,9.6,,,,,
147,5/27/99,10,,,,,
148,5/28/99,10.3,,,,,
149,5/29/99,10.4,,,,,
150,5/30/99,11.3,,,,,
151,5/31/99,11.4,,,,,
152,6/1/99,11.5,,,,,
153,6/2/99,11.9,,,,,
154,6/3/99,12,,,,,
155,6/4/99,11.8,,,,,
156,6/5/99,11.9,,,,,
157,6/6/99,12.1,,,,,
158,6/7/99,12.6,,,,,
159,6/8/99,12.7,,,,,
160,6/9/99,12.4,,,,,
161,6/10/99,12.3,,,,,
162,6/11/99,12.6,,,,,
163,6/12/99,12.7,,,,,
164,6/13/99,13,,,,,
165,6/14/99,13.5,,,,,
166,6/15/99,13.6,,,,,
167,6/16/99,13.3,,,,,
168,6/17/99,13.3,,,,,
169,6/18/99,13.4,,,,,
170,6/19/99,13.4,,,,,
171,6/20/99,13.7,,,,,
172,6/21/99,14.2,,,,,
173,6/22/99,14.5,,,,,
174,6/23/99,14.6,,,,,
175,6/24/99,14.9,,,,,
176,6/25/99,15.2,,,,,
177,6/26/99,15.6,,,,,
178,6/27/99,15.6,,,,,
179,6/28/99,15.7,,,,,
180,6/29/99,15.8,,,,,
181,6/30/99,15.8,,,,,
182,7/1/99,15.7,,,,,
183,7/2/99,15.2,,,,,
184,7/3/99,15.1,,,,,
185,7/4/99,15.4,,,,,
186,7/5/99,15.7,,,,,
187,7/6/99,16.2,,,,,
188,7/7/99,15.6,,,,,
189,7/8/99,15.5,,,,,
190,7/9/99,15.6,,,,,
191,7/10/99,15.5,,,,,
192,7/11/99,15.5,,,,,
193,7/12/99,15.7,,,,,
194,7/13/99,15.7,,,,,
195,7/14/99,15.6,,,,,
196,7/15/99,15.9,,,,,
197,7/16/99,16.2,,,,,
198,7/17/99,16.6,,,,,
199,7/18/99,17.2,,,,,
200,7/19/99,17.1,,,,,
201,7/20/99,16.9,,,,,
202,7/21/99,16.8,,,,,
203,7/22/99,16.7,,,,,
204,7/23/99,16.8,,,,,
205,7/24/99,17.1,,,,,
206,7/25/99,17.7,,,,,
207,7/26/99,18.3,,,,,
208,7/27/99,18.7,,,,,
209,7/28/99,18.9,,,,,
210,7/29/99,19,,,,,
211,7/30/99,19.2,,,,,
212,7/31/99,19.2,,,,,
213,8/1/99,19,,,,,
214,8/2/99,18.6,,,,,
215,8/3/99,18.5,,,,,
216,8/4/99,18.5,,,,,
217,8/5/99,18.5,,,,,
218,8/6/99,18.5,,,,,
219,8/7/99,18.2,,,,,
220,8/8/99,17.4,,,,,
221,8/9/99,17,,,,,
222,8/10/99,17.1,,,,,
223,8/11/99,17.4,,,,,
224,8/12/99,17.7,,,,,
225,8/13/99,17.9,,,,,
226,8/14/99,17.9,,,,,
227,8/15/99,17.2,,,,,
228,8/16/99,17.2,,,,,
229,8/17/99,17.2,,,,,
230,8/18/99,17.1,,,,,
231,8/19/99,16.9,,,,,
232,8/20/99,16.9,,,,,
233,8/21/99,17.1,,,,,
234,8/22/99,17.8,,,,,
235,8/23/99,17.9,,,,,
236,8/24/99,17.9,,,,,
237,8/25/99,18.2,,,,,
238,8/26/99,18.2,,,,,
239,8/27/99,18,,,,,
240,8/28/99,18.2,,,,,
241,8/29/99,18,,,,,
242,8/30/99,17.8,,,,,
243,8/31/99,17.7,,,,,
244,9/1/99,17.7,,,,,
245,9/2/99,17.8,,,,,
246,9/3/99,18.3,,,,,
247,9/4/99,18.4,,,,,
248,9/5/99,18.4,,,,,
249,9/6/99,18.4,,,,,
250,9/7/99,18.5,,,,,
251,9/8/99,18.6,,,,,
252,9/9/99,18.8,,,,,
253,9/10/99,18.5,,,,,
254,9/11/99,18.5,,,,,
255,9/12/99,18.6,,,,,
256,9/13/99,18.5,,,,,
257,9/14/99,18.5,,,,,
258,9/15/99,18.4,,,,,
259,9/16/99,17.4,,,,,
260,9/17/99,15.8,,,,,
261,9/18/99,15.6,,,,,
262,9/19/99,15.5,,,,,
263,9/20/99,15.5,,,,,
264,9/21/99,15.6,,,,,
265,9/22/99,15.5,,,,,
266,9/23/99,15.5,,,,,
267,9/24/99,15.7,,,,,
268,9/25/99,15.5,,,,,
269,9/26/99,15.3,,,,,
270,9/27/99,15.3,,,,,
271,9/28/99,15.5,,,,,
272,9/29/99,15.4,,,,,
273,9/30/99,15,,,,,
274,10/1/99,14.9,,,,,
275,10/2/99,15,,,,,
276,10/3/99,14.9,,,,,
277,10/4/99,14.8,,,,,
278,10/5/99,13.8,,,,,
279,10/6/99,13.8,,,,,
280,10/7/99,13.6,,,,,
281,10/8/99,13.3,,,,,
282,10/9/99,13.2,,,,,
283,10/10/99,13.3,,,,,
284,10/11/99,13.5,,,,,
285,10/12/99,13.4,,,,,
286,10/13/99,13.1,,,,,
287,10/14/99,12.7,,,,,
288,10/15/99,12.7,,,,,
289,10/16/99,12.9,,,,,
290,10/17/99,13,,,,,
291,10/18/99,12.5,,,,,
292,10/19/99,12.3,,,,,
293,10/20/99,12.2,,,,,
294,10/21/99,11.9,,,,,
295,10/22/99,12,,,,,
296,10/23/99,12,,,,,
297,10/24/99,12,,,,,
298,10/25/99,11.9,,,,,
299,10/26/99,12,,,,,
300,10/27/99,11.8,,,,,
301,10/28/99,11.7,,,,,
302,10/29/99,11.6,,,,,
303,10/30/99,11.6,,,,,
304,10/31/99,11.7,,,,,
305,11/1/99,11.9,,,,,
306,11/2/99,11.9,,,,,
307,11/3/99,11.8,,,,,
308,11/4/99,11.2,,,,,
309,11/5/99,11.2,,,,,
310,11/6/99,11.1,,,,,
311,11/7/99,11,,,,,
312,11/8/99,10.5,,,,,
313,11/9/99,10.4,,,,,
314,11/10/99,10.4,,,,,
315,11/11/99,10.3,,,,,
316,11/12/99,10.1,,,,,
317,11/13/99,10,,,,,
318,11/14/99,10,,,,,
319,11/15/99,9.9,,,,,
320,11/16/99,9.7,,,,,
321,11/17/99,9.3,,,,,
322,11/18/99,9.2,,,,,
323,11/19/99,9.3,,,,,
324,11/20/99,9.4,,,,,
325,11/21/99,9.3,,,,,
326,11/22/99,9.7,,,,,
327,11/23/99,9.9,,,,,
328,11/24/99,9.8,,,,,
329,11/25/99,9.7,,,,,
330,11/26/99,9.9,,,,,
331,11/27/99,9.9,,,,,
332,11/28/99,9.8,,,,,
333,11/29/99,9.6,,,,,
334,11/30/99,9.5,,,,,
335,12/1/99,9.4,,,,,
336,12/2/99,9.2,,,,,
337,12/3/99,9.1,,,,,
338,12/4/99,9.1,,,,,
339,12/5/99,9.1,,,,,
340,12/6/99,9.2,,,,,
341,12/7/99,9.2,,,,,
342,12/8/99,9.1,,,,,
343,12/9/99,9.1,,,,,
344,12/10/99,9.1,,,,,
345,12/11/99,9,,,,,
346,12/12/99,8.9,,,,,
347,12/13/99,8.8,,,,,
348,12/14/99,8.7,,,,,
349,12/15/99,8.7,,,,,
350,12/16/99,8.7,,,,,
351,12/17/99,8.6,,,,,
352,12/18/99,8.5,,,,,
353,12/19/99,8.4,,,,,
354,12/20/99,8.1,,,,,
355,12/21/99,7.9,,,,,
356,12/22/99,8.4,,,,,
357,12/23/99,8.5,,,,,
358,12/24/99,8.3,,,,,
359,12/25/99,8.1,,,,,
360,12/26/99,8,,,,,
361,12/27/99,8,,,,,
362,12/28/99,7.9,,,,,
363,12/29/99,7.8,,,,,
364,12/30/99,7.7,,,,,
365,12/31/99,8.1,,,,,
1,1/1/00,8.1,,,,,
2,1/2/00,8.1,,,,,
3,1/3/00,7.7,,,,,
4,1/4/00,7.7,,,,,
5,1/5/00,7.7,,,,,
6,1/6/00,7.7,,,,,
7,1/7/00,7.6,,,,,
8,1/8/00,7.5,,,,,
9,1/9/00,7.3,,,,,
10,1/10/00,7.3,,,,,
11,1/11/00,7.5,,,,,
12,1/12/00,7.4,,,,,
13,1/13/00,7.3,,,,,
14,1/14/00,7.1,,,,,
15,1/15/00,6.9,,,,,
16,1/16/00,6.7,,,,,
17,1/17/00,6.6,,,,,
18,1/18/00,6.5,,,,,
19,1/19/00,6.5,,,,,
20,1/20/00,6.4,,,,,
21,1/21/00,6.4,,,,,
22,1/22/00,6.4,,,,,
23,1/23/00,6.3,,,,,
24,1/24/00,6.1,,,,,
25,1/25/00,6,,,,,
26,1/26/00,6,,,,,
27,1/27/00,5.8,,,,,
28,1/28/00,5.8,,,,,
29,1/29/00,5.8,,,,,
30,1/30/00,5.9,,,,,
31,1/31/00,5.9,,,,,
32,2/1/00,5.9,,,,,
33,2/2/00,5.9,,,,,
34,2/3/00,5.7,,,,,
35,2/4/00,5.6,,,,,
36,2/5/00,5.5,,,,,
37,2/6/00,5.5,,,,,
38,2/7/00,5.5,,,,,
39,2/8/00,5.5,,,,,
40,2/9/00,5.3,,,,,
41,2/10/00,5.2,,,,,
42,2/11/00,5.3,,,,,
43,2/12/00,5.4,,,,,
44,2/13/00,5,,,,,
45,2/14/00,5.2,,,,,
46,2/15/00,5.5,,,,,
47,2/16/00,5.5,,,,,
48,2/17/00,5.5,,,,,
49,2/18/00,5.4,,,,,
50,2/19/00,5,,,,,
51,2/20/00,5.3,,,,,
52,2/21/00,5.2,,,,,
53,2/22/00,5.2,,,,,
54,2/23/00,5.3,,,,,
55,2/24/00,5.3,,,,,
56,2/25/00,4.9,,,,,
57,2/26/00,4.7,,,,,
58,2/27/00,5,,,,,
59,2/28/00,5.3,,,,,
60,2/29/00,4.9,,,,,
61,3/1/00,4.5,,,,,
62,3/2/00,4.6,,,,,
63,3/3/00,4.7,,,,,
64,3/4/00,4.7,,,,,
65,3/5/00,4.9,,,,,
66,3/6/00,5,,,,,
67,3/7/00,5.1,,,,,
68,3/8/00,5.2,,,,,
69,3/9/00,5.1,,,,,
70,3/10/00,5.2,,,,,
71,3/11/00,5.2,,,,,
72,3/12/00,5.1,,,,,
73,3/13/00,5.1,,,,,
74,3/14/00,5.1,,,,,
75,3/15/00,5.3,,,,,
76,3/16/00,5.5,,,,,
77,3/17/00,5.5,,,,,
78,3/18/00,5.5,,,,,
79,3/19/00,5.5,,,,,
80,3/20/00,5.4,,,,,
81,3/21/00,5.4,,,,,
82,3/22/00,5.8,,,,,
83,3/23/00,6,,,,,
84,3/24/00,5.9,,,,,
85,3/25/00,5.7,,,,,
86,3/26/00,5.6,,,,,
87,3/27/00,5.7,,,,,
88,3/28/00,5.7,,,,,
89,3/29/00,5.6,,,,,
90,3/30/00,5.6,,,,,
91,3/31/00,5.8,,,,,
92,4/1/00,5.6,,,,,
93,4/2/00,5.5,,,,,
94,4/3/00,5.5,,,,,
95,4/4/00,5.6,,,,,
96,4/5/00,5.7,,,,,
97,4/6/00,5.7,,,,,
98,4/7/00,6,,,,,
99,4/8/00,6.4,,,,,
100,4/9/00,6.1,,,,,
101,4/10/00,5.8,,,,,
102,4/11/00,5.8,,,,,
103,4/12/00,5.9,,,,,
104,4/13/00,5.9,,,,,
105,4/14/00,5.9,,,,,
106,4/15/00,6.2,,,,,
107,4/16/00,6.2,,,,,
108,4/17/00,5.8,,,,,
109,4/18/00,5.8,,,,,
110,4/19/00,5.3,,,,,
111,4/20/00,5.2,,,,,
112,4/21/00,5.3,,,,,
113,4/22/00,5.6,,,,,
114,4/23/00,5.7,,,,,
115,4/24/00,5.8,,,,,
116,4/25/00,5.9,,,,,
117,4/26/00,5.9,,,,,
118,4/27/00,6.1,,,,,
119,4/28/00,6.1,,,,,
120,4/29/00,6.2,,,,,
121,4/30/00,6.5,,,,,
122,5/1/00,6.5,,,,,
123,5/2/00,6.9,,,,,
124,5/3/00,7.3,,,,,
125,5/4/00,7.3,,,,,
126,5/5/00,7.1,,,,,
127,5/6/00,7.8,,,,,
128,5/7/00,8.5,,,,,
129,5/8/00,8.9,,,,,
130,5/9/00,8.9,,,,,
131,5/10/00,8.2,,,,,
132,5/11/00,8.2,,,,,
133,5/12/00,8.5,,,,,
134,5/13/00,8.3,,,,,
135,5/14/00,8.2,,,,,
136,5/15/00,8.5,,,,,
137,5/16/00,8.6,,,,,
138,5/17/00,8.7,,,,,
139,5/18/00,8.5,,,,,
140,5/19/00,8.5,,,,,
141,5/20/00,8.3,,,,,
142,5/21/00,8.4,,,,,
143,5/22/00,8.2,,,,,
144,5/23/00,8,,,,,
145,5/24/00,8.6,,,,,
146,5/25/00,9,,,,,
147,5/26/00,9.3,,,,,
148,5/27/00,9.6,,,,,
149,5/28/00,9.8,,,,,
150,5/29/00,9.7,,,,,
151,5/30/00,9.9,,,,,
152,5/31/00,10.1,,,,,
153,6/1/00,10.7,,,,,
154,6/2/00,11,,,,,
155,6/3/00,11.1,,,,,
156,6/4/00,11,,,,,
157,6/5/00,11,,,,,
158,6/6/00,10.2,,,,,
159,6/7/00,9.8,,,,,
160,6/8/00,10.1,,,,,
161,6/9/00,10.7,,,,,
162,6/10/00,11.4,,,,,
163,6/11/00,11.4,,,,,
164,6/12/00,10.9,,,,,
165,6/13/00,10.9,,,,,
166,6/14/00,11.5,,,,,
167,6/15/00,12.1,,,,,
168,6/16/00,12.5,,,,,
169,6/17/00,13,,,,,
170,6/18/00,13,,,,,
171,6/19/00,13.1,,,,,
172,6/20/00,13.3,,,,,
173,6/21/00,13.4,,,,,
174,6/22/00,13.5,,,,,
175,6/23/00,13.5,,,,,
176,6/24/00,13.8,,,,,
177,6/25/00,14,,,,,
178,6/26/00,14.3,,,,,
179,6/27/00,14.6,,,,,
180,6/28/00,14.8,,,,,
181,6/29/00,14.1,,,,,
182,6/30/00,14.4,,,,,
183,7/1/00,15.1,,,,,
184,7/2/00,15.7,,,,,
185,7/3/00,15.9,,,,,
186,7/4/00,16,,,,,
187,7/5/00,16.1,,,,,
188,7/6/00,16.2,,,,,
189,7/7/00,15.6,,,,,
190,7/8/00,15.5,,,,,
191,7/9/00,15.8,,,,,
192,7/10/00,16.2,,,,,
193,7/11/00,16.1,,,,,
194,7/12/00,16.2,,,,,
195,7/13/00,16.1,,,,,
196,7/14/00,16.3,,,,,
197,7/15/00,16.2,,,,,
198,7/16/00,15.9,,,,,
199,7/17/00,15.6,,,,,
200,7/18/00,15.7,,,,,
201,7/19/00,16.2,,,,,
202,7/20/00,16.4,,,,,
203,7/21/00,16.3,,,,,
204,7/22/00,16.3,,,,,
205,7/23/00,16.2,,,,,
206,7/24/00,16.4,,,,,
207,7/25/00,16.7,,,,,
208,7/26/00,16.5,,,,,
209,7/27/00,15.2,,,,,
210,7/28/00,15.2,,,,,
211,7/29/00,15.4,,,,,
212,7/30/00,16.6,,,,,
213,7/31/00,16.3,,,,,
214,8/1/00,16.7,,,,,
215,8/2/00,16.9,,,,,
216,8/3/00,16.9,,,,,
217,8/4/00,16.8,,,,,
218,8/5/00,16.9,,,,,
219,8/6/00,16.9,,,,,
220,8/7/00,17.3,,,,,
221,8/8/00,17.7,,,,,
222,8/9/00,17.8,,,,,
223,8/10/00,17.8,,,,,
224,8/11/00,17.7,,,,,
225,8/12/00,17.5,,,,,
226,8/13/00,17.2,,,,,
227,8/14/00,17.1,,,,,
228,8/15/00,17,,,,,
229,8/16/00,17,,,,,
230,8/17/00,17.3,,,,,
231,8/18/00,17.3,,,,,
232,8/19/00,17.4,,,,,
233,8/20/00,17.2,,,,,
234,8/21/00,17.2,,,,,
235,8/22/00,17.3,,,,,
236,8/23/00,17.3,,,,,
237,8/24/00,16.9,,,,,
238,8/25/00,17,,,,,
239,8/26/00,17.3,,,,,
240,8/27/00,17.8,,,,,
241,8/28/00,17.7,,,,,
242,8/29/00,17.8,,,,,
243,8/30/00,17.9,,,,,
244,8/31/00,17.7,,,,,
245,9/1/00,17.6,,,,,
246,9/2/00,17.6,,,,,
247,9/3/00,17.2,,,,,
248,9/4/00,16.9,,,,,
249,9/5/00,16.8,,,,,
250,9/6/00,16.6,,,,,
251,9/7/00,16.7,,,,,
252,9/8/00,16.6,,,,,
253,9/9/00,16.9,,,,,
254,9/10/00,16.8,,,,,
255,9/11/00,16.4,,,,,
256,9/12/00,16.6,,,,,
257,9/13/00,16.6,,,,,
258,9/14/00,16.5,,,,,
259,9/15/00,16.1,,,,,
260,9/16/00,16,,,,,
261,9/17/00,15.7,,,,,
262,9/18/00,15.7,,,,,
263,9/19/00,15.8,,,,,
264,9/20/00,15.6,,,,,
265,9/21/00,15.5,,,,,
266,9/22/00,15.2,,,,,
267,9/23/00,15,,,,,
268,9/24/00,14.8,,,,,
269,9/25/00,14.7,,,,,
270,9/26/00,14.4,,,,,
271,9/27/00,14.4,,,,,
272,9/28/00,14.3,,,,,
273,9/29/00,13.9,,,,,
274,9/30/00,13.9,,,,,
275,10/1/00,14,,,,,
276,10/2/00,13.9,,,,,
277,10/3/00,14,,,,,
278,10/4/00,14,,,,,
279,10/5/00,13.9,,,,,
280,10/6/00,13.7,,,,,
281,10/7/00,13.5,,,,,
282,10/8/00,13.5,,,,,
283,10/9/00,13.4,,,,,
284,10/10/00,13,,,,,
285,10/11/00,13.1,,,,,
286,10/12/00,13.4,,,,,
287,10/13/00,13.4,,,,,
288,10/14/00,13.2,,,,,
289,10/15/00,13,,,,,
290,10/16/00,12.3,,,,,
291,10/17/00,12.2,,,,,
292,10/18/00,12.3,,,,,
293,10/19/00,12.7,,,,,
294,10/20/00,12.7,,,,,
295,10/21/00,12.4,,,,,
296,10/22/00,12.3,,,,,
297,10/23/00,12.3,,,,,
298,10/24/00,12.3,,,,,
299,10/25/00,12.6,,,,,
300,10/26/00,12.6,,,,,
301,10/27/00,12.4,,,,,
302,10/28/00,12.1,,,,,
303,10/29/00,11.8,,,,,
304,10/30/00,11.5,,,,,
305,10/31/00,11.2,,,,,
306,11/1/00,11,,,,,
307,11/2/00,10.9,,,,,
308,11/3/00,11,,,,,
309,11/4/00,11,,,,,
310,11/5/00,10.9,,,,,
311,11/6/00,10.7,,,,,
312,11/7/00,10.5,,,,,
313,11/8/00,10.4,,,,,
314,11/9/00,10.4,,,,,
315,11/10/00,10.4,,,,,
316,11/11/00,10.5,,,,,
317,11/12/00,10.5,,,,,
318,11/13/00,10.5,,,,,
319,11/14/00,10.8,,,,,
320,11/15/00,10.9,,,,,
321,11/16/00,10.8,,,,,
322,11/17/00,10.4,,,,,
323,11/18/00,10.4,,,,,
324,11/19/00,10.2,,,,,
325,11/20/00,10,,,,,
326,11/21/00,9.9,,,,,
327,11/22/00,9.8,,,,,
328,11/23/00,9.5,,,,,
329,11/24/00,9.2,,,,,
330,11/25/00,9.1,,,,,
331,11/26/00,9.1,,,,,
332,11/27/00,9,,,,,
333,11/28/00,9,,,,,
334,11/29/00,9.1,,,,,
335,11/30/00,9,,,,,
336,12/1/00,8.9,,,,,
337,12/2/00,8.7,,,,,
338,12/3/00,8.7,,,,,
339,12/4/00,8.7,,,,,
340,12/5/00,8.6,,,,,
341,12/6/00,8.5,,,,,
342,12/7/00,8.3,,,,,
343,12/8/00,8,,,,,
344,12/9/00,7.7,,,,,
345,12/10/00,7.6,,,,,
346,12/11/00,7.9,,,,,
347,12/12/00,8.1,,,,,
348,12/13/00,8.1,,,,,
349,12/14/00,8.1,,,,,
350,12/15/00,8,,,,,
351,12/16/00,8,,,,,
352,12/17/00,8.1,,,,,
353,12/18/00,8.2,,,,,
354,12/19/00,8.1,,,,,
355,12/20/00,7.8,,,,,
356,12/21/00,7.7,,,,,
357,12/22/00,7.7,,,,,
358,12/23/00,7.7,,,,,
359,12/24/00,7.6,,,,,
360,12/25/00,7.5,,,,,
361,12/26/00,7.4,,,,,
362,12/27/00,7.2,,,,,
363,12/28/00,6.9,,,,,
364,12/29/00,6.8,,,,,
365,12/30/00,6.7,,,,,
366,12/31/00,6.6,,,,,
1,1/1/01,6.5,,,,,
2,1/2/01,6.5,,,,,
3,1/3/01,6.5,,,,,
4,1/4/01,6.3,,,,,
5,1/5/01,6.2,,,,,
6,1/6/01,6.1,,,,,
7,1/7/01,5.9,,,,,
8,1/8/01,5.9,,,,,
9,1/9/01,5.9,,,,,
10,1/10/01,5.8,,,,,
11,1/11/01,5.8,,,,,
12,1/12/01,5.9,,,,,
13,1/13/01,5.9,,,,,
14,1/14/01,6.1,,,,,
15,1/15/01,6.1,,,,,
16,1/16/01,6.3,,,,,
17,1/17/01,6.3,,,,,
18,1/18/01,6.2,,,,,
19,1/19/01,6.3,,,,,
20,1/20/01,6.2,,,,,
21,1/21/01,6.1,,,,,
22,1/22/01,6.1,,,,,
23,1/23/01,6.3,,,,,
24,1/24/01,6.4,,,,,
25,1/25/01,6.3,,,,,
26,1/26/01,6.3,,,,,
27,1/27/01,6.2,,,,,
28,1/28/01,5.8,,,,,
29,1/29/01,5.8,,,,,
30,1/30/01,5.8,,,,,
31,1/31/01,5.7,,,,,
32,2/1/01,5.6,,,,,
33,2/2/01,5.6,,,,,
34,2/3/01,5.3,,,,,
35,2/4/01,5.2,,,,,
36,2/5/01,5.2,,,,,
37,2/6/01,5.4,,,,,
38,2/7/01,5.4,,,,,
39,2/8/01,5.3,,,,,
40,2/9/01,5.5,,,,,
41,2/10/01,5.7,,,,,
42,2/11/01,5.3,,,,,
43,2/12/01,4.9,,,,,
44,2/13/01,4.7,,,,,
45,2/14/01,4.5,,,,,
46,2/15/01,4.7,,,,,
47,2/16/01,4.9,,,,,
48,2/17/01,4.8,,,,,
49,2/18/01,4.2,,,,,
50,2/19/01,3.9,,,,,
51,2/20/01,4.3,,,,,
52,2/21/01,4.4,,,,,
53,2/22/01,4.3,,,,,
54,2/23/01,4.3,,,,,
55,2/24/01,4.4,,,,,
56,2/25/01,4.4,,,,,
57,2/26/01,4.3,,,,,
58,2/27/01,4.4,,,,,
59,2/28/01,4.3,,,,,
60,3/1/01,3.9,,,,,
61,3/2/01,3.5,,,,,
62,3/3/01,3.4,,,,,
63,3/4/01,3.3,,,,,
64,3/5/01,3.2,,,,,
65,3/6/01,3.2,,,,,
66,3/7/01,3.9,,,,,
67,3/8/01,4.1,,,,,
68,3/9/01,4,,,,,
69,3/10/01,3.5,,,,,
70,3/11/01,3.9,,,,,
71,3/12/01,4,,,,,
72,3/13/01,4.1,,,,,
73,3/14/01,4.2,,,,,
74,3/15/01,4.1,,,,,
75,3/16/01,4,,,,,
76,3/17/01,4.2,,,,,
77,3/18/01,4,,,,,
78,3/19/01,3.8,,,,,
79,3/20/01,3.6,,,,,
80,3/21/01,3.4,,,,,
81,3/22/01,3.9,,,,,
82,3/23/01,4.1,,,,,
83,3/24/01,4.3,,,,,
84,3/25/01,4.4,,,,,
85,3/26/01,4.3,,,,,
86,3/27/01,4,,,,,
87,3/28/01,4.1,,,,,
88,3/29/01,4.2,,,,,
89,3/30/01,4.2,,,,,
90,3/31/01,4.2,,,,,
91,4/1/01,4.2,,,,,
92,4/2/01,4,,,,,
93,4/3/01,4,,,,,
94,4/4/01,4.1,,,,,
95,4/5/01,4.1,,,,,
96,4/6/01,4.1,,,,,
97,4/7/01,3.7,,,,,
98,4/8/01,3.6,,,,,
99,4/9/01,4,,,,,
100,4/10/01,4.1,,,,,
101,4/11/01,4.1,,,,,
102,4/12/01,4.2,,,,,
103,4/13/01,4.2,,,,,
104,4/14/01,4,,,,,
105,4/15/01,3.9,,,,,
106,4/16/01,4,,,,,
107,4/17/01,4.4,,,,,
108,4/18/01,4.3,,,,,
109,4/19/01,4.2,,,,,
110,4/20/01,4.5,,,,,
111,4/21/01,4.8,,,,,
112,4/22/01,4.8,,,,,
113,4/23/01,4.8,,,,,
114,4/24/01,5.3,,,,,
115,4/25/01,5.5,,,,,
116,4/26/01,5.6,,,,,
117,4/27/01,5.5,,,,,
118,4/28/01,5.6,,,,,
119,4/29/01,5.7,,,,,
120,4/30/01,5.8,,,,,
121,5/1/01,6.2,,,,,
122,5/2/01,6.9,,,,,
123,5/3/01,7.2,,,,,
124,5/4/01,7.3,,,,,
125,5/5/01,7.1,,,,,
126,5/6/01,6.9,,,,,
127,5/7/01,7.1,,,,,
128,5/8/01,7.3,,,,,
129,5/9/01,7.4,,,,,
130,5/10/01,7.7,,,,,
131,5/11/01,8.1,,,,,
132,5/12/01,8.4,,,,,
133,5/13/01,8.5,,,,,
134,5/14/01,8.1,,,,,
135,5/15/01,7.6,,,,,
136,5/16/01,7.5,,,,,
137,5/17/01,7.6,,,,,
138,5/18/01,7.6,,,,,
139,5/19/01,8,,,,,
140,5/20/01,7.9,,,,,
141,5/21/01,8,,,,,
142,5/22/01,8.2,,,,,
143,5/23/01,8.4,,,,,
144,5/24/01,8.6,,,,,
145,5/25/01,8.9,,,,,
146,5/26/01,9.1,,,,,
147,5/27/01,9.2,,,,,
148,5/28/01,9.6,,,,,
149,5/29/01,9.7,,,,,
150,5/30/01,9.6,,,,,
151,5/31/01,9.1,,,,,
152,6/1/01,9,,,,,
153,6/2/01,9,,,,,
154,6/3/01,9.6,,,,,
155,6/4/01,9.7,,,,,
156,6/5/01,10,,,,,
157,6/6/01,10.3,,,,,
158,6/7/01,10.9,,,,,
159,6/8/01,11.2,,,,,
160,6/9/01,11.3,,,,,
161,6/10/01,11.9,,,,,
162,6/11/01,12.3,,,,,
163,6/12/01,12.4,,,,,
164,6/13/01,12.8,,,,,
165,6/14/01,12.9,,,,,
166,6/15/01,13.1,,,,,
167,6/16/01,13.6,,,,,
168,6/17/01,14,,,,,
169,6/18/01,14,,,,,
170,6/19/01,14.2,,,,,
171,6/20/01,14.1,,,,,
172,6/21/01,14,,,,,
173,6/22/01,14,,,,,
174,6/23/01,14.2,,,,,
175,6/24/01,14.7,,,,,
176,6/25/01,15.5,,,,,
177,6/26/01,15.9,,,,,
178,6/27/01,16.1,,,,,
179,6/28/01,15.9,,,,,
180,6/29/01,15.5,,,,,
181,6/30/01,15.4,,,,,
182,7/1/01,14.3,,,,,
183,7/2/01,14.1,,,,,
184,7/3/01,14.2,,,,,
185,7/4/01,14.5,,,,,
186,7/5/01,15.1,,,,,
187,7/6/01,15.3,,,,,
188,7/7/01,15.2,,,,,
189,7/8/01,15.1,,,,,
190,7/9/01,15.2,,,,,
191,7/10/01,15.1,,,,,
192,7/11/01,15.1,,,,,
193,7/12/01,15.1,,,,,
194,7/13/01,15.1,,,,,
195,7/14/01,15.6,,,,,
196,7/15/01,16.2,,,,,
197,7/16/01,16.4,,,,,
198,7/17/01,16.5,,,,,
199,7/18/01,16.1,,,,,
200,7/19/01,16.1,,,,,
201,7/20/01,16.4,,,,,
202,7/21/01,16.5,,,,,
203,7/22/01,16.7,,,,,
204,7/23/01,16.7,,,,,
205,7/24/01,16.6,,,,,
206,7/25/01,16.3,,,,,
207,7/26/01,15.4,,,,,
208,7/27/01,15.3,,,,,
209,7/28/01,15.6,,,,,
210,7/29/01,16,,,,,
211,7/30/01,16.2,,,,,
212,7/31/01,16.3,,,,,
213,8/1/01,16.7,,,,,
214,8/2/01,17,,,,,
215,8/3/01,17.1,,,,,
216,8/4/01,17.3,,,,,
217,8/5/01,17.6,,,,,
218,8/6/01,17.8,,,,,
219,8/7/01,18.1,,,,,
220,8/8/01,18.1,,,,,
221,8/9/01,18.2,,,,,
222,8/10/01,18.1,,,,,
223,8/11/01,18,,,,,
224,8/12/01,18,,,,,
225,8/13/01,18.3,,,,,
226,8/14/01,18.1,,,,,
227,8/15/01,17.5,,,,,
228,8/16/01,17.5,,,,,
229,8/17/01,17.5,,,,,
230,8/18/01,17.7,,,,,
231,8/19/01,17.9,,,,,
232,8/20/01,18,,,,,
233,8/21/01,18.1,,,,,
234,8/22/01,18.1,,,,,
235,8/23/01,17.4,,,,,
236,8/24/01,17.3,,,,,
237,8/25/01,17.3,,,,,
238,8/26/01,16.9,,,,,
239,8/27/01,16.7,,,,,
240,8/28/01,17.1,,,,,
241,8/29/01,17.1,,,,,
242,8/30/01,17.1,,,,,
243,8/31/01,17.1,,,,,
244,9/1/01,16.4,,,,,
245,9/2/01,16.3,,,,,
246,9/3/01,16.3,,,,,
247,9/4/01,16.3,,,,,
248,9/5/01,16.4,,,,,
249,9/6/01,16.2,,,,,
250,9/7/01,16.2,,,,,
251,9/8/01,16.3,,,,,
252,9/9/01,16.5,,,,,
253,9/10/01,16.5,,,,,
254,9/11/01,16.2,,,,,
255,9/12/01,16.1,,,,,
256,9/13/01,16.1,,,,,
257,9/14/01,15.8,,,,,
258,9/15/01,15.5,,,,,
259,9/16/01,15.4,,,,,
260,9/17/01,15.7,,,,,
261,9/18/01,15.9,,,,,
262,9/19/01,15.7,,,,,
263,9/20/01,15.5,,,,,
264,9/21/01,15.4,,,,,
265,9/22/01,15.3,,,,,
266,9/23/01,15.2,,,,,
267,9/24/01,15.4,,,,,
268,9/25/01,15.4,,,,,
269,9/26/01,15.1,,,,,
270,9/27/01,15,,,,,
271,9/28/01,14.9,,,,,
272,9/29/01,14.6,,,,,
273,9/30/01,14.3,,,,,
274,10/1/01,13.9,,,,,
275,10/2/01,13.9,,,,,
276,10/3/01,13.9,,,,,
277,10/4/01,14.2,,,,,
278,10/5/01,14.2,,,,,
279,10/6/01,13.7,,,,,
280,10/7/01,13.2,,,,,
281,10/8/01,12.7,,,,,
282,10/9/01,12.5,,,,,
283,10/10/01,12.4,,,,,
284,10/11/01,12.5,,,,,
285,10/12/01,12.4,,,,,
286,10/13/01,12.4,,,,,
287,10/14/01,12.5,,,,,
288,10/15/01,12.7,,,,,
289,10/16/01,12.7,,,,,
290,10/17/01,12.4,,,,,
291,10/18/01,11.9,,,,,
292,10/19/01,11.8,,,,,
293,10/20/01,11.9,,,,,
294,10/21/01,12,,,,,
295,10/22/01,12,,,,,
296,10/23/01,11.9,,,,,
297,10/24/01,12,,,,,
298,10/25/01,11.9,,,,,
299,10/26/01,11.9,,,,,
300,10/27/01,11.7,,,,,
301,10/28/01,11.4,,,,,
302,10/29/01,11.5,,,,,
303,10/30/01,11.3,,,,,
304,10/31/01,11.1,,,,,
305,11/1/01,10.9,,,,,
306,11/2/01,10.9,,,,,
307,11/3/01,11,,,,,
308,11/4/01,11,,,,,
309,11/5/01,10.8,,,,,
310,11/6/01,10.4,,,,,
311,11/7/01,10.4,,,,,
312,11/8/01,10.5,,,,,
313,11/9/01,10.4,,,,,
314,11/10/01,10.1,,,,,
315,11/11/01,10,,,,,
316,11/12/01,9.7,,,,,
317,11/13/01,9.7,,,,,
318,11/14/01,9.8,,,,,
319,11/15/01,9.8,,,,,
320,11/16/01,9.7,,,,,
321,11/17/01,9.4,,,,,
322,11/18/01,9.4,,,,,
323,11/19/01,9.8,,,,,
324,11/20/01,10,,,,,
325,11/21/01,9.7,,,,,
326,11/22/01,9.6,,,,,
327,11/23/01,9.6,,,,,
328,11/24/01,9.6,,,,,
329,11/25/01,9.7,,,,,
330,11/26/01,9.6,,,,,
331,11/27/01,9.3,,,,,
332,11/28/01,9.3,,,,,
333,11/29/01,9.1,,,,,
334,11/30/01,9,,,,,
335,12/1/01,9,,,,,
336,12/2/01,9.6,,,,,
337,12/3/01,9.6,,,,,
338,12/4/01,9.5,,,,,
339,12/5/01,9.6,,,,,
340,12/6/01,9.6,,,,,
341,12/7/01,9.4,,,,,
342,12/8/01,9.4,,,,,
343,12/9/01,9.2,,,,,
344,12/10/01,9,,,,,
345,12/11/01,8.9,,,,,
346,12/12/01,8.9,,,,,
347,12/13/01,8.9,,,,,
348,12/14/01,8.8,,,,,
349,12/15/01,8.7,,,,,
350,12/16/01,8.6,,,,,
351,12/17/01,8.6,,,,,
352,12/18/01,8.4,,,,,
353,12/19/01,8.3,,,,,
354,12/20/01,8.2,,,,,
355,12/21/01,8.2,,,,,
356,12/22/01,8.2,,,,,
357,12/23/01,8.2,,,,,
358,12/24/01,8.2,,,,,
359,12/25/01,8.1,,,,,
360,12/26/01,8,,,,,
361,12/27/01,7.8,,,,,
362,12/28/01,7.8,,,,,
363,12/29/01,7.8,,,,,
364,12/30/01,7.8,,,,,
365,12/31/01,7.8,,,,,
1,1/1/02,7.8,,,,,
2,1/2/02,7.8,,,,,
3,1/3/02,7.7,,,,,
4,1/4/02,7.5,,,,,
5,1/5/02,7.5,,,,,
6,1/6/02,7.2,,,,,
7,1/7/02,7.2,,,,,
8,1/8/02,7.1,,,,,
9,1/9/02,7.1,,,,,
10,1/10/02,7.1,,,,,
11,1/11/02,7.2,,,,,
12,1/12/02,7.2,,,,,
13,1/13/02,7.2,,,,,
14,1/14/02,7.1,,,,,
15,1/15/02,7,,,,,
16,1/16/02,7,,,,,
17,1/17/02,7.1,,,,,
18,1/18/02,7.1,,,,,
19,1/19/02,7,,,,,
20,1/20/02,6.7,,,,,
21,1/21/02,6.8,,,,,
22,1/22/02,6.9,,,,,
23,1/23/02,6.8,,,,,
24,1/24/02,6.7,,,,,
25,1/25/02,6.9,,,,,
26,1/26/02,7,,,,,
27,1/27/02,7.2,,,,,
28,1/28/02,7.1,,,,,
29,1/29/02,6.4,,,,,
30,1/30/02,6.2,,,,,
31,1/31/02,6,,,,,
32,2/1/02,6.6,,,,,
33,2/2/02,6.7,,,,,
34,2/3/02,6.6,,,,,
35,2/4/02,6.4,,,,,
36,2/5/02,6,,,,,
37,2/6/02,6,,,,,
38,2/7/02,6,,,,,
39,2/8/02,6,,,,,
40,2/9/02,6,,,,,
41,2/10/02,5.9,,,,,
42,2/11/02,5.8,,,,,
43,2/12/02,5.6,,,,,
44,2/13/02,5.6,,,,,
45,2/14/02,5.3,,,,,
46,2/15/02,5.2,,,,,
47,2/16/02,5.2,,,,,
48,2/17/02,5,,,,,
49,2/18/02,5,,,,,
50,2/19/02,5.1,,,,,
51,2/20/02,5.1,,,,,
52,2/21/02,5,,,,,
53,2/22/02,4.9,,,,,
54,2/23/02,4.8,,,,,
55,2/24/02,4.7,,,,,
56,2/25/02,4.7,,,,,
57,2/26/02,4.7,,,,,
58,2/27/02,4.7,,,,,
59,2/28/02,4.7,,,,,
60,3/1/02,4.6,,,,,
61,3/2/02,4.7,,,,,
62,3/3/02,4.8,,,,,
63,3/4/02,4.8,,,,,
64,3/5/02,4.9,,,,,
65,3/6/02,4.9,,,,,
66,3/7/02,4.7,,,,,
67,3/8/02,4.2,,,,,
68,3/9/02,4.2,,,,,
69,3/10/02,4.4,,,,,
70,3/11/02,4.4,,,,,
71,3/12/02,4.5,,,,,
72,3/13/02,4.8,,,,,
73,3/14/02,5.1,,,,,
74,3/15/02,4.9,,,,,
75,3/16/02,4.8,,,,,
76,3/17/02,4.8,,,,,
77,3/18/02,4.7,,,,,
78,3/19/02,4.6,,,,,
79,3/20/02,4.6,,,,,
80,3/21/02,4.6,,,,,
81,3/22/02,4.7,,,,,
82,3/23/02,4.9,,,,,
83,3/24/02,5,,,,,
84,3/25/02,4.8,,,,,
85,3/26/02,4.6,,,,,
86,3/27/02,4.9,,,,,
87,3/28/02,5,,,,,
88,3/29/02,5.1,,,,,
89,3/30/02,5.1,,,,,
90,3/31/02,5.2,,,,,
91,4/1/02,4.9,,,,,
92,4/2/02,4.9,,,,,
93,4/3/02,4.9,,,,,
94,4/4/02,4.9,,,,,
95,4/5/02,5.2,,,,,
96,4/6/02,5,,,,,
97,4/7/02,5,,,,,
98,4/8/02,5,,,,,
99,4/9/02,5.7,,,,,
100,4/10/02,5.9,,,,,
101,4/11/02,5.9,,,,,
102,4/12/02,5.7,,,,,
103,4/13/02,5.7,,,,,
104,4/14/02,6,,,,,
105,4/15/02,6.1,,,,,
106,4/16/02,6.5,,,,,
107,4/17/02,6.7,,,,,
108,4/18/02,6.7,,,,,
109,4/19/02,6.6,,,,,
110,4/20/02,7,,,,,
111,4/21/02,7,,,,,
112,4/22/02,7,,,,,
113,4/23/02,6.7,,,,,
114,4/24/02,6.9,,,,,
115,4/25/02,7,,,,,
116,4/26/02,6.8,,,,,
117,4/27/02,6.7,,,,,
118,4/28/02,6.6,,,,,
119,4/29/02,6.4,,,,,
120,4/30/02,6.5,,,,,
121,5/1/02,6.6,,,,,
122,5/2/02,6.6,,,,,
123,5/3/02,6.8,,,,,
124,5/4/02,7,,,,,
125,5/5/02,7.1,,,,,
126,5/6/02,7.2,,,,,
127,5/7/02,7.3,,,,,
128,5/8/02,7.5,,,,,
129,5/9/02,7.6,,,,,
130,5/10/02,8.1,,,,,
131,5/11/02,8.1,,,,,
132,5/12/02,8.1,,,,,
133,5/13/02,8.1,,,,,
134,5/14/02,8.1,,,,,
135,5/15/02,8.1,,,,,
136,5/16/02,8,,,,,
137,5/17/02,8,,,,,
138,5/18/02,8,,,,,
139,5/19/02,8.1,,,,,
140,5/20/02,8.3,,,,,
141,5/21/02,8.4,,,,,
142,5/22/02,8.7,,,,,
143,5/23/02,8.7,,,,,
144,5/24/02,8.8,,,,,
145,5/25/02,8.8,,,,,
146,5/26/02,8.7,,,,,
147,5/27/02,9,,,,,
148,5/28/02,9.3,,,,,
149,5/29/02,9.4,,,,,
150,5/30/02,9.5,,,,,
151,5/31/02,9.7,,,,,
152,6/1/02,10.1,,,,,
153,6/2/02,10,,,,,
154,6/3/02,9.9,,,,,
155,6/4/02,10.1,,,,,
156,6/5/02,10.2,,,,,
157,6/6/02,10.3,,,,,
158,6/7/02,10.2,,,,,
159,6/8/02,10.4,,,,,
160,6/9/02,10.5,,,,,
161,6/10/02,10.7,,,,,
162,6/11/02,10.8,,,,,
163,6/12/02,10.5,,,,,
164,6/13/02,10.5,,,,,
165,6/14/02,10.7,,,,,
166,6/15/02,10.4,,,,,
167,6/16/02,10.4,,,,,
168,6/17/02,11.3,,,,,
169,6/18/02,12,,,,,
170,6/19/02,12.4,,,,,
171,6/20/02,12.8,,,,,
172,6/21/02,13.2,,,,,
173,6/22/02,13.2,,,,,
174,6/23/02,13.4,,,,,
175,6/24/02,13.4,,,,,
176,6/25/02,13.4,,,,,
177,6/26/02,13.5,,,,,
178,6/27/02,14.1,,,,,
179,6/28/02,14.7,,,,,
180,6/29/02,14.9,,,,,
181,6/30/02,14.9,,,,,
182,7/1/02,15,,,,,
183,7/2/02,15.4,,,,,
184,7/3/02,16,,,,,
185,7/4/02,16.6,,,,,
186,7/5/02,16.5,,,,,
187,7/6/02,16.4,,,,,
188,7/7/02,16.7,,,,,
189,7/8/02,16.9,,,,,
190,7/9/02,16.9,,,,,
191,7/10/02,16.1,,,,,
192,7/11/02,15.9,,,,,
193,7/12/02,15.9,,,,,
194,7/13/02,16.1,,,,,
195,7/14/02,16.3,,,,,
196,7/15/02,16.3,,,,,
197,7/16/02,16,,,,,
198,7/17/02,16,,,,,
199,7/18/02,16.1,,,,,
200,7/19/02,16.3,,,,,
201,7/20/02,16.1,,,,,
202,7/21/02,16.2,,,,,
203,7/22/02,16.3,,,,,
204,7/23/02,16.1,,,,,
205,7/24/02,16,,,,,
206,7/25/02,15.7,,,,,
207,7/26/02,15.6,,,,,
208,7/27/02,15.6,,,,,
209,7/28/02,16.7,,,,,
210,7/29/02,17.3,,,,,
211,7/30/02,17.5,,,,,
212,7/31/02,17.8,,,,,
213,8/1/02,17.7,,,,,
214,8/2/02,17.6,,,,,
215,8/3/02,17.9,,,,,
216,8/4/02,18.5,,,,,
217,8/5/02,18.7,,,,,
218,8/6/02,17.9,,,,,
219,8/7/02,17.9,,,,,
220,8/8/02,18,,,,,
221,8/9/02,18.1,,,,,
222,8/10/02,18.2,,,,,
223,8/11/02,18.6,,,,,
224,8/12/02,18.8,,,,,
225,8/13/02,19,,,,,
226,8/14/02,19.3,,,,,
227,8/15/02,19.2,,,,,
228,8/16/02,19,,,,,
229,8/17/02,18.9,,,,,
230,8/18/02,18.8,,,,,
231,8/19/02,18.9,,,,,
232,8/20/02,18.6,,,,,
233,8/21/02,18.6,,,,,
234,8/22/02,18.5,,,,,
235,8/23/02,18.2,,,,,
236,8/24/02,17.7,,,,,
237,8/25/02,17.8,,,,,
238,8/26/02,17.8,,,,,
239,8/27/02,17.8,,,,,
240,8/28/02,17.8,,,,,
241,8/29/02,17.6,,,,,
242,8/30/02,17.3,,,,,
243,8/31/02,17.2,,,,,
244,9/1/02,16.9,,,,,
245,9/2/02,16.9,,,,,
246,9/3/02,17.3,,,,,
247,9/4/02,17.3,,,,,
248,9/5/02,17.2,,,,,
249,9/6/02,17.2,,,,,
250,9/7/02,17.4,,,,,
251,9/8/02,17.3,,,,,
252,9/9/02,17.3,,,,,
253,9/10/02,17.3,,,,,
254,9/11/02,15.8,,,,,
255,9/12/02,15.1,,,,,
256,9/13/02,15.2,,,,,
257,9/14/02,15.2,,,,,
258,9/15/02,15.5,,,,,
259,9/16/02,15.4,,,,,
260,9/17/02,15.4,,,,,
261,9/18/02,15.4,,,,,
262,9/19/02,15.3,,,,,
263,9/20/02,15,,,,,
264,9/21/02,15.4,,,,,
265,9/22/02,15.9,,,,,
266,9/23/02,16,,,,,
267,9/24/02,16,,,,,
268,9/25/02,15.8,,,,,
269,9/26/02,15.8,,,,,
270,9/27/02,15.6,,,,,
271,9/28/02,15.2,,,,,
272,9/29/02,15.1,,,,,
273,9/30/02,15,,,,,
274,10/1/02,15.2,,,,,
275,10/2/02,15.4,,,,,
276,10/3/02,15.1,,,,,
277,10/4/02,14.7,,,,,
278,10/5/02,14.8,,,,,
279,10/6/02,14.8,,,,,
280,10/7/02,14.7,,,,,
281,10/8/02,14.6,,,,,
282,10/9/02,14.5,,,,,
283,10/10/02,14.3,,,,,
284,10/11/02,14.2,,,,,
285,10/12/02,14,,,,,
286,10/13/02,14.1,,,,,
287,10/14/02,14,,,,,
288,10/15/02,13.9,,,,,
289,10/16/02,13.6,,,,,
290,10/17/02,13.3,,,,,
291,10/18/02,13.2,,,,,
292,10/19/02,13,,,,,
293,10/20/02,12.8,,,,,
294,10/21/02,12.6,,,,,
295,10/22/02,12.6,,,,,
296,10/23/02,12.5,,,,,
297,10/24/02,12.3,,,,,
298,10/25/02,12.2,,,,,
299,10/26/02,12.1,,,,,
300,10/27/02,11.9,,,,,
301,10/28/02,11.8,,,,,
302,10/29/02,11.5,,,,,
303,10/30/02,11.7,,,,,
304,10/31/02,11.7,,,,,
305,11/1/02,11.7,,,,,
306,11/2/02,11.5,,,,,
307,11/3/02,11.1,,,,,
308,11/4/02,10.9,,,,,
309,11/5/02,10.8,,,,,
310,11/6/02,10.4,,,,,
311,11/7/02,10.3,,,,,
312,11/8/02,10.3,,,,,
313,11/9/02,10.3,,,,,
314,11/10/02,10.3,,,,,
315,11/11/02,10.4,,,,,
316,11/12/02,10.4,,,,,
317,11/13/02,10.4,,,,,
318,11/14/02,10.3,,,,,
319,11/15/02,10.3,,,,,
320,11/16/02,10.2,,,,,
321,11/17/02,10.4,,,,,
322,11/18/02,10.3,,,,,
323,11/19/02,10.3,,,,,
324,11/20/02,10.3,,,,,
325,11/21/02,10.2,,,,,
326,11/22/02,10.2,,,,,
327,11/23/02,10.3,,,,,
328,11/24/02,10.2,,,,,
329,11/25/02,10.1,,,,,
330,11/26/02,9.9,,,,,
331,11/27/02,9.7,,,,,
332,11/28/02,9.7,,,,,
333,11/29/02,9.6,,,,,
334,11/30/02,9.2,,,,,
335,12/1/02,9,,,,,
336,12/2/02,8.9,,,,,
337,12/3/02,8.8,,,,,
338,12/4/02,8.8,,,,,
339,12/5/02,8.7,,,,,
340,12/6/02,8.6,,,,,
341,12/7/02,8.7,,,,,
342,12/8/02,8.7,,,,,
343,12/9/02,8.5,,,,,
344,12/10/02,8.2,,,,,
345,12/11/02,8.2,,,,,
346,12/12/02,8.1,,,,,
347,12/13/02,8.1,,,,,
348,12/14/02,8,,,,,
349,12/15/02,8,,,,,
350,12/16/02,8,,,,,
351,12/17/02,8.2,,,,,
352,12/18/02,8.3,,,,,
353,12/19/02,8.3,,,,,
354,12/20/02,8.2,,,,,
355,12/21/02,8,,,,,
356,12/22/02,8,,,,,
357,12/23/02,8.1,,,,,
358,12/24/02,8,,,,,
359,12/25/02,7.9,,,,,
360,12/26/02,7.9,,,,,
361,12/27/02,7.9,,,,,
362,12/28/02,7.8,,,,,
363,12/29/02,7.7,,,,,
364,12/30/02,7.8,,,,,
365,12/31/02,7.6,,,,,
1,1/1/03,7.3,,,,,
2,1/2/03,7.3,,,,,
3,1/3/03,7.2,,,,,
4,1/4/03,7,,,,,
5,1/5/03,6.6,,,,,
6,1/6/03,6.5,,,,,
7,1/7/03,6.6,,,,,
8,1/8/03,6.8,,,,,
9,1/9/03,6.8,,,,,
10,1/10/03,6.7,,,,,
11,1/11/03,6.6,,,,,
12,1/12/03,6.4,,,,,
13,1/13/03,6.3,,,,,
14,1/14/03,6.2,,,,,
15,1/15/03,6,,,,,
16,1/16/03,5.9,,,,,
17,1/17/03,5.8,,,,,
18,1/18/03,5.7,,,,,
19,1/19/03,5.7,,,,,
20,1/20/03,5.8,,,,,
21,1/21/03,5.8,,,,,
22,1/22/03,5.9,,,,,
23,1/23/03,5.4,,,,,
24,1/24/03,5.2,,,,,
25,1/25/03,5.3,,,,,
26,1/26/03,5.1,,,,,
27,1/27/03,4.9,,,,,
28,1/28/03,4.4,,,,,
29,1/29/03,4.2,,,,,
30,1/30/03,4.1,,,,,
31,1/31/03,4,,,,,
32,2/1/03,4.1,,,,,
33,2/2/03,4.6,,,,,
34,2/3/03,4.7,,,,,
35,2/4/03,4.6,,,,,
36,2/5/03,4.7,,,,,
37,2/6/03,4.7,,,,,
38,2/7/03,4.5,,,,,
39,2/8/03,4.4,,,,,
40,2/9/03,4.4,,,,,
41,2/10/03,4.4,,,,,
42,2/11/03,4.4,,,,,
43,2/12/03,4.4,,,,,
44,2/13/03,4.4,,,,,
45,2/14/03,4.5,,,,,
46,2/15/03,4.4,,,,,
47,2/16/03,4.4,,,,,
48,2/17/03,4.2,,,,,
49,2/18/03,4.1,,,,,
50,2/19/03,4.4,,,,,
51,2/20/03,4.4,,,,,
52,2/21/03,4.6,,,,,
53,2/22/03,4.5,,,,,
54,2/23/03,4.2,,,,,
55,2/24/03,4.2,,,,,
56,2/25/03,4.3,,,,,
57,2/26/03,4.3,,,,,
58,2/27/03,4.3,,,,,
59,2/28/03,4.3,,,,,
60,3/1/03,4.3,,,,,
61,3/2/03,4.3,,,,,
62,3/3/03,4.4,,,,,
63,3/4/03,4.4,,,,,
64,3/5/03,4.3,,,,,
65,3/6/03,4,,,,,
66,3/7/03,4.1,,,,,
67,3/8/03,4.1,,,,,
68,3/9/03,4,,,,,
69,3/10/03,3.8,,,,,
70,3/11/03,3.7,,,,,
71,3/12/03,3.5,,,,,
72,3/13/03,3.4,,,,,
73,3/14/03,3.5,,,,,
74,3/15/03,3.5,,,,,
75,3/16/03,3.5,,,,,
76,3/17/03,3.5,,,,,
77,3/18/03,3.7,,,,,
78,3/19/03,3.7,,,,,
79,3/20/03,3.6,,,,,
80,3/21/03,3.6,,,,,
81,3/22/03,4.1,,,,,
82,3/23/03,4.2,,,,,
83,3/24/03,4.4,,,,,
84,3/25/03,4.6,,,,,
85,3/26/03,4.6,,,,,
86,3/27/03,4.7,,,,,
87,3/28/03,4.9,,,,,
88,3/29/03,4.9,,,,,
89,3/30/03,4.7,,,,,
90,3/31/03,3.9,,,,,
91,4/1/03,3.9,,,,,
92,4/2/03,3.9,,,,,
93,4/3/03,4,,,,,
94,4/4/03,3.9,,,,,
95,4/5/03,3.8,,,,,
96,4/6/03,3.7,,,,,
97,4/7/03,3.5,,,,,
98,4/8/03,3.5,,,,,
99,4/9/03,3.8,,,,,
100,4/10/03,3.9,,,,,
101,4/11/03,3.8,,,,,
102,4/12/03,4,,,,,
103,4/13/03,4.2,,,,,
104,4/14/03,4.4,,,,,
105,4/15/03,4.3,,,,,
106,4/16/03,3.8,,,,,
107,4/17/03,3.8,,,,,
108,4/18/03,3.9,,,,,
109,4/19/03,4.4,,,,,
110,4/20/03,4.6,,,,,
111,4/21/03,4.7,,,,,
112,4/22/03,4.7,,,,,
113,4/23/03,4.7,,,,,
114,4/24/03,4.6,,,,,
115,4/25/03,4.7,,,,,
116,4/26/03,4.6,,,,,
117,4/27/03,5.1,,,,,
118,4/28/03,5.4,,,,,
119,4/29/03,5.4,,,,,
120,4/30/03,5.6,,,,,
121,5/1/03,5.7,,,,,
122,5/2/03,5.6,,,,,
123,5/3/03,5.4,,,,,
124,5/4/03,6.3,,,,,
125,5/5/03,7,,,,,
126,5/6/03,7,,,,,
127,5/7/03,7,,,,,
128,5/8/03,7.1,,,,,
129,5/9/03,7.1,,,,,
130,5/10/03,7.2,,,,,
131,5/11/03,7.6,,,,,
132,5/12/03,7.5,,,,,
133,5/13/03,7.3,,,,,
134,5/14/03,7.5,,,,,
135,5/15/03,7.6,,,,,
136,5/16/03,7.4,,,,,
137,5/17/03,7.6,,,,,
138,5/18/03,7.8,,,,,
139,5/19/03,8.1,,,,,
140,5/20/03,8.5,,,,,
141,5/21/03,8.5,,,,,
142,5/22/03,8.4,,,,,
143,5/23/03,8.1,,,,,
144,5/24/03,7.8,,,,,
145,5/25/03,7.6,,,,,
146,5/26/03,7.6,,,,,
147,5/27/03,7.6,,,,,
148,5/28/03,8.1,,,,,
149,5/29/03,8.2,,,,,
150,5/30/03,8.5,,,,,
151,5/31/03,9,,,,,
152,6/1/03,8.2,,,,,
153,6/2/03,7.9,,,,,
154,6/3/03,8.2,,,,,
155,6/4/03,8.5,,,,,
156,6/5/03,8.9,,,,,
157,6/6/03,8.9,,,,,
158,6/7/03,9.1,,,,,
159,6/8/03,9.6,,,,,
160,6/9/03,10,,,,,
161,6/10/03,10.5,,,,,
162,6/11/03,10.7,,,,,
163,6/12/03,10.8,,,,,
164,6/13/03,10.8,,,,,
165,6/14/03,10.5,,,,,
166,6/15/03,10.2,,,,,
167,6/16/03,10.1,,,,,
168,6/17/03,10.3,,,,,
169,6/18/03,10.4,,,,,
170,6/19/03,11.2,,,,,
171,6/20/03,11.2,,,,,
172,6/21/03,11.5,,,,,
173,6/22/03,11.7,,,,,
174,6/23/03,11.9,,,,,
175,6/24/03,12.5,,,,,
176,6/25/03,12.9,,,,,
177,6/26/03,13.4,,,,,
178,6/27/03,14,,,,,
179,6/28/03,14.3,,,,,
180,6/29/03,14.6,,,,,
181,6/30/03,14.6,,,,,
182,7/1/03,14.9,,,,,
183,7/2/03,15,,,,,
184,7/3/03,14.9,,,,,
185,7/4/03,14.9,,,,,
186,7/5/03,15.3,,,,,
187,7/6/03,15.6,,,,,
188,7/7/03,15.7,,,,,
189,7/8/03,15.7,,,,,
190,7/9/03,15.6,,,,,
191,7/10/03,15.5,,,,,
192,7/11/03,15.1,,,,,
193,7/12/03,15.1,,,,,
194,7/13/03,15.3,,,,,
195,7/14/03,15.4,,,,,
196,7/15/03,15.4,,,,,
197,7/16/03,15.3,,,,,
198,7/17/03,15.5,,,,,
199,7/18/03,15.7,,,,,
200,7/19/03,16,,,,,
201,7/20/03,16.1,,,,,
202,7/21/03,15.9,,,,,
203,7/22/03,15.4,,,,,
204,7/23/03,15.6,,,,,
205,7/24/03,15.7,,,,,
206,7/25/03,15.8,,,,,
207,7/26/03,15.9,,,,,
208,7/27/03,16,,,,,
209,7/28/03,15.8,,,,,
210,7/29/03,16,,,,,
211,7/30/03,16.2,,,,,
212,7/31/03,16.3,,,,,
213,8/1/03,16.5,,,,,
214,8/2/03,16.5,,,,,
215,8/3/03,16.9,,,,,
216,8/4/03,17.2,,,,,
217,8/5/03,16.9,,,,,
218,8/6/03,16.8,,,,,
219,8/7/03,17,,,,,
220,8/8/03,17.3,,,,,
221,8/9/03,17.8,,,,,
222,8/10/03,17.8,,,,,
223,8/11/03,17.7,,,,,
224,8/12/03,18,,,,,
225,8/13/03,18.3,,,,,
226,8/14/03,18,,,,,
227,8/15/03,17.9,,,,,
228,8/16/03,18.1,,,,,
229,8/17/03,18.3,,,,,
230,8/18/03,17.3,,,,,
231,8/19/03,17.3,,,,,
232,8/20/03,17.7,,,,,
233,8/21/03,18.4,,,,,
234,8/22/03,18.6,,,,,
235,8/23/03,17.5,,,,,
236,8/24/03,16.9,,,,,
237,8/25/03,16.7,,,,,
238,8/26/03,16.8,,,,,
239,8/27/03,16.8,,,,,
240,8/28/03,16.8,,,,,
241,8/29/03,16.7,,,,,
242,8/30/03,16.6,,,,,
243,8/31/03,16.1,,,,,
244,9/1/03,16,,,,,
245,9/2/03,16,,,,,
246,9/3/03,16.1,,,,,
247,9/4/03,16.1,,,,,
248,9/5/03,16.3,,,,,
249,9/6/03,16.3,,,,,
250,9/7/03,16.3,,,,,
251,9/8/03,16.2,,,,,
252,9/9/03,16.1,,,,,
253,9/10/03,16,,,,,
254,9/11/03,16,,,,,
255,9/12/03,16,,,,,
256,9/13/03,15.9,,,,,
257,9/14/03,16.2,,,,,
258,9/15/03,16.5,,,,,
259,9/16/03,16.4,,,,,
260,9/17/03,16.3,,,,,
261,9/18/03,16.3,,,,,
262,9/19/03,16.2,,,,,
263,9/20/03,16.3,,,,,
264,9/21/03,16.3,,,,,
265,9/22/03,16.3,,,,,
266,9/23/03,16.1,,,,,
267,9/24/03,15.9,,,,,
268,9/25/03,16,,,,,
269,9/26/03,16.2,,,,,
270,9/27/03,16.4,,,,,
271,9/28/03,16.4,,,,,
272,9/29/03,16,,,,,
273,9/30/03,15.7,,,,,
274,10/1/03,15.5,,,,,
275,10/2/03,15.2,,,,,
276,10/3/03,14.6,,,,,
277,10/4/03,14.4,,,,,
278,10/5/03,13.8,,,,,
279,10/6/03,13.7,,,,,
280,10/7/03,13.6,,,,,
281,10/8/03,13.7,,,,,
282,10/9/03,13.8,,,,,
283,10/10/03,13.5,,,,,
284,10/11/03,13.7,,,,,
285,10/12/03,13.5,,,,,
286,10/13/03,13.1,,,,,
287,10/14/03,13.1,,,,,
288,10/15/03,12.6,,,,,
289,10/16/03,12,,,,,
290,10/17/03,11.8,,,,,
291,10/18/03,11.8,,,,,
292,10/19/03,11.8,,,,,
293,10/20/03,11.7,,,,,
294,10/21/03,11.7,,,,,
295,10/22/03,11.8,,,,,
296,10/23/03,11.5,,,,,
297,10/24/03,11.1,,,,,
298,10/25/03,11.1,,,,,
299,10/26/03,11.1,,,,,
300,10/27/03,11.2,,,,,
301,10/28/03,11.2,,,,,
302,10/29/03,11.2,,,,,
303,10/30/03,11.2,,,,,
304,10/31/03,11.3,,,,,
305,11/1/03,11.3,,,,,
306,11/2/03,11.2,,,,,
307,11/3/03,11.3,,,,,
308,11/4/03,11.3,,,,,
309,11/5/03,11.2,,,,,
310,11/6/03,11.1,,,,,
311,11/7/03,11,,,,,
312,11/8/03,10.7,,,,,
313,11/9/03,10.3,,,,,
314,11/10/03,10.1,,,,,
315,11/11/03,10.1,,,,,
316,11/12/03,10.1,,,,,
317,11/13/03,10,,,,,
318,11/14/03,9.6,,,,,
319,11/15/03,9.4,,,,,
320,11/16/03,9.3,,,,,
321,11/17/03,9.3,,,,,
322,11/18/03,9.3,,,,,
323,11/19/03,9.2,,,,,
324,11/20/03,9.3,,,,,
325,11/21/03,9.7,,,,,
326,11/22/03,9.8,,,,,
327,11/23/03,9.7,,,,,
328,11/24/03,9.5,,,,,
329,11/25/03,9.3,,,,,
330,11/26/03,9.1,,,,,
331,11/27/03,9.1,,,,,
332,11/28/03,9.1,,,,,
333,11/29/03,9,,,,,
334,11/30/03,8.7,,,,,
335,12/1/03,8.7,,,,,
336,12/2/03,8.5,,,,,
337,12/3/03,8.2,,,,,
338,12/4/03,8.1,,,,,
339,12/5/03,8,,,,,
340,12/6/03,7.9,,,,,
341,12/7/03,7.8,,,,,
342,12/8/03,7.8,,,,,
343,12/9/03,7.9,,,,,
344,12/10/03,7.9,,,,,
345,12/11/03,8,,,,,
346,12/12/03,8.2,,,,,
347,12/13/03,7.9,,,,,
348,12/14/03,7.7,,,,,
349,12/15/03,7.6,,,,,
350,12/16/03,7.7,,,,,
351,12/17/03,7.5,,,,,
352,12/18/03,7.2,,,,,
353,12/19/03,6.9,,,,,
354,12/20/03,6.8,,,,,
355,12/21/03,6.7,,,,,
356,12/22/03,6.7,,,,,
357,12/23/03,6.6,,,,,
358,12/24/03,6.5,,,,,
359,12/25/03,6.6,,,,,
360,12/26/03,6.8,,,,,
361,12/27/03,6.7,,,,,
362,12/28/03,6.6,,,,,
363,12/29/03,6.7,,,,,
364,12/30/03,6.8,,,,,
365,12/31/03,6.8,,,,,
1,1/1/04,6.7,,,,,
2,1/2/04,6.3,,,,,
3,1/3/04,6,,,,,
4,1/4/04,6.1,,,,,
5,1/5/04,6.1,,,,,
6,1/6/04,6,,,,,
7,1/7/04,6,,,,,
8,1/8/04,6,,,,,
9,1/9/04,6,,,,,
10,1/10/04,5.8,,,,,
11,1/11/04,5.7,,,,,
12,1/12/04,5.5,,,,,
13,1/13/04,5.6,,,,,
14,1/14/04,5.7,,,,,
15,1/15/04,5.6,,,,,
16,1/16/04,5.7,,,,,
17,1/17/04,5.8,,,,,
18,1/18/04,5.8,,,,,
19,1/19/04,5.7,,,,,
20,1/20/04,5.7,,,,,
21,1/21/04,5.6,,,,,
22,1/22/04,5.4,,,,,
23,1/23/04,5.1,,,,,
24,1/24/04,5,,,,,
25,1/25/04,4.9,,,,,
26,1/26/04,5.2,,,,,
27,1/27/04,5.4,,,,,
28,1/28/04,5.2,,,,,
29,1/29/04,4.9,,,,,
30,1/30/04,5,,,,,
31,1/31/04,4.9,,,,,
32,2/1/04,5.2,,,,,
33,2/2/04,5.2,,,,,
34,2/3/04,5.2,,,,,
35,2/4/04,5.3,,,,,
36,2/5/04,5.2,,,,,
37,2/6/04,4.7,,,,,
38,2/7/04,4.2,,,,,
39,2/8/04,4.7,,,,,
40,2/9/04,4.8,,,,,
41,2/10/04,4.8,,,,,
42,2/11/04,4.7,,,,,
43,2/12/04,4.7,,,,,
44,2/13/04,4.7,,,,,
45,2/14/04,4.7,,,,,
46,2/15/04,4.5,,,,,
47,2/16/04,4.3,,,,,
48,2/17/04,4.1,,,,,
49,2/18/04,3.9,,,,,
50,2/19/04,4.4,,,,,
51,2/20/04,4.4,,,,,
52,2/21/04,4.3,,,,,
53,2/22/04,3.6,,,,,
54,2/23/04,3.8,,,,,
55,2/24/04,3.8,,,,,
56,2/25/04,3.6,,,,,
57,2/26/04,3.5,,,,,
58,2/27/04,3.5,,,,,
59,2/28/04,3.5,,,,,
60,2/29/04,3.5,,,,,
61,3/1/04,3.4,,,,,
62,3/2/04,3.5,,,,,
63,3/3/04,3.8,,,,,
64,3/4/04,3.5,,,,,
65,3/5/04,3.2,,,,,
66,3/6/04,3.5,,,,,
67,3/7/04,3.4,,,,,
68,3/8/04,3.2,,,,,
69,3/9/04,3.1,,,,,
70,3/10/04,3.1,,,,,
71,3/11/04,3.1,,,,,
72,3/12/04,3.1,,,,,
73,3/13/04,3.1,,,,,
74,3/14/04,3,,,,,
75,3/15/04,2.9,,,,,
76,3/16/04,2.8,,,,,
77,3/17/04,2.8,,,,,
78,3/18/04,2.7,,,,,
79,3/19/04,2.8,,,,,
80,3/20/04,2.8,,,,,
81,3/21/04,2.7,,,,,
82,3/22/04,2.5,,,,,
83,3/23/04,2.4,,,,,
84,3/24/04,2.5,,,,,
85,3/25/04,2.4,,,,,
86,3/26/04,2.4,,,,,
87,3/27/04,2,,,,,
88,3/28/04,2.8,,,,,
89,3/29/04,3.1,,,,,
90,3/30/04,3,,,,,
91,3/31/04,2.5,,,,,
92,4/1/04,2.4,,,,,
93,4/2/04,3.3,,,,,
94,4/3/04,3.5,,,,,
95,4/4/04,3.3,,,,,
96,4/5/04,2.9,,,,,
97,4/6/04,2.9,,,,,
98,4/7/04,3,,,,,
99,4/8/04,3.2,,,,,
100,4/9/04,3.5,,,,,
101,4/10/04,3.5,,,,,
102,4/11/04,3.5,,,,,
103,4/12/04,3.5,,,,,
104,4/13/04,3.6,,,,,
105,4/14/04,3.1,,,,,
106,4/15/04,3,,,,,
107,4/16/04,3.9,,,,,
108,4/17/04,4,,,,,
109,4/18/04,4.2,,,,,
110,4/19/04,4.5,,,,,
111,4/20/04,4.6,,,,,
112,4/21/04,4.8,,,,,
113,4/22/04,5,,,,,
114,4/23/04,4.9,,,,,
115,4/24/04,4.9,,,,,
116,4/25/04,5,,,,,
117,4/26/04,4.9,,,,,
118,4/27/04,4.9,,,,,
119,4/28/04,5,,,,,
120,4/29/04,5.1,,,,,
121,4/30/04,5.7,,,,,
122,5/1/04,6.3,,,,,
123,5/2/04,6.2,,,,,
124,5/3/04,6.1,,,,,
125,5/4/04,5.7,,,,,
126,5/5/04,5.6,,,,,
127,5/6/04,5.4,,,,,
128,5/7/04,6,,,,,
129,5/8/04,5.9,,,,,
130,5/9/04,5.8,,,,,
131,5/10/04,6.1,,,,,
132,5/11/04,7.1,,,,,
133,5/12/04,7.5,,,,,
134,5/13/04,7.2,,,,,
135,5/14/04,7,,,,,
136,5/15/04,7.2,,,,,
137,5/16/04,7.9,,,,,
138,5/17/04,7.6,,,,,
139,5/18/04,7.2,,,,,
140,5/19/04,7.7,,,,,
141,5/20/04,8,,,,,
142,5/21/04,8,,,,,
143,5/22/04,7.9,,,,,
144,5/23/04,7.9,,,,,
145,5/24/04,7.8,,,,,
146,5/25/04,7.6,,,,,
147,5/26/04,7.8,,,,,
148,5/27/04,8,,,,,
149,5/28/04,8.1,,,,,
150,5/29/04,8.3,,,,,
151,5/30/04,8.4,,,,,
152,5/31/04,8.5,,,,,
153,6/1/04,8.4,,,,,
154,6/2/04,8.3,,,,,
155,6/3/04,8.7,,,,,
156,6/4/04,8.9,,,,,
157,6/5/04,9,,,,,
158,6/6/04,9.2,,,,,
159,6/7/04,9.1,,,,,
160,6/8/04,9,,,,,
161,6/9/04,9.7,,,,,
162,6/10/04,10.2,,,,,
163,6/11/04,10.3,,,,,
164,6/12/04,10.5,,,,,
165,6/13/04,10.8,,,,,
166,6/14/04,10.8,,,,,
167,6/15/04,11.2,,,,,
168,6/16/04,11.5,,,,,
169,6/17/04,11.5,,,,,
170,6/18/04,11.2,,,,,
171,6/19/04,11.6,,,,,
172,6/20/04,11.7,,,,,
173,6/21/04,11.9,,,,,
174,6/22/04,12.3,,,,,
175,6/23/04,12.4,,,,,
176,6/24/04,11.9,,,,,
177,6/25/04,11.8,,,,,
178,6/26/04,12.5,,,,,
179,6/27/04,13.1,,,,,
180,6/28/04,13.1,,,,,
181,6/29/04,13.3,,,,,
182,6/30/04,13.3,,,,,
183,7/1/04,13.5,,,,,
184,7/2/04,13.4,,,,,
185,7/3/04,13.3,,,,,
186,7/4/04,13.6,,,,,
187,7/5/04,13.6,,,,,
188,7/6/04,13.9,,,,,
189,7/7/04,13.9,,,,,
190,7/8/04,13.9,,,,,
191,7/9/04,14,,,,,
192,7/10/04,13.8,,,,,
193,7/11/04,13.8,,,,,
194,7/12/04,14,,,,,
195,7/13/04,14.6,,,,,
196,7/14/04,13.7,,,,,
197,7/15/04,13.8,,,,,
198,7/16/04,14.1,,,,,
199,7/17/04,14.6,,,,,
200,7/18/04,15.3,,,,,
201,7/19/04,15.5,,,,,
202,7/20/04,15.9,,,,,
203,7/21/04,15.9,,,,,
204,7/22/04,15.9,,,,,
205,7/23/04,16,,,,,
206,7/24/04,16,,,,,
207,7/25/04,15.5,,,,,
208,7/26/04,15.2,,,,,
209,7/27/04,15.3,,,,,
210,7/28/04,15.4,,,,,
211,7/29/04,15.6,,,,,
212,7/30/04,15.7,,,,,
213,7/31/04,15.9,,,,,
214,8/1/04,16.2,,,,,
215,8/2/04,16.2,,,,,
216,8/3/04,16.2,,,,,
217,8/4/04,16.1,,,,,
218,8/5/04,16.1,,,,,
219,8/6/04,16,,,,,
220,8/7/04,15.9,,,,,
221,8/8/04,15.9,,,,,
222,8/9/04,16.1,,,,,
223,8/10/04,16.3,,,,,
224,8/11/04,16.5,,,,,
225,8/12/04,16.6,,,,,
226,8/13/04,16.7,,,,,
227,8/14/04,16.7,,,,,
228,8/15/04,16.8,,,,,
229,8/16/04,16.6,,,,,
230,8/17/04,16.4,,,,,
231,8/18/04,16.4,,,,,
232,8/19/04,16.4,,,,,
233,8/20/04,16.4,,,,,
234,8/21/04,16.8,,,,,
235,8/22/04,16.1,,,,,
236,8/23/04,16,,,,,
237,8/24/04,15.9,,,,,
238,8/25/04,15.9,,,,,
239,8/26/04,16.1,,,,,
240,8/27/04,16.2,,,,,
241,8/28/04,16.5,,,,,
242,8/29/04,16.8,,,,,
243,8/30/04,17,,,,,
244,8/31/04,16.7,,,,,
245,9/1/04,16.4,,,,,
246,9/2/04,16.2,,,,,
247,9/3/04,16,,,,,
248,9/4/04,15.9,,,,,
249,9/5/04,15.4,,,,,
250,9/6/04,15.6,,,,,
251,9/7/04,16.3,,,,,
252,9/8/04,16.5,,,,,
253,9/9/04,16.3,,,,,
254,9/10/04,16,,,,,
255,9/11/04,16,,,,,
256,9/12/04,15.9,,,,,
257,9/13/04,15.8,,,,,
258,9/14/04,15.9,,,,,
259,9/15/04,16,,,,,
260,9/16/04,16.1,,,,,
261,9/17/04,16.3,,,,,
262,9/18/04,15.9,,,,,
263,9/19/04,14.4,,,,,
264,9/20/04,14.3,,,,,
265,9/21/04,14.4,,,,,
266,9/22/04,14.6,,,,,
267,9/23/04,14.8,,,,,
268,9/24/04,14.9,,,,,
269,9/25/04,14.7,,,,,
270,9/26/04,14.6,,,,,
271,9/27/04,14.5,,,,,
272,9/28/04,14.5,,,,,
273,9/29/04,13.9,,,,,
274,9/30/04,13.5,,,,,
275,10/1/04,13.4,,,,,
276,10/2/04,13.4,,,,,
277,10/3/04,13.2,,,,,
278,10/4/04,13,,,,,
279,10/5/04,13.4,,,,,
280,10/6/04,13.3,,,,,
281,10/7/04,13.4,,,,,
282,10/8/04,13.3,,,,,
283,10/9/04,13.3,,,,,
284,10/10/04,13.3,,,,,
285,10/11/04,13,,,,,
286,10/12/04,12.1,,,,,
287,10/13/04,12.1,,,,,
288,10/14/04,12.1,,,,,
289,10/15/04,12.2,,,,,
290,10/16/04,12.3,,,,,
291,10/17/04,12,,,,,
292,10/18/04,11.7,,,,,
293,10/19/04,11.6,,,,,
294,10/20/04,11.4,,,,,
295,10/21/04,11.4,,,,,
296,10/22/04,11.4,,,,,
297,10/23/04,11.3,,,,,
298,10/24/04,11.2,,,,,
299,10/25/04,11,,,,,
300,10/26/04,10.8,,,,,
301,10/27/04,10.8,,,,,
302,10/28/04,10.8,,,,,
303,10/29/04,10.7,,,,,
304,10/30/04,10.5,,,,,
305,10/31/04,10.5,,,,,
306,11/1/04,10.5,,,,,
307,11/2/04,10.4,,,,,
308,11/3/04,10.2,,,,,
309,11/4/04,10.1,,,,,
310,11/5/04,9.8,,,,,
311,11/6/04,9.5,,,,,
312,11/7/04,9.6,,,,,
313,11/8/04,9.6,,,,,
314,11/9/04,9.3,,,,,
315,11/10/04,9.2,,,,,
316,11/11/04,9.2,,,,,
317,11/12/04,9.3,,,,,
318,11/13/04,9.3,,,,,
319,11/14/04,9.1,,,,,
320,11/15/04,9,,,,,
321,11/16/04,8.9,,,,,
322,11/17/04,8.8,,,,,
323,11/18/04,8.8,,,,,
324,11/19/04,8.8,,,,,
325,11/20/04,8.7,,,,,
326,11/21/04,8.6,,,,,
327,11/22/04,8.7,,,,,
328,11/23/04,8.7,,,,,
329,11/24/04,8.7,,,,,
330,11/25/04,8.4,,,,,
331,11/26/04,8.3,,,,,
332,11/27/04,8.3,,,,,
333,11/28/04,8.3,,,,,
334,11/29/04,8.4,,,,,
335,11/30/04,8.3,,,,,
336,12/1/04,8.1,,,,,
337,12/2/04,8.3,,,,,
338,12/3/04,8.2,,,,,
339,12/4/04,8.1,,,,,
340,12/5/04,8.2,,,,,
341,12/6/04,8.2,,,,,
342,12/7/04,7.9,,,,,
343,12/8/04,7.6,,,,,
344,12/9/04,8,,,,,
345,12/10/04,8,,,,,
346,12/11/04,7.8,,,,,
347,12/12/04,7.7,,,,,
348,12/13/04,7.6,,,,,
349,12/14/04,7.5,,,,,
350,12/15/04,7.6,,,,,
351,12/16/04,7.7,,,,,
352,12/17/04,7.5,,,,,
353,12/18/04,7.4,,,,,
354,12/19/04,7.3,,,,,
355,12/20/04,7.2,,,,,
356,12/21/04,7.1,,,,,
357,12/22/04,7.1,,,,,
358,12/23/04,7,,,,,
359,12/24/04,7,,,,,
360,12/25/04,7,,,,,
361,12/26/04,6.9,,,,,
362,12/27/04,6.8,,,,,
363,12/28/04,6.7,,,,,
364,12/29/04,6.5,,,,,
365,12/30/04,6.4,,,,,
366,12/31/04,6.4,,,,,
1,1/1/05,6.4,,,,,
2,1/2/05,6.6,,,,,
3,1/3/05,6.6,,,,,
4,1/4/05,6.4,,,,,
5,1/5/05,6.3,,,,,
6,1/6/05,6.5,,,,,
7,1/7/05,6.5,,,,,
8,1/8/05,6.2,,,,,
9,1/9/05,6,,,,,
10,1/10/05,5.9,,,,,
11,1/11/05,5.9,,,,,
12,1/12/05,5.8,,,,,
13,1/13/05,5.3,,,,,
14,1/14/05,5.2,,,,,
15,1/15/05,5.2,,,,,
16,1/16/05,5.1,,,,,
17,1/17/05,5.1,,,,,
18,1/18/05,5,,,,,
19,1/19/05,5,,,,,
20,1/20/05,5,,,,,
21,1/21/05,4.9,,,,,
22,1/22/05,4.7,,,,,
23,1/23/05,5,,,,,
24,1/24/05,5.1,,,,,
25,1/25/05,5,,,,,
26,1/26/05,4.8,,,,,
27,1/27/05,4.5,,,,,
28,1/28/05,4.8,,,,,
29,1/29/05,4.9,,,,,
30,1/30/05,4.7,,,,,
31,1/31/05,4.7,,,,,
32,2/1/05,4.5,,,,,
33,2/2/05,4.3,,,,,
34,2/3/05,4.1,,,,,
35,2/4/05,3.8,,,,,
36,2/5/05,4.1,,,,,
37,2/6/05,4.2,,,,,
38,2/7/05,3.9,,,,,
39,2/8/05,3.7,,,,,
40,2/9/05,3.8,,,,,
41,2/10/05,3.8,,,,,
42,2/11/05,3.8,,,,,
43,2/12/05,3.9,,,,,
44,2/13/05,3.8,,,,,
45,2/14/05,3.8,,,,,
46,2/15/05,3.8,,,,,
47,2/16/05,3.7,,,,,
48,2/17/05,3.7,,,,,
49,2/18/05,3.7,,,,,
50,2/19/05,3.7,,,,,
51,2/20/05,3.8,,,,,
52,2/21/05,3.7,,,,,
53,2/22/05,3.7,,,,,
54,2/23/05,3.8,,,,,
55,2/24/05,3.6,,,,,
56,2/25/05,3.4,,,,,
57,2/26/05,3.8,,,,,
58,2/27/05,4,,,,,
59,2/28/05,3.8,,,,,
60,3/1/05,3.5,,,,,
61,3/2/05,3.5,,,,,
62,3/3/05,3.5,,,,,
63,3/4/05,3.5,,,,,
64,3/5/05,3.5,,,,,
65,3/6/05,3.4,,,,,
66,3/7/05,3.3,,,,,
67,3/8/05,3.2,,,,,
68,3/9/05,3.2,,,,,
69,3/10/05,3.1,,,,,
70,3/11/05,3.1,,,,,
71,3/12/05,3.1,,,,,
72,3/13/05,3.2,,,,,
73,3/14/05,3.2,,,,,
74,3/15/05,3.4,,,,,
75,3/16/05,3.4,,,,,
76,3/17/05,3.4,,,,,
77,3/18/05,3.2,,,,,
78,3/19/05,3.3,,,,,
79,3/20/05,3.4,,,,,
80,3/21/05,3.5,,,,,
81,3/22/05,3.8,,,,,
82,3/23/05,3.7,,,,,
83,3/24/05,3.6,,,,,
84,3/25/05,3.7,,,,,
85,3/26/05,3.9,,,,,
86,3/27/05,3.9,,,,,
87,3/28/05,3.9,,,,,
88,3/29/05,3.9,,,,,
89,3/30/05,3.8,,,,,
90,3/31/05,3.7,,,,,
91,4/1/05,3.3,,,,,
92,4/2/05,3.2,,,,,
93,4/3/05,3.4,,,,,
94,4/4/05,3.9,,,,,
95,4/5/05,4.1,,,,,
96,4/6/05,4.4,,,,,
97,4/7/05,4.6,,,,,
98,4/8/05,4.8,,,,,
99,4/9/05,5,,,,,
100,4/10/05,5.3,,,,,
101,4/11/05,5.2,,,,,
102,4/12/05,4.5,,,,,
103,4/13/05,4.1,,,,,
104,4/14/05,4.3,,,,,
105,4/15/05,4.3,,,,,
106,4/16/05,4.6,,,,,
107,4/17/05,5.1,,,,,
108,4/18/05,5.3,,,,,
109,4/19/05,5.9,,,,,
110,4/20/05,5.7,,,,,
111,4/21/05,5.6,,,,,
112,4/22/05,5.7,,,,,
113,4/23/05,5.9,,,,,
114,4/24/05,6.2,,,,,
115,4/25/05,6.2,,,,,
116,4/26/05,6.2,,,,,
117,4/27/05,6.1,,,,,
118,4/28/05,5.5,,,,,
119,4/29/05,5.5,,,,,
120,4/30/05,5.7,,,,,
121,5/1/05,6,,,,,
122,5/2/05,6,,,,,
123,5/3/05,6.2,,,,,
124,5/4/05,6.9,,,,,
125,5/5/05,7.3,,,,,
126,5/6/05,7.4,,,,,
127,5/7/05,7,,,,,
128,5/8/05,6,,,,,
129,5/9/05,6,,,,,
130,5/10/05,6.5,,,,,
131,5/11/05,6.3,,,,,
132,5/12/05,6.4,,,,,
133,5/13/05,6.5,,,,,
134,5/14/05,6.5,,,,,
135,5/15/05,6.6,,,,,
136,5/16/05,6.2,,,,,
137,5/17/05,6.2,,,,,
138,5/18/05,7,,,,,
139,5/19/05,7.9,,,,,
140,5/20/05,8.4,,,,,
141,5/21/05,8.4,,,,,
142,5/22/05,7.9,,,,,
143,5/23/05,6.9,,,,,
144,5/24/05,6.9,,,,,
145,5/25/05,7,,,,,
146,5/26/05,7.3,,,,,
147,5/27/05,7.6,,,,,
148,5/28/05,7.7,,,,,
149,5/29/05,7.7,,,,,
150,5/30/05,8.4,,,,,
151,5/31/05,8.6,,,,,
152,6/1/05,7.8,,,,,
153,6/2/05,7.7,,,,,
154,6/3/05,8.1,,,,,
155,6/4/05,9.1,,,,,
156,6/5/05,10,,,,,
157,6/6/05,10.1,,,,,
158,6/7/05,10.2,,,,,
159,6/8/05,10.5,,,,,
160,6/9/05,10.7,,,,,
161,6/10/05,11.4,,,,,
162,6/11/05,12,,,,,
163,6/12/05,12.5,,,,,
164,6/13/05,12.8,,,,,
165,6/14/05,11.5,,,,,
166,6/15/05,10.9,,,,,
167,6/16/05,10.9,,,,,
168,6/17/05,10.4,,,,,
169,6/18/05,10.3,,,,,
170,6/19/05,10.2,,,,,
171,6/20/05,10.5,,,,,
172,6/21/05,11,,,,,
173,6/22/05,11.2,,,,,
174,6/23/05,11.1,,,,,
175,6/24/05,10.9,,,,,
176,6/25/05,11.4,,,,,
177,6/26/05,12.9,,,,,
178,6/27/05,13.2,,,,,
179,6/28/05,12.8,,,,,
180,6/29/05,12.1,,,,,
181,6/30/05,12.5,,,,,
182,7/1/05,12,,,,,
183,7/2/05,13.3,,,,,
184,7/3/05,13.6,,,,,
185,7/4/05,14.1,,,,,
186,7/5/05,14.1,,,,,
187,7/6/05,13.7,,,,,
188,7/7/05,12.8,,,,,
189,7/8/05,13,,,,,
190,7/9/05,13.2,,,,,
191,7/10/05,13.4,,,,,
192,7/11/05,13.7,,,,,
193,7/12/05,13.8,,,,,
194,7/13/05,13.8,,,,,
195,7/14/05,14.5,,,,,
196,7/15/05,15,,,,,
197,7/16/05,15.3,,,,,
198,7/17/05,15.8,,,,,
199,7/18/05,16,,,,,
200,7/19/05,16.9,,,,,
201,7/20/05,17.1,,,,,
202,7/21/05,17.2,,,,,
203,7/22/05,16.8,,,,,
204,7/23/05,16.5,,,,,
205,7/24/05,16.3,,,,,
206,7/25/05,16.3,,,,,
207,7/26/05,16.3,,,,,
208,7/27/05,16.6,,,,,
209,7/28/05,16.1,,,,,
210,7/29/05,15.9,,,,,
211,7/30/05,16.2,,,,,
212,7/31/05,16.7,,,,,
213,8/1/05,16.9,,,,,
214,8/2/05,17.1,,,,,
215,8/3/05,17.2,,,,,
216,8/4/05,17.1,,,,,
217,8/5/05,17.1,,,,,
218,8/6/05,17.2,,,,,
219,8/7/05,17.2,,,,,
220,8/8/05,17.3,,,,,
221,8/9/05,17.4,,,,,
222,8/10/05,17.4,,,,,
223,8/11/05,17.5,,,,,
224,8/12/05,17.6,,,,,
225,8/13/05,17.7,,,,,
226,8/14/05,17.7,,,,,
227,8/15/05,16.6,,,,,
228,8/16/05,16.5,,,,,
229,8/17/05,16.6,,,,,
230,8/18/05,16.6,,,,,
231,8/19/05,16.8,,,,,
232,8/20/05,16.7,,,,,
233,8/21/05,16.7,,,,,
234,8/22/05,16.8,,,,,
235,8/23/05,16.6,,,,,
236,8/24/05,16.6,,,,,
237,8/25/05,16.3,,,,,
238,8/26/05,16.4,,,,,
239,8/27/05,16.6,,,,,
240,8/28/05,16.7,,,,,
241,8/29/05,16.8,,,,,
242,8/30/05,17,,,,,
243,8/31/05,16.8,,,,,
244,9/1/05,16.8,,,,,
245,9/2/05,16.8,,,,,
246,9/3/05,16.9,,,,,
247,9/4/05,17,,,,,
248,9/5/05,17,,,,,
249,9/6/05,17.2,,,,,
250,9/7/05,17.2,,,,,
251,9/8/05,17.3,,,,,
252,9/9/05,16.9,,,,,
253,9/10/05,16.4,,,,,
254,9/11/05,16.3,,,,,
255,9/12/05,16.1,,,,,
256,9/13/05,16,,,,,
257,9/14/05,16.3,,,,,
258,9/15/05,16.5,,,,,
259,9/16/05,16.4,,,,,
260,9/17/05,15.4,,,,,
261,9/18/05,15.1,,,,,
262,9/19/05,15.9,,,,,
263,9/20/05,16.1,,,,,
264,9/21/05,16.2,,,,,
265,9/22/05,16.2,,,,,
266,9/23/05,16,,,,,
267,9/24/05,15.7,,,,,
268,9/25/05,15.2,,,,,
269,9/26/05,14.9,,,,,
270,9/27/05,14.7,,,,,
271,9/28/05,14.8,,,,,
272,9/29/05,14.7,,,,,
273,9/30/05,14.5,,,,,
274,10/1/05,14.4,,,,,
275,10/2/05,14.6,,,,,
276,10/3/05,14.7,,,,,
277,10/4/05,15,,,,,
278,10/5/05,15.3,,,,,
279,10/6/05,15.5,,,,,
280,10/7/05,15.9,,,,,
281,10/8/05,15.9,,,,,
282,10/9/05,15.4,,,,,
283,10/10/05,15,,,,,
284,10/11/05,14.5,,,,,
285,10/12/05,14,,,,,
286,10/13/05,13.8,,,,,
287,10/14/05,13.8,,,,,
288,10/15/05,13.3,,,,,
289,10/16/05,13,,,,,
290,10/17/05,12.9,,,,,
291,10/18/05,12.7,,,,,
292,10/19/05,12.7,,,,,
293,10/20/05,12.6,,,,,
294,10/21/05,12.3,,,,,
295,10/22/05,12.3,,,,,
296,10/23/05,12.3,,,,,
297,10/24/05,12.1,,,,,
298,10/25/05,11.5,,,,,
299,10/26/05,11.4,,,,,
300,10/27/05,11.5,,,,,
301,10/28/05,11.3,,,,,
302,10/29/05,11.2,,,,,
303,10/30/05,11.1,,,,,
304,10/31/05,11,,,,,
305,11/1/05,10.9,,,,,
306,11/2/05,11.1,,,,,
307,11/3/05,11.1,,,,,
308,11/4/05,10.9,,,,,
309,11/5/05,10.4,,,,,
310,11/6/05,10.5,,,,,
311,11/7/05,11.1,,,,,
312,11/8/05,11.4,,,,,
313,11/9/05,11.1,,,,,
314,11/10/05,10.8,,,,,
315,11/11/05,10.7,,,,,
316,11/12/05,10.5,,,,,
317,11/13/05,10.4,,,,,
318,11/14/05,10.4,,,,,
319,11/15/05,10.3,,,,,
320,11/16/05,10.2,,,,,
321,11/17/05,9.9,,,,,
322,11/18/05,9.3,,,,,
323,11/19/05,9.1,,,,,
324,11/20/05,9.1,,,,,
325,11/21/05,9.2,,,,,
326,11/22/05,9.2,,,,,
327,11/23/05,9,,,,,
328,11/24/05,8.8,,,,,
329,11/25/05,8.8,,,,,
330,11/26/05,8.8,,,,,
331,11/27/05,8.7,,,,,
332,11/28/05,8.8,,,,,
333,11/29/05,8.9,,,,,
334,11/30/05,8.9,,,,,
335,12/1/05,8.9,,,,,
336,12/2/05,8.9,,,,,
337,12/3/05,8.7,,,,,
338,12/4/05,8.6,,,,,
339,12/5/05,8.4,,,,,
340,12/6/05,8.2,,,,,
341,12/7/05,8.1,,,,,
342,12/8/05,8.1,,,,,
343,12/9/05,8.2,,,,,
344,12/10/05,8.2,,,,,
345,12/11/05,8.3,,,,,
346,12/12/05,8.1,,,,,
347,12/13/05,8,,,,,
348,12/14/05,7.9,,,,,
349,12/15/05,7.9,,,,,
350,12/16/05,7.7,,,,,
351,12/17/05,7.3,,,,,
352,12/18/05,7.1,,,,,
353,12/19/05,6.9,,,,,
354,12/20/05,6.8,,,,,
355,12/21/05,6.6,,,,,
356,12/22/05,6.2,,,,,
357,12/23/05,6.2,,,,,
358,12/24/05,6.2,,,,,
359,12/25/05,6.4,,,,,
360,12/26/05,6.6,,,,,
361,12/27/05,6.8,,,,,
362,12/28/05,6.8,,,,,
363,12/29/05,6.8,,,,,
364,12/30/05,6.9,,,,,
365,12/31/05,6.8,,,,,
1,1/1/06,6.8,,,,,
2,1/2/06,6.9,,,,,
3,1/3/06,6.7,,,,,
4,1/4/06,6.4,,,,,
5,1/5/06,6.5,,,,,
6,1/6/06,6.5,,,,,
7,1/7/06,6.6,,,,,
8,1/8/06,6.7,,,,,
9,1/9/06,6.7,,,,,
10,1/10/06,6.8,,,,,
11,1/11/06,6.6,,,,,
12,1/12/06,6.8,,,,,
13,1/13/06,7,,,,,
14,1/14/06,6.9,,,,,
15,1/15/06,6.5,,,,,
16,1/16/06,6.6,,,,,
17,1/17/06,6.7,,,,,
18,1/18/06,6.6,,,,,
19,1/19/06,6.4,,,,,
20,1/20/06,6.3,,,,,
21,1/21/06,6,,,,,
22,1/22/06,6.1,,,,,
23,1/23/06,6.1,,,,,
24,1/24/06,6,,,,,
25,1/25/06,6.1,,,,,
26,1/26/06,6.2,,,,,
27,1/27/06,6.2,,,,,
28,1/28/06,6.2,,,,,
29,1/29/06,6.4,,,,,
30,1/30/06,6.4,,,,,
31,1/31/06,6.1,,,,,
32,2/1/06,6,,,,,
33,2/2/06,5.7,,,,,
34,2/3/06,5.6,,,,,
35,2/4/06,5.6,,,,,
36,2/5/06,5.8,,,,,
37,2/6/06,5.9,,,,,
38,2/7/06,5.8,,,,,
39,2/8/06,5.7,,,,,
40,2/9/06,5.5,,,,,
41,2/10/06,5.3,,,,,
42,2/11/06,5.2,,,,,
43,2/12/06,4.9,,,,,
44,2/13/06,4.6,,,,,
45,2/14/06,4.6,,,,,
46,2/15/06,4.6,,,,,
47,2/16/06,5,,,,,
48,2/17/06,5.3,,,,,
49,2/18/06,5.2,,,,,
50,2/19/06,5,,,,,
51,2/20/06,5.1,,,,,
52,2/21/06,5.2,,,,,
53,2/22/06,5.3,,,,,
54,2/23/06,5.1,,,,,
55,2/24/06,4.8,,,,,
56,2/25/06,4.8,,,,,
57,2/26/06,4.8,,,,,
58,2/27/06,4.6,,,,,
59,2/28/06,4.5,,,,,
60,3/1/06,4.4,,,,,
61,3/2/06,4.4,,,,,
62,3/3/06,4.3,,,,,
63,3/4/06,4.3,,,,,
64,3/5/06,4.5,,,,,
65,3/6/06,4.7,,,,,
66,3/7/06,4.5,,,,,
67,3/8/06,4.3,,,,,
68,3/9/06,4,,,,,
69,3/10/06,4.2,,,,,
70,3/11/06,4.4,,,,,
71,3/12/06,4.4,,,,,
72,3/13/06,4.7,,,,,
73,3/14/06,4.5,,,,,
74,3/15/06,4.3,,,,,
75,3/16/06,4.2,,,,,
76,3/17/06,4.2,,,,,
77,3/18/06,4.2,,,,,
78,3/19/06,4.2,,,,,
79,3/20/06,4.2,,,,,
80,3/21/06,4.2,,,,,
81,3/22/06,4.2,,,,,
82,3/23/06,4.3,,,,,
83,3/24/06,4.4,,,,,
84,3/25/06,4.4,,,,,
85,3/26/06,4.3,,,,,
86,3/27/06,4.6,,,,,
87,3/28/06,4.7,,,,,
88,3/29/06,4.9,,,,,
89,3/30/06,4.9,,,,,
90,3/31/06,5.3,,,,,
91,4/1/06,5.3,,,,,
92,4/2/06,5.3,,,,,
93,4/3/06,5.3,,,,,
94,4/4/06,5.2,,,,,
95,4/5/06,4.7,,,,,
96,4/6/06,4.7,,,,,
97,4/7/06,4.6,,,,,
98,4/8/06,4.4,,,,,
99,4/9/06,4.7,,,,,
100,4/10/06,4.8,,,,,
101,4/11/06,5.3,,,,,
102,4/12/06,5.5,,,,,
103,4/13/06,5.7,,,,,
104,4/14/06,6,,,,,
105,4/15/06,5.7,,,,,
106,4/16/06,5.4,,,,,
107,4/17/06,5.5,,,,,
108,4/18/06,5.7,,,,,
109,4/19/06,6.2,,,,,
110,4/20/06,6.2,,,,,
111,4/21/06,6.1,,,,,
112,4/22/06,5.8,,,,,
113,4/23/06,5.6,,,,,
114,4/24/06,6,,,,,
115,4/25/06,5.9,,,,,
116,4/26/06,5.8,,,,,
117,4/27/06,5.8,,,,,
118,4/28/06,5.9,,,,,
119,4/29/06,6,,,,,
120,4/30/06,6.1,,,,,
121,5/1/06,6.2,,,,,
122,5/2/06,6.3,,,,,
123,5/3/06,6.4,,,,,
124,5/4/06,6.6,,,,,
125,5/5/06,6.9,,,,,
126,5/6/06,7,,,,,
127,5/7/06,6.7,,,,,
128,5/8/06,6.5,,,,,
129,5/9/06,6.6,,,,,
130,5/10/06,6.9,,,,,
131,5/11/06,6.9,,,,,
132,5/12/06,6.9,,,,,
133,5/13/06,6.7,,,,,
134,5/14/06,6.6,,,,,
135,5/15/06,6.4,,,,,
136,5/16/06,6.6,,,,,
137,5/17/06,6.6,,,,,
138,5/18/06,6.9,,,,,
139,5/19/06,7.4,,,,,
140,5/20/06,7.5,,,,,
141,5/21/06,7.8,,,,,
142,5/22/06,7.9,,,,,
143,5/23/06,8,,,,,
144,5/24/06,8.4,,,,,
145,5/25/06,8.4,,,,,
146,5/26/06,8.2,,,,,
147,5/27/06,9.8,,,,,
148,5/28/06,10.7,,,,,
149,5/29/06,10.8,,,,,
150,5/30/06,11,,,,,
151,5/31/06,10.9,,,,,
152,6/1/06,11.4,,,,,
153,6/2/06,11.6,,,,,
154,6/3/06,11.4,,,,,
155,6/4/06,10.5,,,,,
156,6/5/06,10.5,,,,,
157,6/6/06,10.8,,,,,
158,6/7/06,10.5,,,,,
159,6/8/06,10.1,,,,,
160,6/9/06,10.1,,,,,
161,6/10/06,10.5,,,,,
162,6/11/06,11.1,,,,,
163,6/12/06,11.5,,,,,
164,6/13/06,11.9,,,,,
165,6/14/06,12.5,,,,,
166,6/15/06,12.2,,,,,
167,6/16/06,11.9,,,,,
168,6/17/06,12,,,,,
169,6/18/06,12.4,,,,,
170,6/19/06,13.4,,,,,
171,6/20/06,13.2,,,,,
172,6/21/06,13.1,,,,,
173,6/22/06,13.2,,,,,
174,6/23/06,13.4,,,,,
175,6/24/06,13.8,,,,,
176,6/25/06,14,,,,,
177,6/26/06,14.6,,,,,
178,6/27/06,14.6,,,,,
179,6/28/06,14.5,,,,,
180,6/29/06,14.3,,,,,
181,6/30/06,14.1,,,,,
182,7/1/06,14.2,,,,,
183,7/2/06,14.5,,,,,
184,7/3/06,14.5,,,,,
185,7/4/06,14.7,,,,,
186,7/5/06,14.8,,,,,
187,7/6/06,15.3,,,,,
188,7/7/06,15.4,,,,,
189,7/8/06,15.8,,,,,
190,7/9/06,16.3,,,,,
191,7/10/06,16.3,,,,,
192,7/11/06,16.3,,,,,
193,7/12/06,16.4,,,,,
194,7/13/06,16,,,,,
195,7/14/06,16,,,,,
196,7/15/06,16.3,,,,,
197,7/16/06,16.9,,,,,
198,7/17/06,17.2,,,,,
199,7/18/06,17.3,,,,,
200,7/19/06,17.3,,,,,
201,7/20/06,16.9,,,,,
202,7/21/06,17,,,,,
203,7/22/06,17.1,,,,,
204,7/23/06,16.9,,,,,
205,7/24/06,16.9,,,,,
206,7/25/06,17.1,,,,,
207,7/26/06,17.3,,,,,
208,7/27/06,17.6,,,,,
209,7/28/06,17.9,,,,,
210,7/29/06,17.9,,,,,
211,7/30/06,18,,,,,
212,7/31/06,18.2,,,,,
213,8/1/06,18.4,,,,,
214,8/2/06,18.7,,,,,
215,8/3/06,18.6,,,,,
216,8/4/06,18.2,,,,,
217,8/5/06,17.9,,,,,
218,8/6/06,18.5,,,,,
219,8/7/06,18.6,,,,,
220,8/8/06,18.5,,,,,
221,8/9/06,18.6,,,,,
222,8/10/06,18.4,,,,,
223,8/11/06,18,,,,,
224,8/12/06,17.8,,,,,
225,8/13/06,17.4,,,,,
226,8/14/06,17.3,,,,,
227,8/15/06,17.3,,,,,
228,8/16/06,17.5,,,,,
229,8/17/06,17.6,,,,,
230,8/18/06,17.8,,,,,
231,8/19/06,17.9,,,,,
232,8/20/06,17.6,,,,,
233,8/21/06,17,,,,,
234,8/22/06,17.3,,,,,
235,8/23/06,17.5,,,,,
236,8/24/06,17.2,,,,,
237,8/25/06,17.1,,,,,
238,8/26/06,16.9,,,,,
239,8/27/06,16.5,,,,,
240,8/28/06,16.3,,,,,
241,8/29/06,16.2,,,,,
242,8/30/06,16.2,,,,,
243,8/31/06,16.4,,,,,
244,9/1/06,16.5,,,,,
245,9/2/06,16.5,,,,,
246,9/3/06,16,,,,,
247,9/4/06,16.4,,,,,
248,9/5/06,16.5,,,,,
249,9/6/06,16.4,,,,,
250,9/7/06,16.4,,,,,
251,9/8/06,16.1,,,,,
252,9/9/06,16.2,,,,,
253,9/10/06,16.3,,,,,
254,9/11/06,16.1,,,,,
255,9/12/06,16,,,,,
256,9/13/06,15.9,,,,,
257,9/14/06,15.9,,,,,
258,9/15/06,16.2,,,,,
259,9/16/06,16.3,,,,,
260,9/17/06,16.3,,,,,
261,9/18/06,16.2,,,,,
262,9/19/06,16.3,,,,,
263,9/20/06,16.4,,,,,
264,9/21/06,16.2,,,,,
265,9/22/06,15.9,,,,,
266,9/23/06,15.8,,,,,
267,9/24/06,15.4,,,,,
268,9/25/06,15.3,,,,,
269,9/26/06,15.5,,,,,
270,9/27/06,15.6,,,,,
271,9/28/06,15.6,,,,,
272,9/29/06,14.9,,,,,
273,9/30/06,15.2,,,,,
274,10/1/06,14.8,,,,,
275,10/2/06,14.6,,,,,
276,10/3/06,14.6,,,,,
277,10/4/06,14.7,,,,,
278,10/5/06,14.6,,,,,
279,10/6/06,14.3,,,,,
280,10/7/06,14,,,,,
281,10/8/06,14.1,,,,,
282,10/9/06,14.2,,,,,
283,10/10/06,14.1,,,,,
284,10/11/06,14,,,,,
285,10/12/06,14,,,,,
286,10/13/06,13.9,,,,,
287,10/14/06,13.6,,,,,
288,10/15/06,13.3,,,,,
289,10/16/06,13.2,,,,,
290,10/17/06,13,,,,,
291,10/18/06,13,,,,,
292,10/19/06,13.2,,,,,
293,10/20/06,12.5,,,,,
294,10/21/06,12.3,,,,,
295,10/22/06,12,,,,,
296,10/23/06,11.9,,,,,
297,10/24/06,11.5,,,,,
298,10/25/06,11.4,,,,,
299,10/26/06,11.4,,,,,
300,10/27/06,11.4,,,,,
301,10/28/06,11,,,,,
302,10/29/06,10.7,,,,,
303,10/30/06,10.6,,,,,
304,10/31/06,10.4,,,,,
305,11/1/06,10.4,,,,,
306,11/2/06,10.2,,,,,
307,11/3/06,10,,,,,
308,11/4/06,9.8,,,,,
309,11/5/06,9.7,,,,,
310,11/6/06,9.8,,,,,
311,11/7/06,9.7,,,,,
312,11/8/06,9.9,,,,,
313,11/9/06,10,,,,,
314,11/10/06,10,,,,,
315,11/11/06,10.1,,,,,
316,11/12/06,10.2,,,,,
317,11/13/06,10.4,,,,,
318,11/14/06,10.1,,,,,
319,11/15/06,10.2,,,,,
320,11/16/06,10.8,,,,,
321,11/17/06,10.8,,,,,
322,11/18/06,10.7,,,,,
323,11/19/06,10.6,,,,,
324,11/20/06,10.4,,,,,
325,11/21/06,10.2,,,,,
326,11/22/06,10,,,,,
327,11/23/06,10.1,,,,,
328,11/24/06,10.2,,,,,
329,11/25/06,10.3,,,,,
330,11/26/06,10.1,,,,,
331,11/27/06,10.1,,,,,
332,11/28/06,9.9,,,,,
333,11/29/06,9.6,,,,,
334,11/30/06,9.5,,,,,
335,12/1/06,9.7,,,,,
336,12/2/06,9.8,,,,,
337,12/3/06,9.7,,,,,
338,12/4/06,9.6,,,,,
339,12/5/06,9.5,,,,,
340,12/6/06,9.5,,,,,
341,12/7/06,9.5,,,,,
342,12/8/06,9.4,,,,,
343,12/9/06,9.3,,,,,
344,12/10/06,9.4,,,,,
345,12/11/06,9.4,,,,,
346,12/12/06,9.3,,,,,
347,12/13/06,9.2,,,,,
348,12/14/06,9.2,,,,,
349,12/15/06,9,,,,,
350,12/16/06,9,,,,,
351,12/17/06,8.7,,,,,
352,12/18/06,8.7,,,,,
353,12/19/06,8.9,,,,,
354,12/20/06,8.9,,,,,
355,12/21/06,8.9,,,,,
356,12/22/06,8.9,,,,,
357,12/23/06,9,,,,,
358,12/24/06,9.1,,,,,
359,12/25/06,9.1,,,,,
360,12/26/06,9.1,,,,,
361,12/27/06,8.9,,,,,
362,12/28/06,8.9,,,,,
363,12/29/06,8.9,,,,,
364,12/30/06,8.7,,,,,
365,12/31/06,8.8,,,,,
1,1/1/07,8.5,,,,,
2,1/2/07,8.6,,,,,
3,1/3/07,8.5,,,,,
4,1/4/07,8.4,,,,,
5,1/5/07,8.4,,,,,
6,1/6/07,8.7,,,,,
7,1/7/07,8.7,,,,,
8,1/8/07,8.6,,,,,
9,1/9/07,8.4,,,,,
10,1/10/07,8.3,,,,,
11,1/11/07,8.1,,,,,
12,1/12/07,8,,,,,
13,1/13/07,8.1,,,,,
14,1/14/07,8,,,,,
15,1/15/07,7.8,,,,,
16,1/16/07,7.8,,,,,
17,1/17/07,7.9,,,,,
18,1/18/07,7.8,,,,,
19,1/19/07,7.6,,,,,
20,1/20/07,7.9,,,,,
21,1/21/07,8,,,,,
22,1/22/07,7.9,,,,,
23,1/23/07,7.9,,,,,
24,1/24/07,8,,,,,
25,1/25/07,7.8,,,,,
26,1/26/07,7.5,,,,,
27,1/27/07,7.2,,,,,
28,1/28/07,7.1,,,,,
29,1/29/07,7.1,,,,,
30,1/30/07,7,,,,,
31,1/31/07,6.7,,,,,
32,2/1/07,6.6,,,,,
33,2/2/07,6.6,,,,,
34,2/3/07,6.7,,,,,
35,2/4/07,6.7,,,,,
36,2/5/07,6.4,,,,,
37,2/6/07,6.3,,,,,
38,2/7/07,6.2,,,,,
39,2/8/07,6.2,,,,,
40,2/9/07,6.1,,,,,
41,2/10/07,6.2,,,,,
42,2/11/07,6.2,,,,,
43,2/12/07,6,,,,,
44,2/13/07,6,,,,,
45,2/14/07,6,,,,,
46,2/15/07,5.6,,,,,
47,2/16/07,5.7,,,,,
48,2/17/07,5.8,,,,,
49,2/18/07,5.7,,,,,
50,2/19/07,5.5,,,,,
51,2/20/07,5.4,,,,,
52,2/21/07,5.5,,,,,
53,2/22/07,5.7,,,,,
54,2/23/07,5.6,,,,,
55,2/24/07,5.2,,,,,
56,2/25/07,5.3,,,,,
57,2/26/07,5.3,,,,,
58,2/27/07,5.3,,,,,
59,2/28/07,5.2,,,,,
60,3/1/07,5.3,,,,,
61,3/2/07,5.4,,,,,
62,3/3/07,5.6,,,,,
63,3/4/07,5.4,,,,,
64,3/5/07,5.1,,,,,
65,3/6/07,4.7,,,,,
66,3/7/07,4.6,,,,,
67,3/8/07,4.5,,,,,
68,3/9/07,4.1,,,,,
69,3/10/07,4,,,,,
70,3/11/07,4.6,,,,,
71,3/12/07,4.8,,,,,
72,3/13/07,4.8,,,,,
73,3/14/07,4.8,,,,,
74,3/15/07,4.9,,,,,
75,3/16/07,4.8,,,,,
76,3/17/07,4.8,,,,,
77,3/18/07,4.6,,,,,
78,3/19/07,4.6,,,,,
79,3/20/07,4.7,,,,,
80,3/21/07,4.6,,,,,
81,3/22/07,4.4,,,,,
82,3/23/07,4.8,,,,,
83,3/24/07,4.9,,,,,
84,3/25/07,4.7,,,,,
85,3/26/07,4.4,,,,,
86,3/27/07,4.8,,,,,
87,3/28/07,4.8,,,,,
88,3/29/07,4.5,,,,,
89,3/30/07,4.4,,,,,
90,3/31/07,4.4,,,,,
91,4/1/07,4.4,,,,,
92,4/2/07,4.4,,,,,
93,4/3/07,4.5,,,,,
94,4/4/07,4.5,,,,,
95,4/5/07,4.6,,,,,
96,4/6/07,4.7,,,,,
97,4/7/07,4.6,,,,,
98,4/8/07,4.7,,,,,
99,4/9/07,4.7,,,,,
100,4/10/07,5,,,,,
101,4/11/07,5.3,,,,,
102,4/12/07,5.3,,,,,
103,4/13/07,5.1,,,,,
104,4/14/07,4.8,,,,,
105,4/15/07,4.8,,,,,
106,4/16/07,4.6,,,,,
107,4/17/07,4.5,,,,,
108,4/18/07,4.5,,,,,
109,4/19/07,4.9,,,,,
110,4/20/07,5.2,,,,,
111,4/21/07,5.4,,,,,
112,4/22/07,5.6,,,,,
113,4/23/07,5.7,,,,,
114,4/24/07,5.5,,,,,
115,4/25/07,5.5,,,,,
116,4/26/07,5.6,,,,,
117,4/27/07,5.6,,,,,
118,4/28/07,5.3,,,,,
119,4/29/07,5.3,,,,,
120,4/30/07,5.6,,,,,
121,5/1/07,5.9,,,,,
122,5/2/07,6.4,,,,,
123,5/3/07,6.4,,,,,
124,5/4/07,6.5,,,,,
125,5/5/07,6.9,,,,,
126,5/6/07,6.6,,,,,
127,5/7/07,6.6,,,,,
128,5/8/07,6.9,,,,,
129,5/9/07,7.4,,,,,
130,5/10/07,7.7,,,,,
131,5/11/07,7.9,,,,,
132,5/12/07,8,,,,,
133,5/13/07,8.1,,,,,
134,5/14/07,8,,,,,
135,5/15/07,7.9,,,,,
136,5/16/07,7.8,,,,,
137,5/17/07,7.6,,,,,
138,5/18/07,7.5,,,,,
139,5/19/07,7.2,,,,,
140,5/20/07,7.2,,,,,
141,5/21/07,7.5,,,,,
142,5/22/07,8,,,,,
143,5/23/07,7.9,,,,,
144,5/24/07,7.7,,,,,
145,5/25/07,8.4,,,,,
146,5/26/07,9.3,,,,,
147,5/27/07,9.6,,,,,
148,5/28/07,9.8,,,,,
149,5/29/07,10.1,,,,,
150,5/30/07,10.3,,,,,
151,5/31/07,10.5,,,,,
152,6/1/07,10.8,,,,,
153,6/2/07,11.1,,,,,
154,6/3/07,10.8,,,,,
155,6/4/07,10.1,,,,,
156,6/5/07,10,,,,,
157,6/6/07,9.1,,,,,
158,6/7/07,9.1,,,,,
159,6/8/07,9.7,,,,,
160,6/9/07,10.6,,,,,
161,6/10/07,10.9,,,,,
162,6/11/07,11.2,,,,,
163,6/12/07,10.9,,,,,
164,6/13/07,10.4,,,,,
165,6/14/07,9.7,,,,,
166,6/15/07,9.7,,,,,
167,6/16/07,10.3,,,,,
168,6/17/07,10.8,,,,,
169,6/18/07,11.8,,,,,
170,6/19/07,12.4,,,,,
171,6/20/07,12.5,,,,,
172,6/21/07,12.1,,,,,
173,6/22/07,12,,,,,
174,6/23/07,11.8,,,,,
175,6/24/07,12.1,,,,,
176,6/25/07,12.5,,,,,
177,6/26/07,13,,,,,
178,6/27/07,13.3,,,,,
179,6/28/07,13.5,,,,,
180,6/29/07,13.6,,,,,
181,6/30/07,13.6,,,,,
182,7/1/07,13.7,,,,,
183,7/2/07,14,,,,,
184,7/3/07,14.3,,,,,
185,7/4/07,14.2,,,,,
186,7/5/07,14.1,,,,,
187,7/6/07,14.3,,,,,
188,7/7/07,14.4,,,,,
189,7/8/07,14.5,,,,,
190,7/9/07,14.5,,,,,
191,7/10/07,14.6,,,,,
192,7/11/07,15,,,,,
193,7/12/07,15.5,,,,,
194,7/13/07,15.5,,,,,
195,7/14/07,15.5,,,,,
196,7/15/07,15.6,,,,,
197,7/16/07,16.5,,,,,
198,7/17/07,16.5,,,,,
199,7/18/07,16.4,,,,,
200,7/19/07,16.1,,,,,
201,7/20/07,15.8,,,,,
202,7/21/07,15.3,,,,,
203,7/22/07,15.2,,,,,
204,7/23/07,16,,,,,
205,7/24/07,16.5,,,,,
206,7/25/07,16.6,,,,,
207,7/26/07,17.2,,,,,
208,7/27/07,17.5,,,,,
209,7/28/07,17.6,,,,,
210,7/29/07,18,,,,,
211,7/30/07,18.5,,,,,
212,7/31/07,18.8,,,,,
213,8/1/07,18.6,,,,,
214,8/2/07,18.7,,,,,
215,8/3/07,18.8,,,,,
216,8/4/07,18.2,,,,,
217,8/5/07,17.9,,,,,
218,8/6/07,17.7,,,,,
219,8/7/07,17.4,,,,,
220,8/8/07,17,,,,,
221,8/9/07,16.8,,,,,
222,8/10/07,17.1,,,,,
223,8/11/07,17.2,,,,,
224,8/12/07,17.1,,,,,
225,8/13/07,17,,,,,
226,8/14/07,16.9,,,,,
227,8/15/07,16.8,,,,,
228,8/16/07,16.7,,,,,
229,8/17/07,16.5,,,,,
230,8/18/07,15.8,,,,,
231,8/19/07,15.5,,,,,
232,8/20/07,15.6,,,,,
233,8/21/07,15.8,,,,,
234,8/22/07,16,,,,,
235,8/23/07,16,,,,,
236,8/24/07,16.5,,,,,
237,8/25/07,16.8,,,,,
238,8/26/07,17,,,,,
239,8/27/07,17.4,,,,,
240,8/28/07,18,,,,,
241,8/29/07,18,,,,,
242,8/30/07,17.9,,,,,
243,8/31/07,17.4,,,,,
244,9/1/07,16.9,,,,,
245,9/2/07,16.9,,,,,
246,9/3/07,16.7,,,,,
247,9/4/07,16.6,,,,,
248,9/5/07,16.3,,,,,
249,9/6/07,16.2,,,,,
250,9/7/07,16.7,,,,,
251,9/8/07,17.1,,,,,
252,9/9/07,16.9,,,,,
253,9/10/07,16.5,,,,,
254,9/11/07,15.7,,,,,
255,9/12/07,15.7,,,,,
256,9/13/07,16,,,,,
257,9/14/07,16.1,,,,,
258,9/15/07,15.7,,,,,
259,9/16/07,15.1,,,,,
260,9/17/07,15.2,,,,,
261,9/18/07,15.3,,,,,
262,9/19/07,15.4,,,,,
263,9/20/07,15.8,,,,,
264,9/21/07,15.9,,,,,
265,9/22/07,16.3,,,,,
266,9/23/07,16.4,,,,,
267,9/24/07,16.2,,,,,
268,9/25/07,16.2,,,,,
269,9/26/07,16.5,,,,,
270,9/27/07,16.6,,,,,
271,9/28/07,15.7,,,,,
272,9/29/07,15.7,,,,,
273,9/30/07,15.3,,,,,
274,10/1/07,15,,,,,
275,10/2/07,15.1,,,,,
276,10/3/07,15.5,,,,,
277,10/4/07,16,,,,,
278,10/5/07,16.5,,,,,
279,10/6/07,16.1,,,,,
280,10/7/07,15.2,,,,,
281,10/8/07,14.7,,,,,
282,10/9/07,14.4,,,,,
283,10/10/07,14.2,,,,,
284,10/11/07,14.1,,,,,
285,10/12/07,13.7,,,,,
286,10/13/07,13.6,,,,,
287,10/14/07,13.5,,,,,
288,10/15/07,13.1,,,,,
289,10/16/07,12.9,,,,,
290,10/17/07,12.9,,,,,
291,10/18/07,12.7,,,,,
292,10/19/07,12.7,,,,,
293,10/20/07,13,,,,,
294,10/21/07,13,,,,,
295,10/22/07,13.1,,,,,
296,10/23/07,13.1,,,,,
297,10/24/07,12.7,,,,,
298,10/25/07,12.3,,,,,
299,10/26/07,12.4,,,,,
300,10/27/07,12.4,,,,,
301,10/28/07,12.3,,,,,
302,10/29/07,11.7,,,,,
303,10/30/07,11.3,,,,,
304,10/31/07,11.4,,,,,
305,11/1/07,11.4,,,,,
306,11/2/07,11.2,,,,,
307,11/3/07,10.7,,,,,
308,11/4/07,10.1,,,,,
309,11/5/07,10.1,,,,,
310,11/6/07,10.1,,,,,
311,11/7/07,10,,,,,
312,11/8/07,9.8,,,,,
313,11/9/07,9.7,,,,,
314,11/10/07,9.4,,,,,
315,11/11/07,9.2,,,,,
316,11/12/07,9.1,,,,,
317,11/13/07,9.1,,,,,
318,11/14/07,9.3,,,,,
319,11/15/07,9.7,,,,,
320,11/16/07,9.6,,,,,
321,11/17/07,9.1,,,,,
322,11/18/07,8.9,,,,,
323,11/19/07,8.9,,,,,
324,11/20/07,8.7,,,,,
325,11/21/07,9.4,,,,,
326,11/22/07,9.6,,,,,
327,11/23/07,9.5,,,,,
328,11/24/07,8.9,,,,,
329,11/25/07,8.8,,,,,
330,11/26/07,8.4,,,,,
331,11/27/07,8.9,,,,,
332,11/28/07,9.1,,,,,
333,11/29/07,8.4,,,,,
334,11/30/07,8.4,,,,,
335,12/1/07,8.2,,,,,
336,12/2/07,8.2,,,,,
337,12/3/07,8.2,,,,,
338,12/4/07,7.9,,,,,
339,12/5/07,7.7,,,,,
340,12/6/07,7.4,,,,,
341,12/7/07,7.2,,,,,
342,12/8/07,7.2,,,,,
343,12/9/07,7.2,,,,,
344,12/10/07,7.1,,,,,
345,12/11/07,7,,,,,
346,12/12/07,7.2,,,,,
347,12/13/07,7.1,,,,,
348,12/14/07,7.1,,,,,
349,12/15/07,7.1,,,,,
350,12/16/07,7.1,,,,,
351,12/17/07,6.9,,,,,
352,12/18/07,6.8,,,,,
353,12/19/07,6.6,,,,,
354,12/20/07,6.4,,,,,
355,12/21/07,6.7,,,,,
356,12/22/07,6.7,,,,,
357,12/23/07,6.9,,,,,
358,12/24/07,7.2,,,,,
359,12/25/07,7,,,,,
360,12/26/07,6.9,,,,,
361,12/27/07,6.9,,,,,
362,12/28/07,7,,,,,
363,12/29/07,6.8,,,,,
364,12/30/07,6.7,,,,,
365,12/31/07,6.5,,,,,
1,1/1/08,6.2,,,,,
2,1/2/08,6.1,,,,,
3,1/3/08,5.8,,,,,
4,1/4/08,5.3,,,,,
5,1/5/08,5.2,,,,,
6,1/6/08,5.4,,,,,
7,1/7/08,5.7,,,,,
8,1/8/08,5.8,,,,,
9,1/9/08,5.9,,,,,
10,1/10/08,5.9,,,,,
11,1/11/08,5.9,,,,,
12,1/12/08,5.8,,,,,
13,1/13/08,5.8,,,,,
14,1/14/08,5.8,,,,,
15,1/15/08,5.6,,,,,
16,1/16/08,5.4,,,,,
17,1/17/08,5.4,,,,,
18,1/18/08,5.7,,,,,
19,1/19/08,5.6,,,,,
20,1/20/08,5.5,,,,,
21,1/21/08,5.2,,,,,
22,1/22/08,5.3,,,,,
23,1/23/08,5.4,,,,,
24,1/24/08,5,,,,,
25,1/25/08,4.6,,,,,
26,1/26/08,4.3,,,,,
27,1/27/08,4.3,,,,,
28,1/28/08,4.4,,,,,
29,1/29/08,4.3,,,,,
30,1/30/08,4.7,,,,,
31,1/31/08,4.7,,,,,
32,2/1/08,4.5,,,,,
33,2/2/08,4.5,,,,,
34,2/3/08,4.3,,,,,
35,2/4/08,4.3,,,,,
36,2/5/08,4.3,,,,,
37,2/6/08,4.4,,,,,
38,2/7/08,4.5,,,,,
39,2/8/08,4.4,,,,,
40,2/9/08,4.8,,,,,
41,2/10/08,4.7,,,,,
42,2/11/08,4.5,,,,,
43,2/12/08,4.4,,,,,
44,2/13/08,4.5,,,,,
45,2/14/08,4.6,,,,,
46,2/15/08,4.4,,,,,
47,2/16/08,4.4,,,,,
48,2/17/08,4.3,,,,,
49,2/18/08,4.9,,,,,
50,2/19/08,5,,,,,
51,2/20/08,4.5,,,,,
52,2/21/08,4.3,,,,,
53,2/22/08,4.3,,,,,
54,2/23/08,4.3,,,,,
55,2/24/08,4.3,,,,,
56,2/25/08,4.3,,,,,
57,2/26/08,4.3,,,,,
58,2/27/08,4.2,,,,,
59,2/28/08,4,,,,,
60,2/29/08,3.7,,,,,
61,3/1/08,3.7,,,,,
62,3/2/08,3.8,,,,,
63,3/3/08,3.8,,,,,
64,3/4/08,3.6,,,,,
65,3/5/08,3.9,,,,,
66,3/6/08,4,,,,,
67,3/7/08,4,,,,,
68,3/8/08,4.1,,,,,
69,3/9/08,4.1,,,,,
70,3/10/08,4.1,,,,,
71,3/11/08,4.2,,,,,
72,3/12/08,4,,,,,
73,3/13/08,4,,,,,
74,3/14/08,4,,,,,
75,3/15/08,3.9,,,,,
76,3/16/08,4.3,,,,,
77,3/17/08,4.6,,,,,
78,3/18/08,4.7,,,,,
79,3/19/08,4.6,,,,,
80,3/20/08,4.2,,,,,
81,3/21/08,4.3,,,,,
82,3/22/08,4.4,,,,,
83,3/23/08,4.4,,,,,
84,3/24/08,4.3,,,,,
85,3/25/08,4.5,,,,,
86,3/26/08,4.5,,,,,
87,3/27/08,4.7,,,,,
88,3/28/08,4.7,,,,,
89,3/29/08,4.4,,,,,
90,3/30/08,4.4,,,,,
91,3/31/08,4.4,,,,,
92,4/1/08,4.6,,,,,
93,4/2/08,4.6,,,,,
94,4/3/08,4.4,,,,,
95,4/4/08,4.3,,,,,
96,4/5/08,4.3,,,,,
97,4/6/08,4.5,,,,,
98,4/7/08,4.7,,,,,
99,4/8/08,4.7,,,,,
100,4/9/08,4.7,,,,,
101,4/10/08,4.8,,,,,
102,4/11/08,4.8,,,,,
103,4/12/08,4.9,,,,,
104,4/13/08,5,,,,,
105,4/14/08,5,,,,,
106,4/15/08,5.3,,,,,
107,4/16/08,6,,,,,
108,4/17/08,6.5,,,,,
109,4/18/08,6.8,,,,,
110,4/19/08,6.8,,,,,
111,4/20/08,6.5,,,,,
112,4/21/08,6.3,,,,,
113,4/22/08,6.9,,,,,
114,4/23/08,7.6,,,,,
115,4/24/08,7.7,,,,,
116,4/25/08,7.7,,,,,
117,4/26/08,7.6,,,,,
118,4/27/08,7.4,,,,,
119,4/28/08,7.1,,,,,
120,4/29/08,6.5,,,,,
121,4/30/08,6.4,,,,,
122,5/1/08,6.5,,,,,
123,5/2/08,6.6,,,,,
124,5/3/08,6.6,,,,,
125,5/4/08,6.7,,,,,
126,5/5/08,7.7,,,,,
127,5/6/08,7.9,,,,,
128,5/7/08,7.8,,,,,
129,5/8/08,7.9,,,,,
130,5/9/08,7.9,,,,,
131,5/10/08,7.3,,,,,
132,5/11/08,7.1,,,,,
133,5/12/08,6.8,,,,,
134,5/13/08,7.2,,,,,
135,5/14/08,7.5,,,,,
136,5/15/08,7.7,,,,,
137,5/16/08,8.1,,,,,
138,5/17/08,8.3,,,,,
139,5/18/08,8.3,,,,,
140,5/19/08,8.3,,,,,
141,5/20/08,7.9,,,,,
142,5/21/08,8.2,,,,,
143,5/22/08,8.2,,,,,
144,5/23/08,8.5,,,,,
145,5/24/08,8.6,,,,,
146,5/25/08,9.8,,,,,
147,5/26/08,10,,,,,
148,5/27/08,9.2,,,,,
149,5/28/08,9.1,,,,,
150,5/29/08,9.1,,,,,
151,5/30/08,9.3,,,,,
152,5/31/08,9.5,,,,,
153,6/1/08,9.9,,,,,
154,6/2/08,10,,,,,
155,6/3/08,10.5,,,,,
156,6/4/08,10.7,,,,,
157,6/5/08,10.4,,,,,
158,6/6/08,10.2,,,,,
159,6/7/08,11.2,,,,,
160,6/8/08,12.6,,,,,
161,6/9/08,14.3,,,,,
162,6/10/08,13.9,,,,,
163,6/11/08,12.6,,,,,
164,6/12/08,12.5,,,,,
165,6/13/08,13,,,,,
166,6/14/08,13.2,,,,,
167,6/15/08,13.1,,,,,
168,6/16/08,12.8,,,,,
169,6/17/08,13.7,,,,,
170,6/18/08,13.7,,,,,
171,6/19/08,13.5,,,,,
172,6/20/08,13.7,,,,,
173,6/21/08,14.1,,,,,
174,6/22/08,14.6,,,,,
175,6/23/08,14.8,,,,,
176,6/24/08,14.6,,,,,
177,6/25/08,14.7,,,,,
178,6/26/08,15.1,,,,,
179,6/27/08,15,,,,,
180,6/28/08,15.1,,,,,
181,6/29/08,15.1,,,,,
182,6/30/08,15.3,,,,,
183,7/1/08,15.4,,,,,
184,7/2/08,15.5,,,,,
185,7/3/08,15.5,,,,,
186,7/4/08,15.5,,,,,
187,7/5/08,15.3,,,,,
188,7/6/08,15.7,,,,,
189,7/7/08,16.2,,,,,
190,7/8/08,16.4,,,,,
191,7/9/08,16.4,,,,,
192,7/10/08,16.3,,,,,
193,7/11/08,16.4,,,,,
194,7/12/08,16.4,,,,,
195,7/13/08,16.6,,,,,
196,7/14/08,16.9,,,,,
197,7/15/08,17.5,,,,,
198,7/16/08,18,,,,,
199,7/17/08,18.1,,,,,
200,7/18/08,18.3,,,,,
201,7/19/08,18.5,,,,,
202,7/20/08,18.6,,,,,
203,7/21/08,18.3,,,,,
204,7/22/08,17.4,,,,,
205,7/23/08,17.3,,,,,
206,7/24/08,17.7,,,,,
207,7/25/08,18.1,,,,,
208,7/26/08,18.2,,,,,
209,7/27/08,18.3,,,,,
210,7/28/08,18.5,,,,,
211,7/29/08,18.9,,,,,
212,7/30/08,19.4,,,,,
213,7/31/08,19.6,,,,,
214,8/1/08,19.4,,,,,
215,8/2/08,19.4,,,,,
216,8/3/08,19.4,,,,,
217,8/4/08,18.7,,,,,
218,8/5/08,18.1,,,,,
219,8/6/08,18.1,,,,,
220,8/7/08,17.8,,,,,
221,8/8/08,18,,,,,
222,8/9/08,18.3,,,,,
223,8/10/08,18.5,,,,,
224,8/11/08,18.4,,,,,
225,8/12/08,18.1,,,,,
226,8/13/08,18.2,,,,,
227,8/14/08,18.3,,,,,
228,8/15/08,18.6,,,,,
229,8/16/08,19.1,,,,,
230,8/17/08,19.2,,,,,
231,8/18/08,19.4,,,,,
232,8/19/08,19.2,,,,,
233,8/20/08,18.1,,,,,
234,8/21/08,18.2,,,,,
235,8/22/08,18.4,,,,,
236,8/23/08,18.5,,,,,
237,8/24/08,18.4,,,,,
238,8/25/08,17.8,,,,,
239,8/26/08,17.4,,,,,
240,8/27/08,17.4,,,,,
241,8/28/08,17.3,,,,,
242,8/29/08,17.1,,,,,
243,8/30/08,17,,,,,
244,8/31/08,16.9,,,,,
245,9/1/08,16.7,,,,,
246,9/2/08,16.5,,,,,
247,9/3/08,16.3,,,,,
248,9/4/08,16.6,,,,,
249,9/5/08,17,,,,,
250,9/6/08,16.8,,,,,
251,9/7/08,16.5,,,,,
252,9/8/08,16.5,,,,,
253,9/9/08,16.5,,,,,
254,9/10/08,15.9,,,,,
255,9/11/08,16.1,,,,,
256,9/12/08,16,,,,,
257,9/13/08,16,,,,,
258,9/14/08,16.3,,,,,
259,9/15/08,16.2,,,,,
260,9/16/08,16,,,,,
261,9/17/08,15.8,,,,,
262,9/18/08,15.2,,,,,
263,9/19/08,15.1,,,,,
264,9/20/08,15.2,,,,,
265,9/21/08,15.5,,,,,
266,9/22/08,15.1,,,,,
267,9/23/08,15.1,,,,,
268,9/24/08,15.4,,,,,
269,9/25/08,15.5,,,,,
270,9/26/08,15.3,,,,,
271,9/27/08,14.8,,,,,
272,9/28/08,14.7,,,,,
273,9/29/08,14.8,,,,,
274,9/30/08,14.8,,,,,
275,10/1/08,15.1,,,,,
276,10/2/08,15.1,,,,,
277,10/3/08,14.8,,,,,
278,10/4/08,14.4,,,,,
279,10/5/08,14.3,,,,,
280,10/6/08,13.9,,,,,
281,10/7/08,13.9,,,,,
282,10/8/08,14,,,,,
283,10/9/08,14.1,,,,,
284,10/10/08,14.3,,,,,
285,10/11/08,14.2,,,,,
286,10/12/08,14.1,,,,,
287,10/13/08,14.1,,,,,
288,10/14/08,14.1,,,,,
289,10/15/08,14.1,,,,,
290,10/16/08,13.9,,,,,
291,10/17/08,13.7,,,,,
292,10/18/08,13.5,,,,,
293,10/19/08,13.3,,,,,
294,10/20/08,12.9,,,,,
295,10/21/08,12.7,,,,,
296,10/22/08,12.3,,,,,
297,10/23/08,11.9,,,,,
298,10/24/08,11.8,,,,,
299,10/25/08,11.8,,,,,
300,10/26/08,11.9,,,,,
301,10/27/08,12,,,,,
302,10/28/08,11.9,,,,,
303,10/29/08,10.9,,,,,
304,10/30/08,10.7,,,,,
305,10/31/08,10.6,,,,,
306,11/1/08,10.3,,,,,
307,11/2/08,10.3,,,,,
308,11/3/08,10.3,,,,,
309,11/4/08,10.5,,,,,
310,11/5/08,10.6,,,,,
311,11/6/08,11.1,,,,,
312,11/7/08,11.4,,,,,
313,11/8/08,11.7,,,,,
314,11/9/08,11.2,,,,,
315,11/10/08,10.8,,,,,
316,11/11/08,10.6,,,,,
317,11/12/08,10.5,,,,,
318,11/13/08,10.5,,,,,
319,11/14/08,10.5,,,,,
320,11/15/08,10.5,,,,,
321,11/16/08,10.6,,,,,
322,11/17/08,10.5,,,,,
323,11/18/08,10.4,,,,,
324,11/19/08,10.3,,,,,
325,11/20/08,10,,,,,
326,11/21/08,9.8,,,,,
327,11/22/08,9.5,,,,,
328,11/23/08,9.3,,,,,
329,11/24/08,9.1,,,,,
330,11/25/08,9.1,,,,,
331,11/26/08,8.9,,,,,
332,11/27/08,8.8,,,,,
333,11/28/08,8.9,,,,,
334,11/29/08,9.1,,,,,
335,11/30/08,9.1,,,,,
336,12/1/08,9.4,,,,,
337,12/2/08,9.3,,,,,
338,12/3/08,9,,,,,
339,12/4/08,8.9,,,,,
340,12/5/08,8.7,,,,,
341,12/6/08,8.3,,,,,
342,12/7/08,8.2,,,,,
343,12/8/08,7.8,,,,,
344,12/9/08,7.6,,,,,
345,12/10/08,7.6,,,,,
346,12/11/08,7.8,,,,,
347,12/12/08,7.8,,,,,
348,12/13/08,7.8,,,,,
349,12/14/08,7.6,,,,,
350,12/15/08,7.6,,,,,
351,12/16/08,7.6,,,,,
352,12/17/08,7.2,,,,,
353,12/18/08,7,,,,,
354,12/19/08,6.9,,,,,
355,12/20/08,7,,,,,
356,12/21/08,7,,,,,
357,12/22/08,6.8,,,,,
358,12/23/08,6.8,,,,,
359,12/24/08,6.9,,,,,
360,12/25/08,6.9,,,,,
361,12/26/08,6.8,,,,,
362,12/27/08,6.8,,,,,
363,12/28/08,7,,,,,
364,12/29/08,7,,,,,
365,12/30/08,6.8,,,,,
366,12/31/08,6.5,,,,,
1,1/1/09,6.4,,,,,
2,1/2/09,6.4,,,,,
3,1/3/09,6.3,,,,,
4,1/4/09,6.1,,,,,
5,1/5/09,6.1,,,,,
6,1/6/09,6.4,,,,,
7,1/7/09,6.4,,,,,
8,1/8/09,6.2,,,,,
9,1/9/09,6.1,,,,,
10,1/10/09,6.1,,,,,
11,1/11/09,6.1,,,,,
12,1/12/09,6.1,,,,,
13,1/13/09,6.1,,,,,
14,1/14/09,5.9,,,,,
15,1/15/09,5.4,,,,,
16,1/16/09,5.5,,,,,
17,1/17/09,5.5,,,,,
18,1/18/09,5.5,,,,,
19,1/19/09,5.4,,,,,
20,1/20/09,5.3,,,,,
21,1/21/09,5.2,,,,,
22,1/22/09,5,,,,,
23,1/23/09,5,,,,,
24,1/24/09,5.1,,,,,
25,1/25/09,5,,,,,
26,1/26/09,4.9,,,,,
27,1/27/09,4.6,,,,,
28,1/28/09,5.1,,,,,
29,1/29/09,5.2,,,,,
30,1/30/09,5.1,,,,,
31,1/31/09,4.9,,,,,
32,2/1/09,4.8,,,,,
33,2/2/09,4.9,,,,,
34,2/3/09,4.9,,,,,
35,2/4/09,4.7,,,,,
36,2/5/09,4.7,,,,,
37,2/6/09,4.2,,,,,
38,2/7/09,3.9,,,,,
39,2/8/09,4.3,,,,,
40,2/9/09,4.5,,,,,
41,2/10/09,4.5,,,,,
42,2/11/09,4.6,,,,,
43,2/12/09,4.7,,,,,
44,2/13/09,4.5,,,,,
45,2/14/09,4.4,,,,,
46,2/15/09,4.3,,,,,
47,2/16/09,4.2,,,,,
48,2/17/09,4.4,,,,,
49,2/18/09,4.6,,,,,
50,2/19/09,4.5,,,,,
51,2/20/09,4.4,,,,,
52,2/21/09,4.2,,,,,
53,2/22/09,4.2,,,,,
54,2/23/09,4.2,,,,,
55,2/24/09,4.2,,,,,
56,2/25/09,4.2,,,,,
57,2/26/09,4.1,,,,,
58,2/27/09,4.2,,,,,
59,2/28/09,4.3,,,,,
60,3/1/09,4.1,,,,,
61,3/2/09,4,,,,,
62,3/3/09,3.8,,,,,
63,3/4/09,4,,,,,
64,3/5/09,4.1,,,,,
65,3/6/09,4,,,,,
66,3/7/09,4.4,,,,,
67,3/8/09,4.5,,,,,
68,3/9/09,4.6,,,,,
69,3/10/09,4.5,,,,,
70,3/11/09,4.4,,,,,
71,3/12/09,4,,,,,
72,3/13/09,3.9,,,,,
73,3/14/09,3.9,,,,,
74,3/15/09,4,,,,,
75,3/16/09,3.8,,,,,
76,3/17/09,3.8,,,,,
77,3/18/09,4,,,,,
78,3/19/09,3.9,,,,,
79,3/20/09,3.6,,,,,
80,3/21/09,3.5,,,,,
81,3/22/09,3.4,,,,,
82,3/23/09,3.1,,,,,
83,3/24/09,3.4,,,,,
84,3/25/09,3.8,,,,,
85,3/26/09,3.8,,,,,
86,3/27/09,3.8,,,,,
87,3/28/09,3.9,,,,,
88,3/29/09,4,,,,,
89,3/30/09,4.1,,,,,
90,3/31/09,3.9,,,,,
91,4/1/09,3.7,,,,,
92,4/2/09,3.8,,,,,
93,4/3/09,4.4,,,,,
94,4/4/09,4.7,,,,,
95,4/5/09,4.6,,,,,
96,4/6/09,4.5,,,,,
97,4/7/09,4.6,,,,,
98,4/8/09,4.5,,,,,
99,4/9/09,4.6,,,,,
100,4/10/09,4.6,,,,,
101,4/11/09,4.5,,,,,
102,4/12/09,4.5,,,,,
103,4/13/09,4.7,,,,,
104,4/14/09,5.1,,,,,
105,4/15/09,5.2,,,,,
106,4/16/09,5.2,,,,,
107,4/17/09,5.2,,,,,
108,4/18/09,5.2,,,,,
109,4/19/09,5.2,,,,,
110,4/20/09,5.3,,,,,
111,4/21/09,5.3,,,,,
112,4/22/09,5.3,,,,,
113,4/23/09,5.4,,,,,
114,4/24/09,5.6,,,,,
115,4/25/09,6.4,,,,,
116,4/26/09,6.9,,,,,
117,4/27/09,6.9,,,,,
118,4/28/09,6.6,,,,,
119,4/29/09,6.4,,,,,
120,4/30/09,6.3,,,,,
121,5/1/09,6.3,,,,,
122,5/2/09,6.5,,,,,
123,5/3/09,6.8,,,,,
124,5/4/09,6.9,,,,,
125,5/5/09,7,,,,,
126,5/6/09,7,,,,,
127,5/7/09,7.2,,,,,
128,5/8/09,7.2,,,,,
129,5/9/09,7.1,,,,,
130,5/10/09,6.8,,,,,
131,5/11/09,7,,,,,
132,5/12/09,7.7,,,,,
133,5/13/09,8,,,,,
134,5/14/09,7.9,,,,,
135,5/15/09,8,,,,,
136,5/16/09,8.4,,,,,
137,5/17/09,8.5,,,,,
138,5/18/09,8.7,,,,,
139,5/19/09,8.7,,,,,
140,5/20/09,8.7,,,,,
141,5/21/09,9.2,,,,,
142,5/22/09,9.4,,,,,
143,5/23/09,9.7,,,,,
144,5/24/09,10.6,,,,,
145,5/25/09,10.1,,,,,
146,5/26/09,9,,,,,
147,5/27/09,8.9,,,,,
148,5/28/09,8.9,,,,,
149,5/29/09,9.9,,,,,
150,5/30/09,10.6,,,,,
151,5/31/09,10.1,,,,,
152,6/1/09,9.4,,,,,
153,6/2/09,9.6,,,,,
154,6/3/09,10.1,,,,,
155,6/4/09,10.2,,,,,
156,6/5/09,10.4,,,,,
157,6/6/09,10.9,,,,,
158,6/7/09,11.1,,,,,
159,6/8/09,11.2,,,,,
160,6/9/09,11.4,,,,,
161,6/10/09,11.4,,,,,
162,6/11/09,11.4,,,,,
163,6/12/09,12,,,,,
164,6/13/09,12.4,,,,,
165,6/14/09,12.2,,,,,
166,6/15/09,12,,,,,
167,6/16/09,12.5,,,,,
168,6/17/09,12.7,,,,,
169,6/18/09,12.8,,,,,
170,6/19/09,12.8,,,,,
171,6/20/09,13.1,,,,,
172,6/21/09,13,,,,,
173,6/22/09,12.7,,,,,
174,6/23/09,12.5,,,,,
175,6/24/09,12.7,,,,,
176,6/25/09,13,,,,,
177,6/26/09,12.9,,,,,
178,6/27/09,12.8,,,,,
179,6/28/09,12.8,,,,,
180,6/29/09,12.9,,,,,
181,6/30/09,13.2,,,,,
182,7/1/09,13.4,,,,,
183,7/2/09,13.4,,,,,
184,7/3/09,13.7,,,,,
185,7/4/09,13.7,,,,,
186,7/5/09,13.9,,,,,
187,7/6/09,14.6,,,,,
188,7/7/09,14.6,,,,,
189,7/8/09,13.9,,,,,
190,7/9/09,14,,,,,
191,7/10/09,14.7,,,,,
192,7/11/09,15,,,,,
193,7/12/09,15.1,,,,,
194,7/13/09,15.2,,,,,
195,7/14/09,15.2,,,,,
196,7/15/09,15.4,,,,,
197,7/16/09,15.8,,,,,
198,7/17/09,16.4,,,,,
199,7/18/09,16.7,,,,,
200,7/19/09,16.9,,,,,
201,7/20/09,17.4,,,,,
202,7/21/09,17.5,,,,,
203,7/22/09,17.1,,,,,
204,7/23/09,16.9,,,,,
205,7/24/09,15.4,,,,,
206,7/25/09,15.1,,,,,
207,7/26/09,15.5,,,,,
208,7/27/09,15.9,,,,,
209,7/28/09,16.1,,,,,
210,7/29/09,16.6,,,,,
211,7/30/09,17.1,,,,,
212,7/31/09,17.3,,,,,
213,8/1/09,17.3,,,,,
214,8/2/09,17.3,,,,,
215,8/3/09,17.6,,,,,
216,8/4/09,17.8,,,,,
217,8/5/09,18.1,,,,,
218,8/6/09,18.1,,,,,
219,8/7/09,17.9,,,,,
220,8/8/09,18,,,,,
221,8/9/09,18,,,,,
222,8/10/09,18,,,,,
223,8/11/09,18.3,,,,,
224,8/12/09,18.2,,,,,
225,8/13/09,18.3,,,,,
226,8/14/09,18.6,,,,,
227,8/15/09,19.2,,,,,
228,8/16/09,19.9,,,,,
229,8/17/09,20.1,,,,,
230,8/18/09,20.2,,,,,
231,8/19/09,20.4,,,,,
232,8/20/09,20.4,,,,,
233,8/21/09,20.3,,,,,
234,8/22/09,19.9,,,,,
235,8/23/09,19.8,,,,,
236,8/24/09,19.6,,,,,
237,8/25/09,19.4,,,,,
238,8/26/09,19,,,,,
239,8/27/09,18.6,,,,,
240,8/28/09,18.5,,,,,
241,8/29/09,18,,,,,
242,8/30/09,17.3,,,,,
243,8/31/09,17.2,,,,,
244,9/1/09,17.3,,,,,
245,9/2/09,17.4,,,,,
246,9/3/09,17.5,,,,,
247,9/4/09,18,,,,,
248,9/5/09,17.7,,,,,
249,9/6/09,17,,,,,
250,9/7/09,16.9,,,,,
251,9/8/09,17,,,,,
252,9/9/09,16.7,,,,,
253,9/10/09,16.7,,,,,
254,9/11/09,16.6,,,,,
255,9/12/09,16.5,,,,,
256,9/13/09,16.6,,,,,
257,9/14/09,16.5,,,,,
258,9/15/09,16.6,,,,,
259,9/16/09,16.4,,,,,
260,9/17/09,15.9,,,,,
261,9/18/09,15.8,,,,,
262,9/19/09,15.3,,,,,
263,9/20/09,15.3,,,,,
264,9/21/09,15.8,,,,,
265,9/22/09,16,,,,,
266,9/23/09,15.8,,,,,
267,9/24/09,15.6,,,,,
268,9/25/09,15.1,,,,,
269,9/26/09,14.8,,,,,
270,9/27/09,14.8,,,,,
271,9/28/09,15,,,,,
272,9/29/09,14.9,,,,,
273,9/30/09,14.8,,,,,
274,10/1/09,14.6,,,,,
275,10/2/09,14.4,,,,,
276,10/3/09,14.4,,,,,
277,10/4/09,14.6,,,,,
278,10/5/09,14.5,,,,,
279,10/6/09,14.5,,,,,
280,10/7/09,14.1,,,,,
281,10/8/09,13.6,,,,,
282,10/9/09,13.6,,,,,
283,10/10/09,13.4,,,,,
284,10/11/09,13.3,,,,,
285,10/12/09,13,,,,,
286,10/13/09,12.8,,,,,
287,10/14/09,12.2,,,,,
288,10/15/09,12.1,,,,,
289,10/16/09,11.9,,,,,
290,10/17/09,11.7,,,,,
291,10/18/09,11.5,,,,,
292,10/19/09,11.2,,,,,
293,10/20/09,11.2,,,,,
294,10/21/09,11.3,,,,,
295,10/22/09,11.3,,,,,
296,10/23/09,11.2,,,,,
297,10/24/09,11.2,,,,,
298,10/25/09,11.2,,,,,
299,10/26/09,11.1,,,,,
300,10/27/09,11.1,,,,,
301,10/28/09,10.8,,,,,
302,10/29/09,10.7,,,,,
303,10/30/09,10.8,,,,,
304,10/31/09,11.1,,,,,
305,11/1/09,11,,,,,
306,11/2/09,10.9,,,,,
307,11/3/09,10.8,,,,,
308,11/4/09,10.7,,,,,
309,11/5/09,10.6,,,,,
310,11/6/09,10.4,,,,,
311,11/7/09,10.3,,,,,
312,11/8/09,10.4,,,,,
313,11/9/09,10.7,,,,,
314,11/10/09,10.7,,,,,
315,11/11/09,10.3,,,,,
316,11/12/09,10.2,,,,,
317,11/13/09,10.2,,,,,
318,11/14/09,10.3,,,,,
319,11/15/09,10.7,,,,,
320,11/16/09,10.5,,,,,
321,11/17/09,10.2,,,,,
322,11/18/09,10.3,,,,,
323,11/19/09,10.6,,,,,
324,11/20/09,10.6,,,,,
325,11/21/09,10.4,,,,,
326,11/22/09,10.1,,,,,
327,11/23/09,10.1,,,,,
328,11/24/09,10.1,,,,,
329,11/25/09,10,,,,,
330,11/26/09,10,,,,,
331,11/27/09,10,,,,,
332,11/28/09,10.2,,,,,
333,11/29/09,10.3,,,,,
334,11/30/09,10.2,,,,,
335,12/1/09,9.8,,,,,
336,12/2/09,9.7,,,,,
337,12/3/09,9.9,,,,,
338,12/4/09,10,,,,,
339,12/5/09,10,,,,,
340,12/6/09,9.4,,,,,
341,12/7/09,9.3,,,,,
342,12/8/09,9.4,,,,,
343,12/9/09,9.5,,,,,
344,12/10/09,9.6,,,,,
345,12/11/09,9.3,,,,,
346,12/12/09,9,,,,,
347,12/13/09,9,,,,,
348,12/14/09,8.9,,,,,
349,12/15/09,8.8,,,,,
350,12/16/09,8.6,,,,,
351,12/17/09,8.3,,,,,
352,12/18/09,8.1,,,,,
353,12/19/09,8,,,,,
354,12/20/09,8,,,,,
355,12/21/09,8,,,,,
356,12/22/09,8,,,,,
357,12/23/09,7.8,,,,,
358,12/24/09,7.7,,,,,
359,12/25/09,7.5,,,,,
360,12/26/09,7.5,,,,,
361,12/27/09,8.2,,,,,
362,12/28/09,8.2,,,,,
363,12/29/09,8.1,,,,,
364,12/30/09,7.9,,,,,
365,12/31/09,7.6,,,,,
1,1/1/10,7.3,,,,,
2,1/2/10,7.3,,,,,
3,1/3/10,7.4,,,,,
4,1/4/10,7.3,,,,,
5,1/5/10,7.3,,,,,
6,1/6/10,7.3,,,,,
7,1/7/10,7.2,,,,,
8,1/8/10,7,,,,,
9,1/9/10,6.8,,,,,
10,1/10/10,6.5,,,,,
11,1/11/10,6.4,,,,,
12,1/12/10,6.3,,,,,
13,1/13/10,6.1,,,,,
14,1/14/10,6,,,,,
15,1/15/10,6.1,,,,,
16,1/16/10,6.3,,,,,
17,1/17/10,6.1,,,,,
18,1/18/10,5.8,,,,,
19,1/19/10,5.7,,,,,
20,1/20/10,5.7,,,,,
21,1/21/10,5.5,,,,,
22,1/22/10,5.4,,,,,
23,1/23/10,5.6,,,,,
24,1/24/10,5.4,,,,,
25,1/25/10,5.5,,,,,
26,1/26/10,5.9,,,,,
27,1/27/10,5.7,,,,,
28,1/28/10,5.5,,,,,
29,1/29/10,5.2,,,,,
30,1/30/10,5.1,,,,,
31,1/31/10,5.2,,,,,
32,2/1/10,5.1,,,,,
33,2/2/10,4.8,,,,,
34,2/3/10,4.7,,,,,
35,2/4/10,5,,,,,
36,2/5/10,5,,,,,
37,2/6/10,4.9,,,,,
38,2/7/10,4.6,,,,,
39,2/8/10,4.6,,,,,
40,2/9/10,4.7,,,,,
41,2/10/10,4.7,,,,,
42,2/11/10,4.6,,,,,
43,2/12/10,4.6,,,,,
44,2/13/10,4.6,,,,,
45,2/14/10,4.5,,,,,
46,2/15/10,4.4,,,,,
47,2/16/10,4.4,,,,,
48,2/17/10,4.4,,,,,
49,2/18/10,4.3,,,,,
50,2/19/10,4.5,,,,,
51,2/20/10,4.5,,,,,
52,2/21/10,4.6,,,,,
53,2/22/10,4.4,,,,,
54,2/23/10,4.3,,,,,
55,2/24/10,4.2,,,,,
56,2/25/10,4.8,,,,,
57,2/26/10,4.9,,,,,
58,2/27/10,4.5,,,,,
59,2/28/10,4,,,,,
60,3/1/10,4,,,,,
61,3/2/10,4.1,,,,,
62,3/3/10,4.1,,,,,
63,3/4/10,4.2,,,,,
64,3/5/10,4.3,,,,,
65,3/6/10,4.3,,,,,
66,3/7/10,4.3,,,,,
67,3/8/10,4.3,,,,,
68,3/9/10,4.2,,,,,
69,3/10/10,4.4,,,,,
70,3/11/10,4.4,,,,,
71,3/12/10,4.3,,,,,
72,3/13/10,4.5,,,,,
73,3/14/10,4.5,,,,,
74,3/15/10,4.1,,,,,
75,3/16/10,4.2,,,,,
76,3/17/10,4.4,,,,,
77,3/18/10,4.3,,,,,
78,3/19/10,4.5,,,,,
79,3/20/10,4.9,,,,,
80,3/21/10,4.9,,,,,
81,3/22/10,4.7,,,,,
82,3/23/10,4.6,,,,,
83,3/24/10,4.5,,,,,
84,3/25/10,4.4,,,,,
85,3/26/10,4.2,,,,,
86,3/27/10,4,,,,,
87,3/28/10,3.7,,,,,
88,3/29/10,3.7,,,,,
89,3/30/10,4.2,,,,,
90,3/31/10,4.4,,,,,
91,4/1/10,4.6,,,,,
92,4/2/10,5.1,,,,,
93,4/3/10,5.5,,,,,
94,4/4/10,6,,,,,
95,4/5/10,6.1,,,,,
96,4/6/10,6.1,,,,,
97,4/7/10,6.1,,,,,
98,4/8/10,6.2,,,,,
99,4/9/10,5.8,,,,,
100,4/10/10,5.7,,,,,
101,4/11/10,6,,,,,
102,4/12/10,6.4,,,,,
103,4/13/10,6.2,,,,,
104,4/14/10,6,,,,,
105,4/15/10,6.2,,,,,
106,4/16/10,6.1,,,,,
107,4/17/10,5.8,,,,,
108,4/18/10,5.6,,,,,
109,4/19/10,6,,,,,
110,4/20/10,6.5,,,,,
111,4/21/10,7,,,,,
112,4/22/10,7.3,,,,,
113,4/23/10,7.4,,,,,
114,4/24/10,7.5,,,,,
115,4/25/10,7.5,,,,,
116,4/26/10,7.4,,,,,
117,4/27/10,7.3,,,,,
118,4/28/10,7.2,,,,,
119,4/29/10,7,,,,,
120,4/30/10,7.2,,,,,
121,5/1/10,7.7,,,,,
122,5/2/10,7.9,,,,,
123,5/3/10,8.9,,,,,
124,5/4/10,8.9,,,,,
125,5/5/10,8.7,,,,,
126,5/6/10,8.6,,,,,
127,5/7/10,8.3,,,,,
128,5/8/10,8,,,,,
129,5/9/10,7.5,,,,,
130,5/10/10,7.2,,,,,
131,5/11/10,7,,,,,
132,5/12/10,7.3,,,,,
133,5/13/10,7.6,,,,,
134,5/14/10,8,,,,,
135,5/15/10,8.5,,,,,
136,5/16/10,9,,,,,
137,5/17/10,9.3,,,,,
138,5/18/10,9.4,,,,,
139,5/19/10,9.1,,,,,
140,5/20/10,9.2,,,,,
141,5/21/10,9.7,,,,,
142,5/22/10,10,,,,,
143,5/23/10,10.5,,,,,
144,5/24/10,11.1,,,,,
145,5/25/10,11.8,,,,,
146,5/26/10,12.5,,,,,
147,5/27/10,11.8,,,,,
148,5/28/10,11.8,,,,,
149,5/29/10,11.8,,,,,
150,5/30/10,12,,,,,
151,5/31/10,12.1,,,,,
152,6/1/10,12.3,,,,,
153,6/2/10,12.4,,,,,
154,6/3/10,12.7,,,,,
155,6/4/10,13,,,,,
156,6/5/10,13.1,,,,,
157,6/6/10,12.5,,,,,
158,6/7/10,12.4,,,,,
159,6/8/10,12.6,,,,,
160,6/9/10,12.9,,,,,
161,6/10/10,13,,,,,
162,6/11/10,13,,,,,
163,6/12/10,12.9,,,,,
164,6/13/10,13,,,,,
165,6/14/10,13.5,,,,,
166,6/15/10,13.5,,,,,
167,6/16/10,13.8,,,,,
168,6/17/10,13.6,,,,,
169,6/18/10,13.6,,,,,
170,6/19/10,13.9,,,,,
171,6/20/10,15.1,,,,,
172,6/21/10,15.5,,,,,
173,6/22/10,15.6,,,,,
174,6/23/10,15.9,,,,,
175,6/24/10,16.1,,,,,
176,6/25/10,16.2,,,,,
177,6/26/10,16.4,,,,,
178,6/27/10,16.4,,,,,
179,6/28/10,16.5,,,,,
180,6/29/10,16.4,,,,,
181,6/30/10,16.5,,,,,
182,7/1/10,16.5,,,,,
183,7/2/10,16.2,,,,,
184,7/3/10,16.2,,,,,
185,7/4/10,16.8,,,,,
186,7/5/10,18.6,,,,,
187,7/6/10,19.4,,,,,
188,7/7/10,19.6,,,,,
189,7/8/10,19.4,,,,,
190,7/9/10,19.1,,,,,
191,7/10/10,18.9,,,,,
192,7/11/10,19.1,,,,,
193,7/12/10,19.2,,,,,
194,7/13/10,19.2,,,,,
195,7/14/10,19,,,,,
196,7/15/10,18.8,,,,,
197,7/16/10,18.4,,,,,
198,7/17/10,18.6,,,,,
199,7/18/10,19,,,,,
200,7/19/10,19.2,,,,,
201,7/20/10,19.5,,,,,
202,7/21/10,19.5,,,,,
203,7/22/10,19,,,,,
204,7/23/10,18.9,,,,,
205,7/24/10,18.8,,,,,
206,7/25/10,18.3,,,,,
207,7/26/10,18.1,,,,,
208,7/27/10,18.5,,,,,
209,7/28/10,18.2,,,,,
210,7/29/10,18,,,,,
211,7/30/10,17.8,,,,,
212,7/31/10,17.9,,,,,
213,8/1/10,18.3,,,,,
214,8/2/10,18.7,,,,,
215,8/3/10,18.6,,,,,
216,8/4/10,18.3,,,,,
217,8/5/10,18.4,,,,,
218,8/6/10,18.4,,,,,
219,8/7/10,18.1,,,,,
220,8/8/10,18,,,,,
221,8/9/10,18.2,,,,,
222,8/10/10,18.6,,,,,
223,8/11/10,19,,,,,
224,8/12/10,19,,,,,
225,8/13/10,19,,,,,
226,8/14/10,19,,,,,
227,8/15/10,18.9,,,,,
228,8/16/10,18.7,,,,,
229,8/17/10,18.7,,,,,
230,8/18/10,19.3,,,,,
231,8/19/10,19.5,,,,,
232,8/20/10,19.2,,,,,
233,8/21/10,19.1,,,,,
234,8/22/10,19,,,,,
235,8/23/10,18.5,,,,,
236,8/24/10,17.9,,,,,
237,8/25/10,16.4,,,,,
238,8/26/10,16.6,,,,,
239,8/27/10,16.9,,,,,
240,8/28/10,17.1,,,,,
241,8/29/10,17.9,,,,,
242,8/30/10,18.7,,,,,
243,8/31/10,19.5,,,,,
244,9/1/10,20,,,,,
245,9/2/10,19.8,,,,,
246,9/3/10,18.9,,,,,
247,9/4/10,17.8,,,,,
248,9/5/10,17.6,,,,,
249,9/6/10,17.6,,,,,
250,9/7/10,17.6,,,,,
251,9/8/10,17.8,,,,,
252,9/9/10,17.7,,,,,
253,9/10/10,17.4,,,,,
254,9/11/10,16.8,,,,,
255,9/12/10,17,,,,,
256,9/13/10,16.6,,,,,
257,9/14/10,16.5,,,,,
258,9/15/10,16.5,,,,,
259,9/16/10,16.4,,,,,
260,9/17/10,16.2,,,,,
261,9/18/10,16.2,,,,,
262,9/19/10,16.5,,,,,
263,9/20/10,16.1,,,,,
264,9/21/10,15.9,,,,,
265,9/22/10,15.9,,,,,
266,9/23/10,15.9,,,,,
267,9/24/10,15.8,,,,,
268,9/25/10,16.2,,,,,
269,9/26/10,16,,,,,
270,9/27/10,15.8,,,,,
271,9/28/10,16,,,,,
272,9/29/10,16.1,,,,,
273,9/30/10,16.2,,,,,
274,10/1/10,15.4,,,,,
275,10/2/10,15.2,,,,,
276,10/3/10,15.1,,,,,
277,10/4/10,14.9,,,,,
278,10/5/10,14.6,,,,,
279,10/6/10,14.5,,,,,
280,10/7/10,14.3,,,,,
281,10/8/10,14.2,,,,,
282,10/9/10,14.1,,,,,
283,10/10/10,13.8,,,,,
284,10/11/10,13.8,,,,,
285,10/12/10,13.6,,,,,
286,10/13/10,13.7,,,,,
287,10/14/10,13.7,,,,,
288,10/15/10,13.6,,,,,
289,10/16/10,13,,,,,
290,10/17/10,13,,,,,
291,10/18/10,12.9,,,,,
292,10/19/10,12.7,,,,,
293,10/20/10,12.5,,,,,
294,10/21/10,12.5,,,,,
295,10/22/10,12.3,,,,,
296,10/23/10,12.2,,,,,
297,10/24/10,12,,,,,
298,10/25/10,11.9,,,,,
299,10/26/10,12.2,,,,,
300,10/27/10,12.2,,,,,
301,10/28/10,12.1,,,,,
302,10/29/10,12,,,,,
303,10/30/10,11.9,,,,,
304,10/31/10,11.7,,,,,
305,11/1/10,11.2,,,,,
306,11/2/10,11,,,,,
307,11/3/10,10.9,,,,,
308,11/4/10,11,,,,,
309,11/5/10,11,,,,,
310,11/6/10,10.9,,,,,
311,11/7/10,10.8,,,,,
312,11/8/10,10.7,,,,,
313,11/9/10,10.6,,,,,
314,11/10/10,10.5,,,,,
315,11/11/10,10.5,,,,,
316,11/12/10,10.6,,,,,
317,11/13/10,10.7,,,,,
318,11/14/10,10.6,,,,,
319,11/15/10,10.4,,,,,
320,11/16/10,10.3,,,,,
321,11/17/10,10.1,,,,,
322,11/18/10,10,,,,,
323,11/19/10,9.7,,,,,
324,11/20/10,9.8,,,,,
325,11/21/10,9.8,,,,,
326,11/22/10,9.7,,,,,
327,11/23/10,9.9,,,,,
328,11/24/10,10,,,,,
329,11/25/10,9.8,,,,,
330,11/26/10,9.7,,,,,
331,11/27/10,9.6,,,,,
332,11/28/10,9.6,,,,,
333,11/29/10,9.4,,,,,
334,11/30/10,9.2,,,,,
335,12/1/10,9.4,,,,,
336,12/2/10,9.7,,,,,
337,12/3/10,9.7,,,,,
338,12/4/10,9.4,,,,,
339,12/5/10,9.2,,,,,
340,12/6/10,9.2,,,,,
341,12/7/10,9.1,,,,,
342,12/8/10,8.9,,,,,
343,12/9/10,8.5,,,,,
344,12/10/10,8.4,,,,,
345,12/11/10,8.4,,,,,
346,12/12/10,8.3,,,,,
347,12/13/10,8.2,,,,,
348,12/14/10,8.2,,,,,
349,12/15/10,8.1,,,,,
350,12/16/10,8,,,,,
351,12/17/10,8,,,,,
352,12/18/10,7.9,,,,,
353,12/19/10,7.7,,,,,
354,12/20/10,7.6,,,,,
355,12/21/10,7.9,,,,,
356,12/22/10,7.9,,,,,
357,12/23/10,7.9,,,,,
358,12/24/10,7.8,,,,,
359,12/25/10,7.8,,,,,
360,12/26/10,7.7,,,,,
361,12/27/10,7.7,,,,,
362,12/28/10,7.8,,,,,
363,12/29/10,7.7,,,,,
364,12/30/10,7.5,,,,,
365,12/31/10,7.4,,,,,
1,1/1/11,7.7,,,,,
2,1/2/11,7.7,,,,,
3,1/3/11,7.3,,,,,
4,1/4/11,7.1,,,,,
5,1/5/11,6.8,,,,,
6,1/6/11,6.7,,,,,
7,1/7/11,6.6,,,,,
8,1/8/11,6.8,,,,,
9,1/9/11,7,,,,,
10,1/10/11,6.9,,,,,
11,1/11/11,6.8,,,,,
12,1/12/11,6.7,,,,,
13,1/13/11,6.7,,,,,
14,1/14/11,6.4,,,,,
15,1/15/11,6.3,,,,,
16,1/16/11,6.5,,,,,
17,1/17/11,6.4,,,,,
18,1/18/11,6.3,,,,,
19,1/19/11,6.4,,,,,
20,1/20/11,6.5,,,,,
21,1/21/11,6.4,,,,,
22,1/22/11,6.4,,,,,
23,1/23/11,6.3,,,,,
24,1/24/11,6.1,,,,,
25,1/25/11,5.8,,,,,
26,1/26/11,5.8,,,,,
27,1/27/11,5.8,,,,,
28,1/28/11,5.9,,,,,
29,1/29/11,5.8,,,,,
30,1/30/11,5.7,,,,,
31,1/31/11,5.7,,,,,
32,2/1/11,5.4,,,,,
33,2/2/11,5.3,,,,,
34,2/3/11,5.5,,,,,
35,2/4/11,5.5,,,,,
36,2/5/11,5.4,,,,,
37,2/6/11,5.7,,,,,
38,2/7/11,5.7,,,,,
39,2/8/11,5.5,,,,,
40,2/9/11,5.4,,,,,
41,2/10/11,5.3,,,,,
42,2/11/11,5.1,,,,,
43,2/12/11,5,,,,,
44,2/13/11,4.9,,,,,
45,2/14/11,4.9,,,,,
46,2/15/11,5,,,,,
47,2/16/11,5.1,,,,,
48,2/17/11,5,,,,,
49,2/18/11,4.8,,,,,
50,2/19/11,4.7,,,,,
51,2/20/11,4.7,,,,,
52,2/21/11,4.7,,,,,
53,2/22/11,4.9,,,,,
54,2/23/11,5,,,,,
55,2/24/11,4.9,,,,,
56,2/25/11,4.8,,,,,
57,2/26/11,4.6,,,,,
58,2/27/11,4.4,,,,,
59,2/28/11,4.6,,,,,
60,3/1/11,4.6,,,,,
61,3/2/11,4.5,,,,,
62,3/3/11,4.6,,,,,
63,3/4/11,4.4,,,,,
64,3/5/11,4.3,,,,,
65,3/6/11,4.4,,,,,
66,3/7/11,4.7,,,,,
67,3/8/11,4.8,,,,,
68,3/9/11,4.8,,,,,
69,3/10/11,4.6,,,,,
70,3/11/11,4.7,,,,,
71,3/12/11,4.8,,,,,
72,3/13/11,4.7,,,,,
73,3/14/11,4.7,,,,,
74,3/15/11,4.8,,,,,
75,3/16/11,4.8,,,,,
76,3/17/11,5.2,,,,,
77,3/18/11,5.1,,,,,
78,3/19/11,4.7,,,,,
79,3/20/11,4.7,,,,,
80,3/21/11,4.6,,,,,
81,3/22/11,4.5,,,,,
82,3/23/11,4.6,,,,,
83,3/24/11,4.7,,,,,
84,3/25/11,4.8,,,,,
85,3/26/11,4.8,,,,,
86,3/27/11,4.8,,,,,
87,3/28/11,4.7,,,,,
88,3/29/11,4.6,,,,,
89,3/30/11,4.6,,,,,
90,3/31/11,4.5,,,,,
91,4/1/11,4.6,,,,,
92,4/2/11,4.7,,,,,
93,4/3/11,4.8,,,,,
94,4/4/11,4.7,,,,,
95,4/5/11,4.5,,,,,
96,4/6/11,4.6,,,,,
97,4/7/11,4.8,,,,,
98,4/8/11,4.8,,,,,
99,4/9/11,4.8,,,,,
100,4/10/11,5,,,,,
101,4/11/11,5.1,,,,,
102,4/12/11,5.2,,,,,
103,4/13/11,5.4,,,,,
104,4/14/11,5.2,,,,,
105,4/15/11,5,,,,,
106,4/16/11,5,,,,,
107,4/17/11,5.1,,,,,
108,4/18/11,5,,,,,
109,4/19/11,5.2,,,,,
110,4/20/11,5.5,,,,,
111,4/21/11,5.4,,,,,
112,4/22/11,5.3,,,,,
113,4/23/11,5.4,,,,,
114,4/24/11,5.8,,,,,
115,4/25/11,6,,,,,
116,4/26/11,6.2,,,,,
117,4/27/11,6.4,,,,,
118,4/28/11,6.7,,,,,
119,4/29/11,7.2,,,,,
120,4/30/11,7.1,,,,,
121,5/1/11,7.1,,,,,
122,5/2/11,7.4,,,,,
123,5/3/11,7.5,,,,,
124,5/4/11,7.5,,,,,
125,5/5/11,7.5,,,,,
126,5/6/11,7.5,,,,,
127,5/7/11,7.6,,,,,
128,5/8/11,7.6,,,,,
129,5/9/11,7.6,,,,,
130,5/10/11,7.3,,,,,
131,5/11/11,7.2,,,,,
132,5/12/11,7,,,,,
133,5/13/11,7,,,,,
134,5/14/11,7.1,,,,,
135,5/15/11,7.4,,,,,
136,5/16/11,7.5,,,,,
137,5/17/11,7.5,,,,,
138,5/18/11,7.5,,,,,
139,5/19/11,7.7,,,,,
140,5/20/11,8.1,,,,,
141,5/21/11,8.7,,,,,
142,5/22/11,8.4,,,,,
143,5/23/11,8.1,,,,,
144,5/24/11,8.4,,,,,
145,5/25/11,8.8,,,,,
146,5/26/11,9.1,,,,,
147,5/27/11,9.7,,,,,
148,5/28/11,10.3,,,,,
149,5/29/11,10.4,,,,,
150,5/30/11,11.3,,,,,
151,5/31/11,11.8,,,,,
152,6/1/11,11.8,,,,,
153,6/2/11,10.9,,,,,
154,6/3/11,10.7,,,,,
155,6/4/11,10.9,,,,,
156,6/5/11,11.2,,,,,
157,6/6/11,11.5,,,,,
158,6/7/11,12.4,,,,,
159,6/8/11,12.9,,,,,
160,6/9/11,13.4,,,,,
161,6/10/11,13.3,,,,,
162,6/11/11,13.1,,,,,
163,6/12/11,12.8,,,,,
164,6/13/11,12.4,,,,,
165,6/14/11,12.1,,,,,
166,6/15/11,11.6,,,,,
167,6/16/11,11.7,,,,,
168,6/17/11,12,,,,,
169,6/18/11,12.9,,,,,
170,6/19/11,13,,,,,
171,6/20/11,13.5,,,,,
172,6/21/11,14.2,,,,,
173,6/22/11,14.3,,,,,
174,6/23/11,14,,,,,
175,6/24/11,13.6,,,,,
176,6/25/11,13.4,,,,,
177,6/26/11,14,,,,,
178,6/27/11,14.5,,,,,
179,6/28/11,14.8,,,,,
180,6/29/11,14.8,,,,,
181,6/30/11,15,,,,,
182,7/1/11,15.7,,,,,
183,7/2/11,16.1,,,,,
184,7/3/11,15.9,,,,,
185,7/4/11,15.9,,,,,
186,7/5/11,16.4,,,,,
187,7/6/11,16.6,,,,,
188,7/7/11,16.8,,,,,
189,7/8/11,16.6,,,,,
190,7/9/11,16.9,,,,,
191,7/10/11,17.3,,,,,
192,7/11/11,17.4,,,,,
193,7/12/11,17.5,,,,,
194,7/13/11,17.7,,,,,
195,7/14/11,16.8,,,,,
196,7/15/11,15.7,,,,,
197,7/16/11,15.9,,,,,
198,7/17/11,16.4,,,,,
199,7/18/11,16.6,,,,,
200,7/19/11,16.6,,,,,
201,7/20/11,16.9,,,,,
202,7/21/11,17.4,,,,,
203,7/22/11,18.1,,,,,
204,7/23/11,18.1,,,,,
205,7/24/11,17.7,,,,,
206,7/25/11,17.6,,,,,
207,7/26/11,17.4,,,,,
208,7/27/11,17.7,,,,,
209,7/28/11,18,,,,,
210,7/29/11,18.2,,,,,
211,7/30/11,18.2,,,,,
212,7/31/11,19,,,,,
213,8/1/11,19.3,,,,,
214,8/2/11,19.2,,,,,
215,8/3/11,18.8,,,,,
216,8/4/11,18.3,,,,,
217,8/5/11,18.2,,,,,
218,8/6/11,18.2,,,,,
219,8/7/11,17.9,,,,,
220,8/8/11,17.9,,,,,
221,8/9/11,18.1,,,,,
222,8/10/11,17.8,,,,,
223,8/11/11,17.6,,,,,
224,8/12/11,17.8,,,,,
225,8/13/11,18.1,,,,,
226,8/14/11,18.2,,,,,
227,8/15/11,17.8,,,,,
228,8/16/11,16.8,,,,,
229,8/17/11,16.9,,,,,
230,8/18/11,17.2,,,,,
231,8/19/11,17.7,,,,,
232,8/20/11,18,,,,,
233,8/21/11,18.2,,,,,
234,8/22/11,17.8,,,,,
235,8/23/11,17.9,,,,,
236,8/24/11,17.9,,,,,
237,8/25/11,18.1,,,,,
238,8/26/11,18.5,,,,,
239,8/27/11,18.4,,,,,
240,8/28/11,16.3,,,,,
241,8/29/11,15.6,,,,,
242,8/30/11,16.2,,,,,
243,8/31/11,16.6,,,,,
244,9/1/11,16.6,,,,,
245,9/2/11,16.5,,,,,
246,9/3/11,16.5,,,,,
247,9/4/11,16.7,,,,,
248,9/5/11,16.7,,,,,
249,9/6/11,16.6,,,,,
250,9/7/11,16.5,,,,,
251,9/8/11,16.3,,,,,
252,9/9/11,16.2,,,,,
253,9/10/11,16.3,,,,,
254,9/11/11,16.2,,,,,
255,9/12/11,16.4,,,,,
256,9/13/11,16.9,,,,,
257,9/14/11,17.2,,,,,
258,9/15/11,16.9,,,,,
259,9/16/11,16,,,,,
260,9/17/11,15.9,,,,,
261,9/18/11,15.8,,,,,
262,9/19/11,15.7,,,,,
263,9/20/11,16.1,,,,,
264,9/21/11,16.6,,,,,
265,9/22/11,16.7,,,,,
266,9/23/11,16.8,,,,,
267,9/24/11,17.1,,,,,
268,9/25/11,17.5,,,,,
269,9/26/11,17.9,,,,,
270,9/27/11,17.9,,,,,
271,9/28/11,17.5,,,,,
272,9/29/11,16.9,,,,,
273,9/30/11,17,,,,,
274,10/1/11,16.9,,,,,
275,10/2/11,16.6,,,,,
276,10/3/11,16.5,,,,,
277,10/4/11,16.2,,,,,
278,10/5/11,15.5,,,,,
279,10/6/11,14.7,,,,,
280,10/7/11,14.5,,,,,
281,10/8/11,14.6,,,,,
282,10/9/11,15,,,,,
283,10/10/11,15.2,,,,,
284,10/11/11,14.9,,,,,
285,10/12/11,14.7,,,,,
286,10/13/11,14.5,,,,,
287,10/14/11,14.4,,,,,
288,10/15/11,14.2,,,,,
289,10/16/11,13.9,,,,,
290,10/17/11,13.7,,,,,
291,10/18/11,13.6,,,,,
292,10/19/11,13.6,,,,,
293,10/20/11,13.7,,,,,
294,10/21/11,13.6,,,,,
295,10/22/11,13.6,,,,,
296,10/23/11,13.8,,,,,
297,10/24/11,13.5,,,,,
298,10/25/11,13.4,,,,,
299,10/26/11,13.3,,,,,
300,10/27/11,13.1,,,,,
301,10/28/11,12.7,,,,,
302,10/29/11,12.6,,,,,
303,10/30/11,11.9,,,,,
304,10/31/11,11.9,,,,,
305,11/1/11,11.9,,,,,
306,11/2/11,12,,,,,
307,11/3/11,11.9,,,,,
308,11/4/11,11.8,,,,,
309,11/5/11,11.5,,,,,
310,11/6/11,11.5,,,,,
311,11/7/11,11.6,,,,,
312,11/8/11,11.7,,,,,
313,11/9/11,11.8,,,,,
314,11/10/11,11.8,,,,,
315,11/11/11,11.1,,,,,
316,11/12/11,11,,,,,
317,11/13/11,10.9,,,,,
318,11/14/11,11,,,,,
319,11/15/11,11.1,,,,,
320,11/16/11,11,,,,,
321,11/17/11,10.7,,,,,
322,11/18/11,10.4,,,,,
323,11/19/11,10.5,,,,,
324,11/20/11,10.6,,,,,
325,11/21/11,10.3,,,,,
326,11/22/11,10,,,,,
327,11/23/11,10,,,,,
328,11/24/11,10,,,,,
329,11/25/11,10,,,,,
330,11/26/11,10.1,,,,,
331,11/27/11,10.1,,,,,
332,11/28/11,10.2,,,,,
333,11/29/11,10.4,,,,,
334,11/30/11,10.2,,,,,
335,12/1/11,10.1,,,,,
336,12/2/11,10,,,,,
337,12/3/11,9.8,,,,,
338,12/4/11,10,,,,,
339,12/5/11,10.1,,,,,
340,12/6/11,10,,,,,
341,12/7/11,9.9,,,,,
342,12/8/11,9.9,,,,,
343,12/9/11,9.9,,,,,
344,12/10/11,9.7,,,,,
345,12/11/11,9.5,,,,,
346,12/12/11,9.4,,,,,
347,12/13/11,9.5,,,,,
348,12/14/11,9.5,,,,,
349,12/15/11,9.4,,,,,
350,12/16/11,9.5,,,,,
351,12/17/11,9.3,,,,,
352,12/18/11,8.9,,,,,
353,12/19/11,8.9,,,,,
354,12/20/11,8.9,,,,,
355,12/21/11,8.8,,,,,
356,12/22/11,9.2,,,,,
357,12/23/11,9.1,,,,,
358,12/24/11,8.6,,,,,
359,12/25/11,8.6,,,,,
360,12/26/11,8.5,,,,,
361,12/27/11,8.5,,,,,
362,12/28/11,8.6,,,,,
363,12/29/11,8.6,,,,,
364,12/30/11,8.3,,,,,
365,12/31/11,8.3,,,,,
1,1/1/12,8.6,,,,,
2,1/2/12,8.5,,,,,
3,1/3/12,8.3,,,,,
4,1/4/12,7.9,,,,,
5,1/5/12,7.7,,,,,
6,1/6/12,7.5,,,,,
7,1/7/12,8.1,,,,,
8,1/8/12,7.9,,,,,
9,1/9/12,7.7,,,,,
10,1/10/12,7.6,,,,,
11,1/11/12,7.4,,,,,
12,1/12/12,7.3,,,,,
13,1/13/12,7.7,,,,,
14,1/14/12,7.4,,,,,
15,1/15/12,7.4,,,,,
16,1/16/12,7.4,,,,,
17,1/17/12,7.5,,,,,
18,1/18/12,7.5,,,,,
19,1/19/12,7.2,,,,,
20,1/20/12,6.9,,,,,
21,1/21/12,6.8,,,,,
22,1/22/12,6.6,,,,,
23,1/23/12,6.8,,,,,
24,1/24/12,7,,,,,
25,1/25/12,6.8,,,,,
26,1/26/12,6.7,,,,,
27,1/27/12,6.8,,,,,
28,1/28/12,6.8,,,,,
29,1/29/12,6.7,,,,,
30,1/30/12,6.4,,,,,
31,1/31/12,6.4,,,,,
32,2/1/12,6.4,,,,,
33,2/2/12,6.5,,,,,
34,2/3/12,6.5,,,,,
35,2/4/12,6.5,,,,,
36,2/5/12,6.6,,,,,
37,2/6/12,6.6,,,,,
38,2/7/12,6.5,,,,,
39,2/8/12,6.4,,,,,
40,2/9/12,6.5,,,,,
41,2/10/12,6.5,,,,,
42,2/11/12,6.4,,,,,
43,2/12/12,6.3,,,,,
44,2/13/12,6.1,,,,,
45,2/14/12,6.1,,,,,
46,2/15/12,6.1,,,,,
47,2/16/12,6.2,,,,,
48,2/17/12,6.2,,,,,
49,2/18/12,6.4,,,,,
50,2/19/12,6.5,,,,,
51,2/20/12,6.3,,,,,
52,2/21/12,6.1,,,,,
53,2/22/12,6.1,,,,,
54,2/23/12,6.2,,,,,
55,2/24/12,6.3,,,,,
56,2/25/12,6.2,,,,,
57,2/26/12,6,,,,,
58,2/27/12,5.9,,,,,
59,2/28/12,5.8,,,,,
60,2/29/12,5.5,,,,,
61,3/1/12,5.6,,,,,
62,3/2/12,5.6,,,,,
63,3/3/12,6.1,,,,,
64,3/4/12,6.3,,,,,
65,3/5/12,6.1,,,,,
66,3/6/12,5.8,,,,,
67,3/7/12,5.8,,,,,
68,3/8/12,6.1,,,,,
69,3/9/12,5.9,,,,,
70,3/10/12,5.6,,,,,
71,3/11/12,5.8,,,,,
72,3/12/12,6.1,,,,,
73,3/13/12,6.3,,,,,
74,3/14/12,6,,,,,
75,3/15/12,5.9,,,,,
76,3/16/12,6,,,,,
77,3/17/12,6.1,,,,,
78,3/18/12,6.4,,,,,
79,3/19/12,7.2,,,,,
80,3/20/12,7.3,,,,,
81,3/21/12,7.1,,,,,
82,3/22/12,7.8,,,,,
83,3/23/12,8,,,,,
84,3/24/12,7.9,,,,,
85,3/25/12,7.6,,,,,
86,3/26/12,6.8,,,,,
87,3/27/12,6.5,,,,,
88,3/28/12,6.2,,,,,
89,3/29/12,6.4,,,,,
90,3/30/12,6.3,,,,,
91,3/31/12,6.2,,,,,
92,4/1/12,6.3,,,,,
93,4/2/12,6.3,,,,,
94,4/3/12,6.4,,,,,
95,4/4/12,6.5,,,,,
96,4/5/12,6.2,,,,,
97,4/6/12,6.1,,,,,
98,4/7/12,6,,,,,
99,4/8/12,6,,,,,
100,4/9/12,6,,,,,
101,4/10/12,6.2,,,,,
102,4/11/12,6.3,,,,,
103,4/12/12,6.7,,,,,
104,4/13/12,6.9,,,,,
105,4/14/12,6.8,,,,,
106,4/15/12,6.8,,,,,
107,4/16/12,7.2,,,,,
108,4/17/12,8,,,,,
109,4/18/12,7.9,,,,,
110,4/19/12,8.2,,,,,
111,4/20/12,8.3,,,,,
112,4/21/12,8.5,,,,,
113,4/22/12,8.4,,,,,
114,4/23/12,8,,,,,
115,4/24/12,8,,,,,
116,4/25/12,8,,,,,
117,4/26/12,8.2,,,,,
118,4/27/12,8.2,,,,,
119,4/28/12,8,,,,,
120,4/29/12,8.1,,,,,
121,4/30/12,8,,,,,
122,5/1/12,7.9,,,,,
123,5/2/12,8,,,,,
124,5/3/12,8.1,,,,,
125,5/4/12,8.1,,,,,
126,5/5/12,8.1,,,,,
127,5/6/12,8.6,,,,,
128,5/7/12,8.9,,,,,
129,5/8/12,8.8,,,,,
130,5/9/12,8.5,,,,,
131,5/10/12,8.8,,,,,
132,5/11/12,9,,,,,
133,5/12/12,9.3,,,,,
134,5/13/12,9.5,,,,,
135,5/14/12,9.8,,,,,
136,5/15/12,9.8,,,,,
137,5/16/12,10,,,,,
138,5/17/12,10.1,,,,,
139,5/18/12,10.4,,,,,
140,5/19/12,11.8,,,,,
141,5/20/12,12.7,,,,,
142,5/21/12,12.6,,,,,
143,5/22/12,12.6,,,,,
144,5/23/12,12.8,,,,,
145,5/24/12,12.9,,,,,
146,5/25/12,12.8,,,,,
147,5/26/12,12.6,,,,,
148,5/27/12,12.7,,,,,
149,5/28/12,12.8,,,,,
150,5/29/12,13,,,,,
151,5/30/12,13.3,,,,,
152,5/31/12,13.3,,,,,
153,6/1/12,12.9,,,,,
154,6/2/12,12.7,,,,,
155,6/3/12,12.1,,,,,
156,6/4/12,11.5,,,,,
157,6/5/12,11.2,,,,,
158,6/6/12,11.1,,,,,
159,6/7/12,11.2,,,,,
160,6/8/12,11.4,,,,,
161,6/9/12,12.3,,,,,
162,6/10/12,12.6,,,,,
163,6/11/12,12.6,,,,,
164,6/12/12,12.6,,,,,
165,6/13/12,13.1,,,,,
166,6/14/12,13.4,,,,,
167,6/15/12,13.5,,,,,
168,6/16/12,13.8,,,,,
169,6/17/12,13.8,,,,,
170,6/18/12,13.9,,,,,
171,6/19/12,14.8,,,,,
172,6/20/12,15.9,,,,,
173,6/21/12,16.6,,,,,
174,6/22/12,16.8,,,,,
175,6/23/12,16.5,,,,,
176,6/24/12,16.3,,,,,
177,6/25/12,16.3,,,,,
178,6/26/12,16,,,,,
179,6/27/12,15.6,,,,,
180,6/28/12,15.7,,,,,
181,6/29/12,16.2,,,,,
182,6/30/12,16.7,,,,,
183,7/1/12,17.3,,,,,
184,7/2/12,17.5,,,,,
185,7/3/12,17.6,,,,,
186,7/4/12,17.6,,,,,
187,7/5/12,17.8,,,,,
188,7/6/12,17.8,,,,,
189,7/7/12,18,,,,,
190,7/8/12,18.1,,,,,
191,7/9/12,18.3,,,,,
192,7/10/12,18.6,,,,,
193,7/11/12,18.6,,,,,
194,7/12/12,18.6,,,,,
195,7/13/12,18.9,,,,,
196,7/14/12,19.6,,,,,
197,7/15/12,19.9,,,,,
198,7/16/12,20,,,,,
199,7/17/12,19.7,,,,,
200,7/18/12,19.7,,,,,
201,7/19/12,19.4,,,,,
202,7/20/12,19.2,,,,,
203,7/21/12,19.5,,,,,
204,7/22/12,19.3,,,,,
205,7/23/12,18.9,,,,,
206,7/24/12,18.3,,,,,
207,7/25/12,18.1,,,,,
208,7/26/12,18.2,,,,,
209,7/27/12,18.6,,,,,
210,7/28/12,18.6,,,,,
211,7/29/12,18.6,,,,,
212,7/30/12,18.6,,,,,
213,7/31/12,18.7,,,,,
214,8/1/12,18.3,,,,,
215,8/2/12,18.7,,,,,
216,8/3/12,19.6,,,,,
217,8/4/12,20,,,,,
218,8/5/12,20.1,,,,,
219,8/6/12,19.6,,,,,
220,8/7/12,19.4,,,,,
221,8/8/12,19.6,,,,,
222,8/9/12,19.9,,,,,
223,8/10/12,19.8,,,,,
224,8/11/12,19.7,,,,,
225,8/12/12,19.7,,,,,
226,8/13/12,20,,,,,
227,8/14/12,20.4,,,,,
228,8/15/12,20.7,,,,,
229,8/16/12,20.5,,,,,
230,8/17/12,20.3,,,,,
231,8/18/12,20.2,,,,,
232,8/19/12,20.1,,,,,
233,8/20/12,20.1,,,,,
234,8/21/12,20.4,,,,,
235,8/22/12,20.7,,,,,
236,8/23/12,20.7,,,,,
237,8/24/12,20.7,,,,,
238,8/25/12,20.7,,,,,
239,8/26/12,20.9,,,,,
240,8/27/12,20.9,,,,,
241,8/28/12,20.3,,,,,
242,8/29/12,19.7,,,,,
243,8/30/12,19.5,,,,,
244,8/31/12,19.3,,,,,
245,9/1/12,18.9,,,,,
246,9/2/12,18.8,,,,,
247,9/3/12,18.9,,,,,
248,9/4/12,18.9,,,,,
249,9/5/12,18.6,,,,,
250,9/6/12,18.4,,,,,
251,9/7/12,18.8,,,,,
252,9/8/12,18.9,,,,,
253,9/9/12,18.5,,,,,
254,9/10/12,18,,,,,
255,9/11/12,17.5,,,,,
256,9/12/12,17.7,,,,,
257,9/13/12,17.9,,,,,
258,9/14/12,18,,,,,
259,9/15/12,18,,,,,
260,9/16/12,17.7,,,,,
261,9/17/12,17.7,,,,,
262,9/18/12,17.7,,,,,
263,9/19/12,17.2,,,,,
264,9/20/12,17,,,,,
265,9/21/12,16.9,,,,,
266,9/22/12,17,,,,,
267,9/23/12,17.2,,,,,
268,9/24/12,17.2,,,,,
269,9/25/12,17.1,,,,,
270,9/26/12,17,,,,,
271,9/27/12,16.7,,,,,
272,9/28/12,16.8,,,,,
273,9/29/12,16.8,,,,,
274,9/30/12,16.2,,,,,
275,10/1/12,16.1,,,,,
276,10/2/12,16,,,,,
277,10/3/12,15.8,,,,,
278,10/4/12,15.5,,,,,
279,10/5/12,16,,,,,
280,10/6/12,16.2,,,,,
281,10/7/12,16,,,,,
282,10/8/12,15.8,,,,,
283,10/9/12,15.6,,,,,
284,10/10/12,15.1,,,,,
285,10/11/12,14.9,,,,,
286,10/12/12,14.6,,,,,
287,10/13/12,14.3,,,,,
288,10/14/12,14.2,,,,,
289,10/15/12,14.1,,,,,
290,10/16/12,13.9,,,,,
291,10/17/12,13.9,,,,,
292,10/18/12,14,,,,,
293,10/19/12,14,,,,,
294,10/20/12,13.9,,,,,
295,10/21/12,13.6,,,,,
296,10/22/12,13.4,,,,,
297,10/23/12,13.4,,,,,
298,10/24/12,13.3,,,,,
299,10/25/12,13.3,,,,,
300,10/26/12,13.4,,,,,
301,10/27/12,13.6,,,,,
302,10/28/12,13.6,,,,,
303,10/29/12,13.4,,,,,
304,10/30/12,13.2,,,,,
305,10/31/12,12.8,,,,,
306,11/1/12,12.6,,,,,
307,11/2/12,12.5,,,,,
308,11/3/12,12.4,,,,,
309,11/4/12,12.4,,,,,
310,11/5/12,12.3,,,,,
311,11/6/12,12.1,,,,,
312,11/7/12,12.1,,,,,
313,11/8/12,12,,,,,
314,11/9/12,11.9,,,,,
315,11/10/12,11.9,,,,,
316,11/11/12,11.9,,,,,
317,11/12/12,12.2,,,,,
318,11/13/12,12.2,,,,,
319,11/14/12,12.1,,,,,
320,11/15/12,12,,,,,
321,11/16/12,11.8,,,,,
322,11/17/12,11.6,,,,,
323,11/18/12,11.5,,,,,
324,11/19/12,11.4,,,,,
325,11/20/12,11.2,,,,,
326,11/21/12,11.3,,,,,
327,11/22/12,11.4,,,,,
328,11/23/12,11.5,,,,,
329,11/24/12,11.5,,,,,
330,11/25/12,11.3,,,,,
331,11/26/12,11,,,,,
332,11/27/12,10.8,,,,,
333,11/28/12,10.7,,,,,
334,11/29/12,10.4,,,,,
335,11/30/12,10.3,,,,,
336,12/1/12,10.3,,,,,
337,12/2/12,10.2,,,,,
338,12/3/12,10.3,,,,,
339,12/4/12,10.4,,,,,
340,12/5/12,10.5,,,,,
341,12/6/12,10.2,,,,,
342,12/7/12,9.9,,,,,
343,12/8/12,9.8,,,,,
344,12/9/12,9.8,,,,,
345,12/10/12,9.9,,,,,
346,12/11/12,10,,,,,
347,12/12/12,9.9,,,,,
348,12/13/12,9.9,,,,,
349,12/14/12,10.2,,,,,
350,12/15/12,10.3,,,,,
351,12/16/12,10.2,,,,,
352,12/17/12,9.9,,,,,
353,12/18/12,9.8,,,,,
354,12/19/12,9.9,,,,,
355,12/20/12,10,,,,,
356,12/21/12,9.6,,,,,
357,12/22/12,9.5,,,,,
358,12/23/12,9.6,,,,,
359,12/24/12,9.6,,,,,
360,12/25/12,9.4,,,,,
361,12/26/12,9.2,,,,,
362,12/27/12,9.2,,,,,
363,12/28/12,9.2,,,,,
364,12/29/12,9.2,,,,,
365,12/30/12,9,,,,,
366,12/31/12,8.9,,,,,
1,1/1/13,8.9,,,,,
2,1/2/13,8.8,,,,,
3,1/3/13,8.6,,,,,
4,1/4/13,8.5,,,,,
5,1/5/13,8.5,,,,,
6,1/6/13,8.3,,,,,
7,1/7/13,8.2,,,,,
8,1/8/13,8.2,,,,,
9,1/9/13,8.3,,,,,
10,1/10/13,8.2,,,,,
11,1/11/13,8.1,,,,,
12,1/12/13,8.1,,,,,
13,1/13/13,8.2,,,,,
14,1/14/13,8.3,,,,,
15,1/15/13,8.2,,,,,
16,1/16/13,8.1,,,,,
17,1/17/13,8,,,,,
18,1/18/13,7.9,,,,,
19,1/19/13,8,,,,,
20,1/20/13,8,,,,,
21,1/21/13,7.8,,,,,
22,1/22/13,7.6,,,,,
23,1/23/13,7.5,,,,,
24,1/24/13,7.3,,,,,
25,1/25/13,7.3,,,,,
26,1/26/13,7.4,,,,,
27,1/27/13,7.5,,,,,
28,1/28/13,7.4,,,,,
29,1/29/13,7.3,,,,,
30,1/30/13,7.2,,,,,
31,1/31/13,7.1,,,,,
32,2/1/13,7.1,,,,,
33,2/2/13,7,,,,,
34,2/3/13,7,,,,,
35,2/4/13,6.7,,,,,
36,2/5/13,6.7,,,,,
37,2/6/13,6.6,,,,,
38,2/7/13,6.5,,,,,
39,2/8/13,6.3,,,,,
40,2/9/13,6.2,,,,,
41,2/10/13,6.2,,,,,
42,2/11/13,6.1,,,,,
43,2/12/13,6.2,,,,,
44,2/13/13,6.2,,,,,
45,2/14/13,6.2,,,,,
46,2/15/13,6.2,,,,,
47,2/16/13,6.1,,,,,
48,2/17/13,6.1,,,,,
49,2/18/13,6.1,,,,,
50,2/19/13,6.2,,,,,
51,2/20/13,6.1,,,,,
52,2/21/13,5.9,,,,,
53,2/22/13,5.8,,,,,
54,2/23/13,5.6,,,,,
55,2/24/13,5.8,,,,,
56,2/25/13,6.2,,,,,
57,2/26/13,6.3,,,,,
58,2/27/13,6.2,,,,,
59,2/28/13,6,,,,,
60,3/1/13,6,,,,,
61,3/2/13,5.9,,,,,
62,3/3/13,5.9,,,,,
63,3/4/13,5.8,,,,,
64,3/5/13,5.8,,,,,
65,3/6/13,5.9,,,,,
66,3/7/13,5.9,,,,,
67,3/8/13,5.7,,,,,
68,3/9/13,6.1,,,,,
69,3/10/13,6.3,,,,,
70,3/11/13,6.3,,,,,
71,3/12/13,6.2,,,,,
72,3/13/13,5.8,,,,,
73,3/14/13,5.7,,,,,
74,3/15/13,5.6,,,,,
75,3/16/13,5.6,,,,,
76,3/17/13,5.5,,,,,
77,3/18/13,5.5,,,,,
78,3/19/13,5.4,,,,,
79,3/20/13,5.3,,,,,
80,3/21/13,5.3,,,,,
81,3/22/13,5.4,,,,,
82,3/23/13,5.6,,,,,
83,3/24/13,5.5,,,,,
84,3/25/13,5.6,,,,,
85,3/26/13,5.5,,,,,
86,3/27/13,5.5,,,,,
87,3/28/13,5.5,,,,,
88,3/29/13,5.6,,,,,
89,3/30/13,5.9,,,,,
90,3/31/13,5.9,,,,,
91,4/1/13,6,,,,,
92,4/2/13,5.6,,,,,
93,4/3/13,5.2,,,,,
94,4/4/13,5.2,,,,,
95,4/5/13,5.1,,,,,
96,4/6/13,4.9,,,,,
97,4/7/13,4.7,,,,,
98,4/8/13,5,,,,,
99,4/9/13,4.8,,,,,
100,4/10/13,4.6,,,,,
101,4/11/13,4.7,,,,,
102,4/12/13,4.7,,,,,
103,4/13/13,4.8,,,,,
104,4/14/13,5.1,,,,,
105,4/15/13,5.2,,,,,
106,4/16/13,5.4,,,,,
107,4/17/13,5.8,,,,,
108,4/18/13,6,,,,,
109,4/19/13,6,,,,,
110,4/20/13,6.2,,,,,
111,4/21/13,6.2,,,,,
112,4/22/13,6.2,,,,,
113,4/23/13,6.2,,,,,
114,4/24/13,6.3,,,,,
115,4/25/13,6.9,,,,,
116,4/26/13,7.1,,,,,
117,4/27/13,7.5,,,,,
118,4/28/13,8.3,,,,,
119,4/29/13,8.8,,,,,
120,4/30/13,9.4,,,,,
121,5/1/13,9.4,,,,,
122,5/2/13,9.2,,,,,
123,5/3/13,8.6,,,,,
124,5/4/13,8.5,,,,,
125,5/5/13,8.5,,,,,
126,5/6/13,8.6,,,,,
127,5/7/13,9.5,,,,,
128,5/8/13,9.8,,,,,
129,5/9/13,10,,,,,
130,5/10/13,10,,,,,
131,5/11/13,9.7,,,,,
132,5/12/13,9.7,,,,,
133,5/13/13,9.6,,,,,
134,5/14/13,9.4,,,,,
135,5/15/13,9.6,,,,,
136,5/16/13,9.8,,,,,
137,5/17/13,10.1,,,,,
138,5/18/13,10.2,,,,,
139,5/19/13,10.2,,,,,
140,5/20/13,10.1,,,,,
141,5/21/13,9.9,,,,,
142,5/22/13,9.8,,,,,
143,5/23/13,9.8,,,,,
144,5/24/13,9.9,,,,,
145,5/25/13,10,,,,,
146,5/26/13,9.7,,,,,
147,5/27/13,9.8,,,,,
148,5/28/13,10.6,,,,,
149,5/29/13,10.9,,,,,
150,5/30/13,11.9,,,,,
151,5/31/13,12.5,,,,,
152,6/1/13,12.6,,,,,
153,6/2/13,12.5,,,,,
154,6/3/13,11.6,,,,,
155,6/4/13,11.7,,,,,
156,6/5/13,12,,,,,
157,6/6/13,12,,,,,
158,6/7/13,11.9,,,,,
159,6/8/13,12.5,,,,,
160,6/9/13,12.8,,,,,
161,6/10/13,12.9,,,,,
162,6/11/13,12.6,,,,,
163,6/12/13,11.7,,,,,
164,6/13/13,11.6,,,,,
165,6/14/13,12.4,,,,,
166,6/15/13,12.7,,,,,
167,6/16/13,13,,,,,
168,6/17/13,13.4,,,,,
169,6/18/13,13.9,,,,,
170,6/19/13,14.5,,,,,
171,6/20/13,14.7,,,,,
172,6/21/13,14.8,,,,,
173,6/22/13,14.7,,,,,
174,6/23/13,14.9,,,,,
175,6/24/13,15.1,,,,,
176,6/25/13,15.3,,,,,
177,6/26/13,15.2,,,,,
178,6/27/13,14.8,,,,,
179,6/28/13,14.3,,,,,
180,6/29/13,14,,,,,
181,6/30/13,14,,,,,
182,7/1/13,14.5,,,,,
183,7/2/13,15.4,,,,,
184,7/3/13,16.3,,,,,
185,7/4/13,16.6,,,,,
186,7/5/13,16.9,,,,,
187,7/6/13,17.5,,,,,
188,7/7/13,17.8,,,,,
189,7/8/13,17.9,,,,,
190,7/9/13,17.5,,,,,
191,7/10/13,17.1,,,,,
192,7/11/13,17.2,,,,,
193,7/12/13,17,,,,,
194,7/13/13,17.2,,,,,
195,7/14/13,18,,,,,
196,7/15/13,19.5,,,,,
197,7/16/13,19.9,,,,,
198,7/17/13,19.8,,,,,
199,7/18/13,19.9,,,,,
200,7/19/13,19.8,,,,,
201,7/20/13,19.6,,,,,
202,7/21/13,19.3,,,,,
203,7/22/13,19.1,,,,,
204,7/23/13,19,,,,,
205,7/24/13,19,,,,,
206,7/25/13,18.7,,,,,
207,7/26/13,17.5,,,,,
208,7/27/13,17.5,,,,,
209,7/28/13,17.4,,,,,
210,7/29/13,17.8,,,,,
211,7/30/13,18.5,,,,,
212,7/31/13,18.8,,,,,
213,8/1/13,18.9,,,,,
214,8/2/13,18.8,,,,,
215,8/3/13,18.8,,,,,
216,8/4/13,18.7,,,,,
217,8/5/13,18.1,,,,,
218,8/6/13,18,,,,,
219,8/7/13,18.2,,,,,
220,8/8/13,18.3,,,,,
221,8/9/13,18,,,,,
222,8/10/13,17.9,,,,,
223,8/11/13,17.7,,,,,
224,8/12/13,17.8,,,,,
225,8/13/13,17.8,,,,,
226,8/14/13,17.4,,,,,
227,8/15/13,17,,,,,
228,8/16/13,17.2,,,,,
229,8/17/13,17.6,,,,,
230,8/18/13,18,,,,,
231,8/19/13,18.3,,,,,
232,8/20/13,18.8,,,,,
233,8/21/13,19.2,,,,,
234,8/22/13,19,,,,,
235,8/23/13,17.7,,,,,
236,8/24/13,17.5,,,,,
237,8/25/13,17.7,,,,,
238,8/26/13,17.8,,,,,
239,8/27/13,18,,,,,
240,8/28/13,17.8,,,,,
241,8/29/13,17.3,,,,,
242,8/30/13,17.4,,,,,
243,8/31/13,17.6,,,,,
244,9/1/13,17.8,,,,,
245,9/2/13,18,,,,,
246,9/3/13,18.4,,,,,
247,9/4/13,18.5,,,,,
248,9/5/13,18.4,,,,,
249,9/6/13,18.1,,,,,
250,9/7/13,17.9,,,,,
251,9/8/13,17.6,,,,,
252,9/9/13,16.9,,,,,
253,9/10/13,17.4,,,,,
254,9/11/13,18.4,,,,,
255,9/12/13,17.9,,,,,
256,9/13/13,17.1,,,,,
257,9/14/13,16.8,,,,,
258,9/15/13,16.9,,,,,
259,9/16/13,16.2,,,,,
260,9/17/13,15.6,,,,,
261,9/18/13,15.8,,,,,
262,9/19/13,16.1,,,,,
263,9/20/13,16.2,,,,,
264,9/21/13,16.1,,,,,
265,9/22/13,15.9,,,,,
266,9/23/13,15.5,,,,,
267,9/24/13,15.2,,,,,
268,9/25/13,14.7,,,,,
269,9/26/13,14.6,,,,,
270,9/27/13,14.7,,,,,
271,9/28/13,14.9,,,,,
272,9/29/13,15,,,,,
273,9/30/13,15.1,,,,,
274,10/1/13,15.4,,,,,
275,10/2/13,15.5,,,,,
276,10/3/13,15.7,,,,,
277,10/4/13,15.7,,,,,
278,10/5/13,15.7,,,,,
279,10/6/13,15.5,,,,,
280,10/7/13,14.9,,,,,
281,10/8/13,14.8,,,,,
282,10/9/13,14.7,,,,,
283,10/10/13,14.7,,,,,
284,10/11/13,14.7,,,,,
285,10/12/13,14.5,,,,,
286,10/13/13,14.4,,,,,
287,10/14/13,14.5,,,,,
288,10/15/13,14.5,,,,,
289,10/16/13,14.6,,,,,
290,10/17/13,14.6,,,,,
291,10/18/13,14.5,,,,,
292,10/19/13,14.5,,,,,
293,10/20/13,14.3,,,,,
294,10/21/13,14.1,,,,,
295,10/22/13,14,,,,,
296,10/23/13,13.9,,,,,
297,10/24/13,13.6,,,,,
298,10/25/13,13.3,,,,,
299,10/26/13,13.1,,,,,
300,10/27/13,12.9,,,,,
301,10/28/13,12.7,,,,,
302,10/29/13,12.6,,,,,
303,10/30/13,12.4,,,,,
304,10/31/13,12.3,,,,,
305,11/1/13,12.4,,,,,
306,11/2/13,12.5,,,,,
307,11/3/13,12.3,,,,,
308,11/4/13,11.9,,,,,
309,11/5/13,11.9,,,,,
310,11/6/13,11.8,,,,,
311,11/7/13,11.8,,,,,
312,11/8/13,11.7,,,,,
313,11/9/13,11.5,,,,,
314,11/10/13,11.2,,,,,
315,11/11/13,11.1,,,,,
316,11/12/13,11,,,,,
317,11/13/13,10.6,,,,,
318,11/14/13,10.6,,,,,
319,11/15/13,10.5,,,,,
320,11/16/13,10.3,,,,,
321,11/17/13,10,,,,,
322,11/18/13,10.2,,,,,
323,11/19/13,10.2,,,,,
324,11/20/13,10.1,,,,,
325,11/21/13,9.9,,,,,
326,11/22/13,9.8,,,,,
327,11/23/13,9.8,,,,,
328,11/24/13,9.4,,,,,
329,11/25/13,9.1,,,,,
330,11/26/13,9.1,,,,,
331,11/27/13,9.2,,,,,
332,11/28/13,9.2,,,,,
333,11/29/13,9.1,,,,,
334,11/30/13,9,,,,,
335,12/1/13,9,,,,,
336,12/2/13,8.9,,,,,
337,12/3/13,8.9,,,,,
338,12/4/13,8.9,,,,,
339,12/5/13,8.8,,,,,
340,12/6/13,8.8,,,,,
341,12/7/13,8.7,,,,,
342,12/8/13,8.5,,,,,
343,12/9/13,8.5,,,,,
344,12/10/13,8.4,,,,,
345,12/11/13,8.3,,,,,
346,12/12/13,8.2,,,,,
347,12/13/13,8,,,,,
348,12/14/13,7.9,,,,,
349,12/15/13,7.6,,,,,
350,12/16/13,7.6,,,,,
351,12/17/13,7.4,,,,,
352,12/18/13,7.4,,,,,
353,12/19/13,7.4,,,,,
354,12/20/13,7.6,,,,,
355,12/21/13,7.7,,,,,
356,12/22/13,7.6,,,,,
357,12/23/13,7.6,,,,,
358,12/24/13,7.4,,,,,
359,12/25/13,7.3,,,,,
360,12/26/13,7.4,,,,,
361,12/27/13,7.6,,,,,
362,12/28/13,7.6,,,,,
363,12/29/13,7.5,,,,,
364,12/30/13,7.3,,,,,
365,12/31/13,7.2,,,,,
1,1/1/14,7.1,,,,,
2,1/2/14,7.1,,,,,
3,1/3/14,7.1,,,,,
4,1/4/14,7.1,,,,,
5,1/5/14,7.2,,,,,
6,1/6/14,7.1,,,,,
7,1/7/14,6.8,,,,,
8,1/8/14,6.5,,,,,
9,1/9/14,6.4,,,,,
10,1/10/14,6.3,,,,,
11,1/11/14,6.3,,,,,
12,1/12/14,6.4,,,,,
13,1/13/14,6.3,,,,,
14,1/14/14,6.1,,,,,
15,1/15/14,6.1,,,,,
16,1/16/14,6.1,,,,,
17,1/17/14,6,,,,,
18,1/18/14,5.9,,,,,
19,1/19/14,5.7,,,,,
20,1/20/14,5.7,,,,,
21,1/21/14,5.6,,,,,
22,1/22/14,5.7,,,,,
23,1/23/14,5.7,,,,,
24,1/24/14,5.6,,,,,
25,1/25/14,5.6,,,,,
26,1/26/14,5.7,,,,,
27,1/27/14,5.6,,,,,
28,1/28/14,5.5,,,,,
29,1/29/14,5.8,,,,,
30,1/30/14,5.9,,,,,
31,1/31/14,5.9,,,,,
32,2/1/14,5.7,,,,,
33,2/2/14,5.6,,,,,
34,2/3/14,5.8,,,,,
35,2/4/14,5.8,,,,,
36,2/5/14,5.7,,,,,
37,2/6/14,5.6,,,,,
38,2/7/14,5.4,,,,,
39,2/8/14,5.3,,,,,
40,2/9/14,5.3,,,,,
41,2/10/14,5.1,,,,,
42,2/11/14,5.2,,,,,
43,2/12/14,5.2,,,,,
44,2/13/14,5.2,,,,,
45,2/14/14,5.3,,,,,
46,2/15/14,5.3,,,,,
47,2/16/14,5.2,,,,,
48,2/17/14,5,,,,,
49,2/18/14,4.8,,,,,
50,2/19/14,5.1,,,,,
51,2/20/14,5.4,,,,,
52,2/21/14,5.3,,,,,
53,2/22/14,5.4,,,,,
54,2/23/14,5.3,,,,,
55,2/24/14,5.1,,,,,
56,2/25/14,4.7,,,,,
57,2/26/14,4.4,,,,,
58,2/27/14,4.4,,,,,
59,2/28/14,4.6,,,,,
60,3/1/14,4.6,,,,,
61,3/2/14,4.5,,,,,
62,3/3/14,4.6,,,,,
63,3/4/14,4.6,,,,,
64,3/5/14,4.7,,,,,
65,3/6/14,4.7,,,,,
66,3/7/14,4.6,,,,,
67,3/8/14,5,,,,,
68,3/9/14,5,,,,,
69,3/10/14,4.9,,,,,
70,3/11/14,4.8,,,,,
71,3/12/14,4.8,,,,,
72,3/13/14,5,,,,,
73,3/14/14,5.1,,,,,
74,3/15/14,4.9,,,,,
75,3/16/14,4.7,,,,,
76,3/17/14,4.6,,,,,
77,3/18/14,4.7,,,,,
78,3/19/14,4.8,,,,,
79,3/20/14,4.8,,,,,
80,3/21/14,4.7,,,,,
81,3/22/14,4.5,,,,,
82,3/23/14,4.6,,,,,
83,3/24/14,4.6,,,,,
84,3/25/14,4.4,,,,,
85,3/26/14,4.5,,,,,
86,3/27/14,4.6,,,,,
87,3/28/14,4.5,,,,,
88,3/29/14,4.5,,,,,
89,3/30/14,4.4,,,,,
90,3/31/14,4.7,,,,,
91,4/1/14,4.9,,,,,
92,4/2/14,4.7,,,,,
93,4/3/14,4.7,,,,,
94,4/4/14,4.7,,,,,
95,4/5/14,4.7,,,,,
96,4/6/14,4.6,,,,,
97,4/7/14,4.5,,,,,
98,4/8/14,5,,,,,
99,4/9/14,5.2,,,,,
100,4/10/14,5.2,,,,,
101,4/11/14,5.2,,,,,
102,4/12/14,5.6,,,,,
103,4/13/14,5.5,,,,,
104,4/14/14,5.3,,,,,
105,4/15/14,5.3,,,,,
106,4/16/14,5.3,,,,,
107,4/17/14,5.1,,,,,
108,4/18/14,5.4,,,,,
109,4/19/14,5.9,,,,,
110,4/20/14,6,,,,,
111,4/21/14,6,,,,,
112,4/22/14,6.1,,,,,
113,4/23/14,6.2,,,,,
114,4/24/14,5.9,,,,,
115,4/25/14,5.9,,,,,
116,4/26/14,6,,,,,
117,4/27/14,6.2,,,,,
118,4/28/14,6.1,,,,,
119,4/29/14,5.9,,,,,
120,4/30/14,5.8,,,,,
121,5/1/14,6.8,,,,,
122,5/2/14,7.3,,,,,
123,5/3/14,7.5,,,,,
124,5/4/14,7.4,,,,,
125,5/5/14,7.3,,,,,
126,5/6/14,7.8,,,,,
127,5/7/14,8.1,,,,,
128,5/8/14,8.3,,,,,
129,5/9/14,8.3,,,,,
130,5/10/14,8.6,,,,,
131,5/11/14,9,,,,,
132,5/12/14,9.1,,,,,
133,5/13/14,8.9,,,,,
134,5/14/14,8.7,,,,,
135,5/15/14,8.6,,,,,
136,5/16/14,8.8,,,,,
137,5/17/14,9.2,,,,,
138,5/18/14,9.4,,,,,
139,5/19/14,9.3,,,,,
140,5/20/14,9.7,,,,,
141,5/21/14,10.4,,,,,
142,5/22/14,10.1,,,,,
143,5/23/14,10,,,,,
144,5/24/14,10.2,,,,,
145,5/25/14,10.4,,,,,
146,5/26/14,10.6,,,,,
147,5/27/14,10.4,,,,,
148,5/28/14,9.8,,,,,
149,5/29/14,9.8,,,,,
150,5/30/14,10.1,,,,,
151,5/31/14,10.3,,,,,
152,6/1/14,10.5,,,,,
153,6/2/14,10.9,,,,,
154,6/3/14,11.3,,,,,
155,6/4/14,11.6,,,,,
156,6/5/14,11.4,,,,,
157,6/6/14,11.6,,,,,
158,6/7/14,12.2,,,,,
159,6/8/14,13.6,,,,,
160,6/9/14,14,,,,,
161,6/10/14,12.9,,,,,
162,6/11/14,12.8,,,,,
163,6/12/14,12.8,,,,,
164,6/13/14,13.2,,,,,
165,6/14/14,12.9,,,,,
166,6/15/14,12.4,,,,,
167,6/16/14,12.1,,,,,
168,6/17/14,12.7,,,,,
169,6/18/14,13,,,,,
170,6/19/14,13.2,,,,,
171,6/20/14,13.3,,,,,
172,6/21/14,13.6,,,,,
173,6/22/14,14.2,,,,,
174,6/23/14,14.6,,,,,
175,6/24/14,14.7,,,,,
176,6/25/14,15,,,,,
177,6/26/14,14.8,,,,,
178,6/27/14,14.8,,,,,
179,6/28/14,15.6,,,,,
180,6/29/14,15.6,,,,,
181,6/30/14,15.4,,,,,
182,7/1/14,15.5,,,,,
183,7/2/14,15.6,,,,,
184,7/3/14,16,,,,,
185,7/4/14,16.2,,,,,
186,7/5/14,15,,,,,
187,7/6/14,14.8,,,,,
188,7/7/14,14.9,,,,,
189,7/8/14,15.3,,,,,
190,7/9/14,15.5,,,,,
191,7/10/14,15.6,,,,,
192,7/11/14,16.4,,,,,
193,7/12/14,16.5,,,,,
194,7/13/14,16.5,,,,,
195,7/14/14,16.2,,,,,
196,7/15/14,16.1,,,,,
197,7/16/14,16.6,,,,,
198,7/17/14,16.7,,,,,
199,7/18/14,16.7,,,,,
200,7/19/14,16.9,,,,,
201,7/20/14,17.3,,,,,
202,7/21/14,17.4,,,,,
203,7/22/14,17.8,,,,,
204,7/23/14,18,,,,,
205,7/24/14,17.8,,,,,
206,7/25/14,17.6,,,,,
207,7/26/14,17.8,,,,,
208,7/27/14,17.8,,,,,
209,7/28/14,17.8,,,,,
210,7/29/14,17.8,,,,,
211,7/30/14,18.1,,,,,
212,7/31/14,18.5,,,,,
213,8/1/14,18.7,,,,,
214,8/2/14,18.7,,,,,
215,8/3/14,18.7,,,,,
216,8/4/14,19,,,,,
217,8/5/14,19.3,,,,,
218,8/6/14,19.5,,,,,
219,8/7/14,19.4,,,,,
220,8/8/14,19.2,,,,,
221,8/9/14,19.5,,,,,
222,8/10/14,19.6,,,,,
223,8/11/14,19.8,,,,,
224,8/12/14,19.8,,,,,
225,8/13/14,18.9,,,,,
226,8/14/14,18.2,,,,,
227,8/15/14,18.2,,,,,
228,8/16/14,18,,,,,
229,8/17/14,18.3,,,,,
230,8/18/14,18.4,,,,,
231,8/19/14,18.8,,,,,
232,8/20/14,19.1,,,,,
233,8/21/14,19.2,,,,,
234,8/22/14,18.7,,,,,
235,8/23/14,18.5,,,,,
236,8/24/14,18.8,,,,,
237,8/25/14,19.2,,,,,
238,8/26/14,19.2,,,,,
239,8/27/14,19.2,,,,,
240,8/28/14,18.8,,,,,
241,8/29/14,18.3,,,,,
242,8/30/14,18.1,,,,,
243,8/31/14,18.3,,,,,
244,9/1/14,19.1,,,,,
245,9/2/14,19.3,,,,,
246,9/3/14,19.4,,,,,
247,9/4/14,19.5,,,,,
248,9/5/14,19.4,,,,,
249,9/6/14,19.3,,,,,
250,9/7/14,18.7,,,,,
251,9/8/14,18.5,,,,,
252,9/9/14,18.4,,,,,
253,9/10/14,18,,,,,
254,9/11/14,17.8,,,,,
255,9/12/14,17.7,,,,,
256,9/13/14,17.6,,,,,
257,9/14/14,17.3,,,,,
258,9/15/14,17.1,,,,,
259,9/16/14,17.2,,,,,
260,9/17/14,17.6,,,,,
261,9/18/14,17.4,,,,,
262,9/19/14,16.8,,,,,
263,9/20/14,16.3,,,,,
264,9/21/14,16.5,,,,,
265,9/22/14,16.5,,,,,
266,9/23/14,16.4,,,,,
267,9/24/14,16.3,,,,,
268,9/25/14,16.3,,,,,
269,9/26/14,16.6,,,,,
270,9/27/14,16.8,,,,,
271,9/28/14,17,,,,,
272,9/29/14,16.9,,,,,
273,9/30/14,16.1,,,,,
274,10/1/14,15.6,,,,,
275,10/2/14,15.7,,,,,
276,10/3/14,15.6,,,,,
277,10/4/14,15.2,,,,,
278,10/5/14,15.3,,,,,
279,10/6/14,15.4,,,,,
280,10/7/14,15.4,,,,,
281,10/8/14,15.4,,,,,
282,10/9/14,15.3,,,,,
283,10/10/14,15.1,,,,,
284,10/11/14,14.9,,,,,
285,10/12/14,14.7,,,,,
286,10/13/14,14.6,,,,,
287,10/14/14,14.5,,,,,
288,10/15/14,14.8,,,,,
289,10/16/14,15,,,,,
290,10/17/14,15,,,,,
291,10/18/14,15,,,,,
292,10/19/14,14.9,,,,,
293,10/20/14,14.6,,,,,
294,10/21/14,14,,,,,
295,10/22/14,13.7,,,,,
296,10/23/14,13.5,,,,,
297,10/24/14,13.6,,,,,
298,10/25/14,13.7,,,,,
299,10/26/14,13.5,,,,,
300,10/27/14,13.3,,,,,
301,10/28/14,13.3,,,,,
302,10/29/14,13.1,,,,,
303,10/30/14,13,,,,,
304,10/31/14,12.9,,,,,
305,11/1/14,12.8,,,,,
306,11/2/14,12,,,,,
307,11/3/14,11.8,,,,,
308,11/4/14,11.7,,,,,
309,11/5/14,11.7,,,,,
310,11/6/14,11.6,,,,,
311,11/7/14,11.5,,,,,
312,11/8/14,11.4,,,,,
313,11/9/14,11.3,,,,,
314,11/10/14,11.4,,,,,
315,11/11/14,11.5,,,,,
316,11/12/14,11.5,,,,,
317,11/13/14,11.5,,,,,
318,11/14/14,11.4,,,,,
319,11/15/14,10.9,,,,,
320,11/16/14,10.8,,,,,
321,11/17/14,10.9,,,,,
322,11/18/14,10.9,,,,,
323,11/19/14,10.8,,,,,
324,11/20/14,10.7,,,,,
325,11/21/14,10.7,,,,,
326,11/22/14,10.5,,,,,
327,11/23/14,10.4,,,,,
328,11/24/14,10.4,,,,,
329,11/25/14,10.3,,,,,
330,11/26/14,10.1,,,,,
331,11/27/14,9.9,,,,,
332,11/28/14,9.7,,,,,
333,11/29/14,9.7,,,,,
334,11/30/14,9.7,,,,,
335,12/1/14,9.8,,,,,
336,12/2/14,9.8,,,,,
337,12/3/14,9.8,,,,,
338,12/4/14,9.8,,,,,
339,12/5/14,9.7,,,,,
340,12/6/14,9.6,,,,,
341,12/7/14,9.2,,,,,
342,12/8/14,9.2,,,,,
343,12/9/14,9.2,,,,,
344,12/10/14,9.3,,,,,
345,12/11/14,9.3,,,,,
346,12/12/14,9.2,,,,,
347,12/13/14,9.1,,,,,
348,12/14/14,9.2,,,,,
349,12/15/14,9.2,,,,,
350,12/16/14,9.1,,,,,
351,12/17/14,9,,,,,
352,12/18/14,9,,,,,
353,12/19/14,8.8,,,,,
354,12/20/14,8.5,,,,,
355,12/21/14,8.4,,,,,
356,12/22/14,8.4,,,,,
357,12/23/14,8.4,,,,,
358,12/24/14,8.4,,,,,
359,12/25/14,8.6,,,,,
360,12/26/14,8.7,,,,,
361,12/27/14,8.7,,,,,
362,12/28/14,8.6,,,,,
363,12/29/14,8.4,,,,,
364,12/30/14,8.4,,,,,
365,12/31/14,8.2,,,,,
1,1/1/15,8.1,,,,,
2,1/2/15,8.3,,,,,
3,1/3/15,8.3,,,,,
4,1/4/15,8.5,,,,,
5,1/5/15,8.5,,,,,
6,1/6/15,8.4,,,,,
7,1/7/15,8.1,,,,,
8,1/8/15,7.9,,,,,
9,1/9/15,7.8,,,,,
10,1/10/15,7.7,,,,,
11,1/11/15,7.6,,,,,
12,1/12/15,7.6,,,,,
13,1/13/15,7.4,,,,,
14,1/14/15,7.3,,,,,
15,1/15/15,7.5,,,,,
16,1/16/15,7.5,,,,,
17,1/17/15,7.4,,,,,
18,1/18/15,7.2,,,,,
19,1/19/15,7.2,,,,,
20,1/20/15,7.1,,,,,
21,1/21/15,7,,,,,
22,1/22/15,6.9,,,,,
23,1/23/15,6.8,,,,,
24,1/24/15,6.8,,,,,
25,1/25/15,6.9,,,,,
26,1/26/15,6.9,,,,,
27,1/27/15,6.8,,,,,
28,1/28/15,6.7,,,,,
29,1/29/15,6.7,,,,,
30,1/30/15,6.7,,,,,
31,1/31/15,6.6,,,,,
32,2/1/15,6.6,,,,,
33,2/2/15,6.6,,,,,
34,2/3/15,6.3,,,,,
35,2/4/15,6.1,,,,,
36,2/5/15,6,,,,,
37,2/6/15,5.9,,,,,
38,2/7/15,5.8,,,,,
39,2/8/15,5.6,,,,,
40,2/9/15,5.5,,,,,
41,2/10/15,5.4,,,,,
42,2/11/15,5.3,,,,,
43,2/12/15,5.2,,,,,
44,2/13/15,4.9,,,,,
45,2/14/15,4.7,,,,,
46,2/15/15,4.8,,,,,
47,2/16/15,4.9,,,,,
48,2/17/15,4.8,,,,,
49,2/18/15,4.6,,,,,
50,2/19/15,4.5,,,,,
51,2/20/15,4.8,,,,,
52,2/21/15,4.8,,,,,
53,2/22/15,4.7,,,,,
54,2/23/15,4.4,,,,,
55,2/24/15,4.2,,,,,
56,2/25/15,4.2,,,,,
57,2/26/15,4.3,,,,,
58,2/27/15,4.1,,,,,
59,2/28/15,4.1,,,,,
60,3/1/15,4.1,,,,,
61,3/2/15,3.9,,,,,
62,3/3/15,3.8,,,,,
63,3/4/15,3.8,,,,,
64,3/5/15,3.6,,,,,
65,3/6/15,3.8,,,,,
66,3/7/15,3.9,,,,,
67,3/8/15,3.8,,,,,
68,3/9/15,3.8,,,,,
69,3/10/15,3.8,,,,,
70,3/11/15,4,,,,,
71,3/12/15,3.9,,,,,
72,3/13/15,3.8,,,,,
73,3/14/15,3.8,,,,,
74,3/15/15,3.6,,,,,
75,3/16/15,3.5,,,,,
76,3/17/15,3.6,,,,,
77,3/18/15,3.7,,,,,
78,3/19/15,3.8,,,,,
79,3/20/15,3.9,,,,,
80,3/21/15,3.9,,,,,
81,3/22/15,3.9,,,,,
82,3/23/15,3.7,,,,,
83,3/24/15,3.8,,,,,
84,3/25/15,4.1,,,,,
85,3/26/15,4.2,,,,,
86,3/27/15,4,,,,,
87,3/28/15,3.8,,,,,
88,3/29/15,3.8,,,,,
89,3/30/15,3.8,,,,,
90,3/31/15,3.6,,,,,
91,4/1/15,3.6,,,,,
92,4/2/15,3.5,,,,,
93,4/3/15,3.6,,,,,
94,4/4/15,3.9,,,,,
95,4/5/15,3.9,,,,,
96,4/6/15,3.9,,,,,
97,4/7/15,3.8,,,,,
98,4/8/15,3.7,,,,,
99,4/9/15,3.9,,,,,
100,4/10/15,4,,,,,
101,4/11/15,4,,,,,
102,4/12/15,4.2,,,,,
103,4/13/15,4.5,,,,,
104,4/14/15,4.8,,,,,
105,4/15/15,5.2,,,,,
106,4/16/15,5.3,,,,,
107,4/17/15,5.3,,,,,
108,4/18/15,5.3,,,,,
109,4/19/15,5.2,,,,,
110,4/20/15,5,,,,,
111,4/21/15,5.1,,,,,
112,4/22/15,5.1,,,,,
113,4/23/15,5,,,,,
114,4/24/15,4.9,,,,,
115,4/25/15,5.1,,,,,
116,4/26/15,5.2,,,,,
117,4/27/15,5.4,,,,,
118,4/28/15,5.5,,,,,
119,4/29/15,5.8,,,,,
120,4/30/15,5.8,,,,,
121,5/1/15,5.9,,,,,
122,5/2/15,6.2,,,,,
123,5/3/15,6.6,,,,,
124,5/4/15,6.8,,,,,
125,5/5/15,7.2,,,,,
126,5/6/15,7.6,,,,,
127,5/7/15,7.4,,,,,
128,5/8/15,7.4,,,,,
129,5/9/15,7.8,,,,,
130,5/10/15,8.1,,,,,
131,5/11/15,8.2,,,,,
132,5/12/15,8.2,,,,,
133,5/13/15,8.4,,,,,
134,5/14/15,8.5,,,,,
135,5/15/15,8.6,,,,,
136,5/16/15,8.9,,,,,
137,5/17/15,9.3,,,,,
138,5/18/15,9.2,,,,,
139,5/19/15,9,,,,,
140,5/20/15,8.9,,,,,
141,5/21/15,9,,,,,
142,5/22/15,9,,,,,
143,5/23/15,8.6,,,,,
144,5/24/15,8.9,,,,,
145,5/25/15,9.2,,,,,
146,5/26/15,10.1,,,,,
147,5/27/15,10.9,,,,,
148,5/28/15,10.8,,,,,
149,5/29/15,10.8,,,,,
150,5/30/15,11,,,,,
151,5/31/15,10.7,,,,,
152,6/1/15,10.2,,,,,
153,6/2/15,9.7,,,,,
154,6/3/15,9.8,,,,,
155,6/4/15,10.1,,,,,
156,6/5/15,10.2,,,,,
157,6/6/15,10.7,,,,,
158,6/7/15,11.2,,,,,
159,6/8/15,11,,,,,
160,6/9/15,10.8,,,,,
161,6/10/15,10.9,,,,,
162,6/11/15,11.4,,,,,
163,6/12/15,12.2,,,,,
164,6/13/15,12.4,,,,,
165,6/14/15,12.5,,,,,
166,6/15/15,12.4,,,,,
167,6/16/15,12.3,,,,,
168,6/17/15,12.3,,,,,
169,6/18/15,12.4,,,,,
170,6/19/15,12.6,,,,,
171,6/20/15,13.1,,,,,
172,6/21/15,13.1,,,,,
173,6/22/15,13,,,,,
174,6/23/15,13,,,,,
175,6/24/15,13.4,,,,,
176,6/25/15,13.7,,,,,
177,6/26/15,13.6,,,,,
178,6/27/15,13.5,,,,,
179,6/28/15,13.2,,,,,
180,6/29/15,13,,,,,
181,6/30/15,13.4,,,,,
182,7/1/15,13.6,,,,,
183,7/2/15,13.8,,,,,
184,7/3/15,14.1,,,,,
185,7/4/15,14.3,,,,,
186,7/5/15,14.9,,,,,
187,7/6/15,15.8,,,,,
188,7/7/15,15.7,,,,,
189,7/8/15,15.7,,,,,
190,7/9/15,15.8,,,,,
191,7/10/15,16.3,,,,,
192,7/11/15,16.7,,,,,
193,7/12/15,16.7,,,,,
194,7/13/15,17,,,,,
195,7/14/15,17.3,,,,,
196,7/15/15,17,,,,,
197,7/16/15,16.4,,,,,
198,7/17/15,16.6,,,,,
199,7/18/15,16.7,,,,,
200,7/19/15,17.3,,,,,
201,7/20/15,17.8,,,,,
202,7/21/15,17.6,,,,,
203,7/22/15,17.5,,,,,
204,7/23/15,17.8,,,,,
205,7/24/15,18.1,,,,,
206,7/25/15,18.1,,,,,
207,7/26/15,17.6,,,,,
208,7/27/15,18,,,,,
209,7/28/15,18.7,,,,,
210,7/29/15,19,,,,,
211,7/30/15,19,,,,,
212,7/31/15,18.5,,,,,
213,8/1/15,18.7,,,,,
214,8/2/15,18.8,,,,,
215,8/3/15,18.6,,,,,
216,8/4/15,18.2,,,,,
217,8/5/15,18.3,,,,,
218,8/6/15,18.3,,,,,
219,8/7/15,18.6,,,,,
220,8/8/15,18.4,,,,,
221,8/9/15,17.9,,,,,
222,8/10/15,17.9,,,,,
223,8/11/15,18,,,,,
224,8/12/15,18.1,,,,,
225,8/13/15,18.5,,,,,
226,8/14/15,18.6,,,,,
227,8/15/15,18.9,,,,,
228,8/16/15,19.9,,,,,
229,8/17/15,20.1,,,,,
230,8/18/15,20.5,,,,,
231,8/19/15,20.5,,,,,
232,8/20/15,20.3,,,,,
233,8/21/15,20,,,,,
234,8/22/15,20,,,,,
235,8/23/15,19.7,,,,,
236,8/24/15,19.7,,,,,
237,8/25/15,19.6,,,,,
238,8/26/15,20,,,,,
239,8/27/15,20.3,,,,,
240,8/28/15,20.4,,,,,
241,8/29/15,20.4,,,,,
242,8/30/15,20.4,,,,,
243,8/31/15,20.2,,,,,
244,9/1/15,20,,,,,
245,9/2/15,20,,,,,
246,9/3/15,19.8,,,,,
247,9/4/15,19,,,,,
248,9/5/15,18.9,,,,,
249,9/6/15,18.8,,,,,
250,9/7/15,19,,,,,
251,9/8/15,19.4,,,,,
252,9/9/15,19.2,,,,,
253,9/10/15,19,,,,,
254,9/11/15,18.5,,,,,
255,9/12/15,18.2,,,,,
256,9/13/15,18,,,,,
257,9/14/15,17.6,,,,,
258,9/15/15,17.7,,,,,
259,9/16/15,18,,,,,
260,9/17/15,18.4,,,,,
261,9/18/15,18.7,,,,,
262,9/19/15,18.4,,,,,
263,9/20/15,18,,,,,
264,9/21/15,17.6,,,,,
265,9/22/15,17.4,,,,,
266,9/23/15,17.2,,,,,
267,9/24/15,17.1,,,,,
268,9/25/15,17,,,,,
269,9/26/15,16.4,,,,,
270,9/27/15,16.4,,,,,
271,9/28/15,16.6,,,,,
272,9/29/15,16.9,,,,,
273,9/30/15,16.8,,,,,
274,10/1/15,16,,,,,
275,10/2/15,15.4,,,,,
276,10/3/15,14.6,,,,,
277,10/4/15,14.1,,,,,
278,10/5/15,14,,,,,
279,10/6/15,14.2,,,,,
280,10/7/15,14.2,,,,,
281,10/8/15,14.1,,,,,
282,10/9/15,14,,,,,
283,10/10/15,13.7,,,,,
284,10/11/15,13.9,,,,,
285,10/12/15,14,,,,,
286,10/13/15,14.1,,,,,
287,10/14/15,14,,,,,
288,10/15/15,13.9,,,,,
289,10/16/15,13.7,,,,,
290,10/17/15,13.5,,,,,
291,10/18/15,13.2,,,,,
292,10/19/15,13,,,,,
293,10/20/15,13,,,,,
294,10/21/15,12.9,,,,,
295,10/22/15,12.8,,,,,
296,10/23/15,12.8,,,,,
297,10/24/15,12.7,,,,,
298,10/25/15,12.7,,,,,
299,10/26/15,12.6,,,,,
300,10/27/15,12.4,,,,,
301,10/28/15,12.3,,,,,
302,10/29/15,12.4,,,,,
303,10/30/15,12.2,,,,,
304,10/31/15,12.1,,,,,
305,11/1/15,12,,,,,
306,11/2/15,12,,,,,
307,11/3/15,12.1,,,,,
308,11/4/15,12.3,,,,,
309,11/5/15,12.3,,,,,
310,11/6/15,12.3,,,,,
311,11/7/15,12.2,,,,,
312,11/8/15,12.1,,,,,
313,11/9/15,12,,,,,
314,11/10/15,12,,,,,
315,11/11/15,11.9,,,,,
316,11/12/15,11.9,,,,,
317,11/13/15,12,,,,,
318,11/14/15,11.8,,,,,
319,11/15/15,11.6,,,,,
320,11/16/15,11.4,,,,,
321,11/17/15,11.1,,,,,
322,11/18/15,10.9,,,,,
323,11/19/15,10.9,,,,,
324,11/20/15,11.1,,,,,
325,11/21/15,11.1,,,,,
326,11/22/15,11,,,,,
327,11/23/15,10.8,,,,,
328,11/24/15,10.8,,,,,
329,11/25/15,10.6,,,,,
330,11/26/15,10.6,,,,,
331,11/27/15,10.5,,,,,
332,11/28/15,10.5,,,,,
333,11/29/15,10.5,,,,,
334,11/30/15,10.3,,,,,
335,12/1/15,9.9,,,,,
336,12/2/15,9.9,,,,,
337,12/3/15,9.8,,,,,
338,12/4/15,9.6,,,,,
339,12/5/15,9.5,,,,,
340,12/6/15,9.6,,,,,
341,12/7/15,9.6,,,,,
342,12/8/15,9.6,,,,,
343,12/9/15,9.2,,,,,
344,12/10/15,9.3,,,,,
345,12/11/15,9.6,,,,,
346,12/12/15,9.6,,,,,
347,12/13/15,9.6,,,,,
348,12/14/15,9.6,,,,,
349,12/15/15,9.7,,,,,
350,12/16/15,9.7,,,,,
351,12/17/15,9.6,,,,,
352,12/18/15,9.5,,,,,
353,12/19/15,9.4,,,,,
354,12/20/15,9.4,,,,,
355,12/21/15,9.5,,,,,
356,12/22/15,9.4,,,,,
357,12/23/15,9.2,,,,,
358,12/24/15,9.3,,,,,
359,12/25/15,9.6,,,,,
360,12/26/15,9.6,,,,,
361,12/27/15,9.6,,,,,
362,12/28/15,9.4,,,,,
363,12/29/15,9.2,,,,,
364,12/30/15,9,,,,,
365,12/31/15,8.9,,,,,
1,1/1/16,8.8,,,,,
2,1/2/16,8.7,,,,,
3,1/3/16,8.5,,,,,
4,1/4/16,8.5,,,,,
5,1/5/16,8.6,,,,,
6,1/6/16,8.7,,,,,
7,1/7/16,8.7,,,,,
8,1/8/16,8.3,,,,,
9,1/9/16,8.2,,,,,
10,1/10/16,8.4,,,,,
11,1/11/16,8.3,,,,,
12,1/12/16,8.1,,,,,
13,1/13/16,7.9,,,,,
14,1/14/16,7.6,,,,,
15,1/15/16,7.5,,,,,
16,1/16/16,7.5,,,,,
17,1/17/16,7.5,,,,,
18,1/18/16,7.3,,,,,
19,1/19/16,7.1,,,,,
20,1/20/16,6.9,,,,,
21,1/21/16,6.7,,,,,
22,1/22/16,6.8,,,,,
23,1/23/16,6.7,,,,,
24,1/24/16,6.6,,,,,
25,1/25/16,6.5,,,,,
26,1/26/16,6.4,,,,,
27,1/27/16,6.4,,,,,
28,1/28/16,6.4,,,,,
29,1/29/16,6.4,,,,,
30,1/30/16,6.3,,,,,
31,1/31/16,6.4,,,,,
32,2/1/16,6.8,,,,,
33,2/2/16,6.8,,,,,
34,2/3/16,6.6,,,,,
35,2/4/16,6.5,,,,,
36,2/5/16,6.5,,,,,
37,2/6/16,6.5,,,,,
38,2/7/16,6.6,,,,,
39,2/8/16,6.5,,,,,
40,2/9/16,6.3,,,,,
41,2/10/16,6.2,,,,,
42,2/11/16,6.2,,,,,
43,2/12/16,6.1,,,,,
44,2/13/16,5.8,,,,,
45,2/14/16,5.7,,,,,
46,2/15/16,5.6,,,,,
47,2/16/16,5.7,,,,,
48,2/17/16,5.9,,,,,
49,2/18/16,5.9,,,,,
50,2/19/16,5.9,,,,,
51,2/20/16,5.9,,,,,
52,2/21/16,5.9,,,,,
53,2/22/16,5.8,,,,,
54,2/23/16,5.6,,,,,
55,2/24/16,5.5,,,,,
56,2/25/16,5.5,,,,,
57,2/26/16,5.3,,,,,
58,2/27/16,5.3,,,,,
59,2/28/16,5.4,,,,,
60,2/29/16,5.6,,,,,
61,3/1/16,5.7,,,,,
62,3/2/16,5.6,,,,,
63,3/3/16,5.5,,,,,
64,3/4/16,5.4,,,,,
65,3/5/16,5.2,,,,,
66,3/6/16,5.1,,,,,
67,3/7/16,5.2,,,,,
68,3/8/16,5.4,,,,,
69,3/9/16,5.6,,,,,
70,3/10/16,5.6,,,,,
71,3/11/16,5.8,,,,,
72,3/12/16,5.8,,,,,
73,3/13/16,5.7,,,,,
74,3/14/16,5.5,,,,,
75,3/15/16,5.6,,,,,
76,3/16/16,5.7,,,,,
77,3/17/16,5.7,,,,,
78,3/18/16,5.7,,,,,
79,3/19/16,5.6,,,,,
80,3/20/16,5.7,,,,,
81,3/21/16,5.6,,,,,
82,3/22/16,5.7,,,,,
83,3/23/16,5.8,,,,,
84,3/24/16,5.7,,,,,
85,3/25/16,5.5,,,,,
86,3/26/16,5.6,,,,,
87,3/27/16,5.7,,,,,
88,3/28/16,5.6,,,,,
89,3/29/16,5.6,,,,,
90,3/30/16,5.6,,,,,
91,3/31/16,5.9,,,,,
92,4/1/16,5.9,,,,,
93,4/2/16,5.7,,,,,
94,4/3/16,5.4,,,,,
95,4/4/16,5.1,,,,,
96,4/5/16,4.9,,,,,
97,4/6/16,5,,,,,
98,4/7/16,5.2,,,,,
99,4/8/16,5.6,,,,,
100,4/9/16,5.4,,,,,
101,4/10/16,5.5,,,,,
102,4/11/16,5.5,,,,,
103,4/12/16,5.9,,,,,
104,4/13/16,6.2,,,,,
105,4/14/16,5.9,,,,,
106,4/15/16,6,,,,,
107,4/16/16,6,,,,,
108,4/17/16,5.9,,,,,
109,4/18/16,6.2,,,,,
110,4/19/16,6,,,,,
111,4/20/16,5.9,,,,,
112,4/21/16,6.3,,,,,
113,4/22/16,6.8,,,,,
114,4/23/16,7.1,,,,,
115,4/24/16,6.6,,,,,
116,4/25/16,6.7,,,,,
117,4/26/16,6.4,,,,,
118,4/27/16,6.2,,,,,
119,4/28/16,6.4,,,,,
120,4/29/16,6.4,,,,,
121,4/30/16,7.1,,,,,
122,5/1/16,7,,,,,
123,5/2/16,7.1,,,,,
124,5/3/16,7.1,,,,,
125,5/4/16,7.1,,,,,
126,5/5/16,6.9,,,,,
127,5/6/16,6.9,,,,,
128,5/7/16,7.1,,,,,
129,5/8/16,7.2,,,,,
130,5/9/16,7,,,,,
131,5/10/16,7.3,,,,,
132,5/11/16,8.1,,,,,
133,5/12/16,9.1,,,,,
134,5/13/16,9,,,,,
135,5/14/16,9.7,,,,,
136,5/15/16,9.1,,,,,
137,5/16/16,8.2,,,,,
138,5/17/16,7.8,,,,,
139,5/18/16,8.7,,,,,
140,5/19/16,9.1,,,,,
141,5/20/16,9.5,,,,,
142,5/21/16,10,,,,,
143,5/22/16,9.8,,,,,
144,5/23/16,10,,,,,
145,5/24/16,10.1,,,,,
146,5/25/16,10.3,,,,,
147,5/26/16,11.7,,,,,
148,5/27/16,11.2,,,,,
149,5/28/16,11.6,,,,,
150,5/29/16,11.3,,,,,
151,5/30/16,11.2,,,,,
152,5/31/16,11.4,,,,,
153,6/1/16,11.7,,,,,
154,6/2/16,12.1,,,,,
155,6/3/16,12.2,,,,,
156,6/4/16,12.5,,,,,
157,6/5/16,12.6,,,,,
158,6/6/16,12.2,,,,,
159,6/7/16,12.4,,,,,
160,6/8/16,12.4,,,,,
161,6/9/16,12.7,,,,,
162,6/10/16,12.2,,,,,
163,6/11/16,12.6,,,,,
164,6/12/16,12.6,,,,,
165,6/13/16,12.1,,,,,
166,6/14/16,12.2,,,,,
167,6/15/16,12.6,,,,,
168,6/16/16,13.8,,,,,
169,6/17/16,14.6,,,,,
170,6/18/16,14.5,,,,,
171,6/19/16,14.6,,,,,
172,6/20/16,14.2,,,,,
173,6/21/16,14.2,,,,,
174,6/22/16,14.7,,,,,
175,6/23/16,15.1,,,,,
176,6/24/16,15.5,,,,,
177,6/25/16,16.1,,,,,
178,6/26/16,16.4,,,,,
179,6/27/16,16,,,,,
180,6/28/16,15.7,,,,,
181,6/29/16,15.8,,,,,
182,6/30/16,16.2,,,,,
183,7/1/16,16.9,,,,,
184,7/2/16,16.5,,,,,
185,7/3/16,16.5,,,,,
186,7/4/16,16.7,,,,,
187,7/5/16,17,,,,,
188,7/6/16,17.3,,,,,
189,7/7/16,17.4,,,,,
190,7/8/16,17,,,,,
191,7/9/16,16.7,,,,,
192,7/10/16,16.1,,,,,
193,7/11/16,16.3,,,,,
194,7/12/16,17.1,,,,,
195,7/13/16,17.4,,,,,
196,7/14/16,17.7,,,,,
197,7/15/16,18.1,,,,,
198,7/16/16,18.6,,,,,
199,7/17/16,18.9,,,,,
200,7/18/16,19,,,,,
201,7/19/16,18.5,,,,,
202,7/20/16,18.5,,,,,
203,7/21/16,18.7,,,,,
204,7/22/16,18.7,,,,,
205,7/23/16,18.7,,,,,
206,7/24/16,18.8,,,,,
207,7/25/16,19.6,,,,,
208,7/26/16,19.8,,,,,
209,7/27/16,20.1,,,,,
210,7/28/16,20.2,,,,,
211,7/29/16,20.2,,,,,
212,7/30/16,20.4,,,,,
213,7/31/16,20.3,,,,,
214,8/1/16,20.2,,,,,
215,8/2/16,20.2,,,,,
216,8/3/16,20.4,,,,,
217,8/4/16,20.3,,,,,
218,8/5/16,20.2,,,,,
219,8/6/16,19.9,,,,,
220,8/7/16,19.6,,,,,
221,8/8/16,19.6,,,,,
222,8/9/16,19.5,,,,,
223,8/10/16,19.4,,,,,
224,8/11/16,19.4,,,,,
225,8/12/16,19.9,,,,,
226,8/13/16,20.1,,,,,
227,8/14/16,20.2,,,,,
228,8/15/16,20.6,,,,,
229,8/16/16,20.5,,,,,
230,8/17/16,20.1,,,,,
231,8/18/16,19.5,,,,,
232,8/19/16,19.6,,,,,
233,8/20/16,19.6,,,,,
234,8/21/16,19.5,,,,,
235,8/22/16,19.1,,,,,
236,8/23/16,18.8,,,,,
237,8/24/16,18.9,,,,,
238,8/25/16,19,,,,,
239,8/26/16,19.3,,,,,
240,8/27/16,19.6,,,,,
241,8/28/16,19.8,,,,,
242,8/29/16,19.6,,,,,
243,8/30/16,19.4,,,,,
244,8/31/16,19.4,,,,,
245,9/1/16,19.1,,,,,
246,9/2/16,18.9,,,,,
247,9/3/16,19,,,,,
248,9/4/16,19,,,,,
249,9/5/16,18.8,,,,,
250,9/6/16,19,,,,,
251,9/7/16,19.2,,,,,
252,9/8/16,19.2,,,,,
253,9/9/16,19.4,,,,,
254,9/10/16,19.8,,,,,
255,9/11/16,19.4,,,,,
256,9/12/16,19.1,,,,,
257,9/13/16,19,,,,,
258,9/14/16,18.9,,,,,
259,9/15/16,18.3,,,,,
260,9/16/16,18.2,,,,,
261,9/17/16,18.1,,,,,
262,9/18/16,17.9,,,,,
263,9/19/16,17.9,,,,,
264,9/20/16,18.1,,,,,
265,9/21/16,19,,,,,
266,9/22/16,19.2,,,,,
267,9/23/16,18.6,,,,,
268,9/24/16,17.7,,,,,
269,9/25/16,17,,,,,
270,9/26/16,16.6,,,,,
271,9/27/16,16.5,,,,,
272,9/28/16,16.3,,,,,
273,9/29/16,16.1,,,,,
274,9/30/16,15.8,,,,,
275,10/1/16,15.6,,,,,
276,10/2/16,15.5,,,,,
277,10/3/16,15.5,,,,,
278,10/4/16,15.5,,,,,
279,10/5/16,15.6,,,,,
280,10/6/16,15.9,,,,,
281,10/7/16,16.1,,,,,
282,10/8/16,16.1,,,,,
283,10/9/16,15.8,,,,,
284,10/10/16,14.8,,,,,
285,10/11/16,14.8,,,,,
286,10/12/16,14.8,,,,,
287,10/13/16,14.9,,,,,
288,10/14/16,14.6,,,,,
289,10/15/16,14.2,,,,,
290,10/16/16,14.2,,,,,
291,10/17/16,14.5,,,,,
292,10/18/16,14.6,,,,,
293,10/19/16,14.6,,,,,
294,10/20/16,14.7,,,,,
295,10/21/16,14.7,,,,,
296,10/22/16,14.5,,,,,
297,10/23/16,13.4,,,,,
298,10/24/16,13.2,,,,,
299,10/25/16,13.1,,,,,
300,10/26/16,12.8,,,,,
301,10/27/16,12.6,,,,,
302,10/28/16,12.7,,,,,
303,10/29/16,12.6,,,,,
304,10/30/16,12.5,,,,,
305,10/31/16,12.4,,,,,
306,11/1/16,12.2,,,,,
307,11/2/16,12.2,,,,,
308,11/3/16,12.1,,,,,
309,11/4/16,11.9,,,,,
310,11/5/16,11.7,,,,,
311,11/6/16,11.6,,,,,
312,11/7/16,11.4,,,,,
313,11/8/16,11.4,,,,,
314,11/9/16,11.4,,,,,
315,11/10/16,11.5,,,,,
316,11/11/16,11.6,,,,,
317,11/12/16,11.4,,,,,
318,11/13/16,11.3,,,,,
319,11/14/16,11.4,,,,,
320,11/15/16,11.4,,,,,
321,11/16/16,11.1,,,,,
322,11/17/16,11.1,,,,,
323,11/18/16,11.2,,,,,
324,11/19/16,11.2,,,,,
325,11/20/16,11.1,,,,,
326,11/21/16,10.8,,,,,
327,11/22/16,10.6,,,,,
328,11/23/16,10.5,,,,,
329,11/24/16,10.5,,,,,
330,11/25/16,10.6,,,,,
331,11/26/16,10.6,,,,,
332,11/27/16,10.5,,,,,
333,11/28/16,10.5,,,,,
334,11/29/16,10.5,,,,,
335,11/30/16,10.6,,,,,
336,12/1/16,10.7,,,,,
337,12/2/16,10.6,,,,,
338,12/3/16,10.4,,,,,
339,12/4/16,10.2,,,,,
340,12/5/16,10.1,,,,,
341,12/6/16,10.1,,,,,
342,12/7/16,10,,,,,
343,12/8/16,9.8,,,,,
344,12/9/16,9.7,,,,,
345,12/10/16,9.6,,,,,
346,12/11/16,9.6,,,,,
347,12/12/16,9.7,,,,,
348,12/13/16,9.7,,,,,
349,12/14/16,9.5,,,,,
350,12/15/16,9.2,,,,,
351,12/16/16,9.1,,,,,
352,12/17/16,9,,,,,
353,12/18/16,9,,,,,
354,12/19/16,8.8,,,,,
355,12/20/16,8.6,,,,,
356,12/21/16,8.7,,,,,
357,12/22/16,8.5,,,,,
358,12/23/16,8.5,,,,,
359,12/24/16,8.6,,,,,
360,12/25/16,8.7,,,,,
361,12/26/16,8.5,,,,,
362,12/27/16,8.5,,,,,
363,12/28/16,8.7,,,,,
364,12/29/16,8.6,,,,,
365,12/30/16,8.5,,,,,
366,12/31/16,8.6,,,,,
1,1/1/17,8.7,,,,,
2,1/2/17,8.5,,,,,
3,1/3/17,8.3,,,,,
4,1/4/17,8.6,,,,,
5,1/5/17,8.8,,,,,
6,1/6/17,8.1,,,,,
7,1/7/17,7.9,,,,,
8,1/8/17,7.7,,,,,
9,1/9/17,7.8,,,,,
10,1/10/17,7.7,,,,,
11,1/11/17,8.2,,,,,
12,1/12/17,7.9,,,,,
13,1/13/17,8.8,,,,,
14,1/14/17,8,,,,,
15,1/15/17,8.5,,,,,
16,1/16/17,8.4,,,,,
17,1/17/17,7.8,,,,,
18,1/18/17,7.4,,,,,
19,1/19/17,7.3,,,,,
20,1/20/17,7.8,,,,,
21,1/21/17,7.2,,,,,
22,1/22/17,7.3,,,,,
23,1/23/17,7.2,,,,,
24,1/24/17,7.2,,,,,
25,1/25/17,7.4,,,,,
26,1/26/17,7.5,,,,,
27,1/27/17,7.6,,,,,
28,1/28/17,7.2,,,,,
29,1/29/17,7,,,,,
30,1/30/17,7.1,,,,,
31,1/31/17,6.8,,,,,
32,2/1/17,6.7,,,,,
33,2/2/17,6.8,,,,,
34,2/3/17,6.5,,,,,
35,2/4/17,6.4,,,,,
36,2/5/17,6.3,,,,,
37,2/6/17,6.6,,,,,
38,2/7/17,6.3,,,,,
39,2/8/17,6.2,,,,,
40,2/9/17,6.2,,,,,
41,2/10/17,6,,,,,
42,2/11/17,5.8,,,,,
43,2/12/17,5.8,,,,,
44,2/13/17,5.8,,,,,
45,2/14/17,5.8,,,,,
46,2/15/17,5.6,,,,,
47,2/16/17,5.5,,,,,
48,2/17/17,5.7,,,,,
49,2/18/17,5.8,,,,,
50,2/19/17,6,,,,,
51,2/20/17,5.7,,,,,
52,2/21/17,5.8,,,,,
53,2/22/17,5.7,,,,,
54,2/23/17,6,,,,,
55,2/24/17,6.3,,,,,
56,2/25/17,6.5,,,,,
57,2/26/17,6.2,,,,,
58,2/27/17,5.9,,,,,
59,2/28/17,5.9,,,,,
60,3/1/17,5.9,,,,,
61,3/2/17,6,,,,,
62,3/3/17,5.7,,,,,
63,3/4/17,5.3,,,,,
64,3/5/17,5.1,,,,,
65,3/6/17,5.1,,,,,
66,3/7/17,4.9,,,,,
67,3/8/17,5,,,,,
68,3/9/17,5,,,,,
69,3/10/17,5,,,,,
70,3/11/17,4.9,,,,,
71,3/12/17,4.7,,,,,
72,3/13/17,4.7,,,,,
73,3/14/17,4.6,,,,,
74,3/15/17,4.6,,,,,
75,3/16/17,4.7,,,,,
76,3/17/17,4.9,,,,,
77,3/18/17,4.9,,,,,
78,3/19/17,4.9,,,,,
79,3/20/17,5,,,,,
80,3/21/17,5.1,,,,,
81,3/22/17,4.9,,,,,
82,3/23/17,4.7,,,,,
83,3/24/17,4.6,,,,,
84,3/25/17,4.7,,,,,
85,3/26/17,4.8,,,,,
86,3/27/17,4.7,,,,,
87,3/28/17,4.6,,,,,
88,3/29/17,4.7,,,,,
89,3/30/17,4.5,,,,,
90,3/31/17,4.3,,,,,
91,4/1/17,4.3,,,,,
92,4/2/17,4.8,,,,,
93,4/3/17,4.8,,,,,
94,4/4/17,4.6,,,,,
95,4/5/17,4.4,,,,,
96,4/6/17,4.8,,,,,
97,4/7/17,4.9,,,,,
98,4/8/17,5,,,,,
99,4/9/17,5.4,,,,,
100,4/10/17,5.6,,,,,
101,4/11/17,5.7,,,,,
102,4/12/17,5.9,,,,,
103,4/13/17,6,,,,,
104,4/14/17,6,,,,,
105,4/15/17,6,,,,,
106,4/16/17,6.3,,,,,
107,4/17/17,6.8,,,,,
108,4/18/17,6.5,,,,,
109,4/19/17,6,,,,,
110,4/20/17,6,,,,,
111,4/21/17,5.9,,,,,
112,4/22/17,6.1,,,,,
113,4/23/17,6.5,,,,,
114,4/24/17,6.5,,,,,
115,4/25/17,6.4,,,,,
116,4/26/17,6.2,,,,,
117,4/27/17,6.3,,,,,
118,4/28/17,6.6,,,,,
119,4/29/17,6.6,,,,,
120,4/30/17,6.5,,,,,
121,5/1/17,6.3,,,,,
122,5/2/17,6.6,,,,,
123,5/3/17,6.7,,,,,
124,5/4/17,6.6,,,,,
125,5/5/17,6.6,,,,,
126,5/6/17,7.1,,,,,
127,5/7/17,7.1,,,,,
128,5/8/17,7.3,,,,,
129,5/9/17,7.6,,,,,
130,5/10/17,7.6,,,,,
131,5/11/17,7.6,,,,,
132,5/12/17,7.8,,,,,
133,5/13/17,7.8,,,,,
134,5/14/17,7.7,,,,,
135,5/15/17,7.9,,,,,
136,5/16/17,8.1,,,,,
137,5/17/17,8.6,,,,,
138,5/18/17,9.1,,,,,
139,5/19/17,9.3,,,,,
140,5/20/17,9.2,,,,,
141,5/21/17,9.4,,,,,
142,5/22/17,9.5,,,,,
143,5/23/17,9.6,,,,,
144,5/24/17,9.5,,,,,
145,5/25/17,9.5,,,,,
146,5/26/17,9.1,,,,,
147,5/27/17,8.9,,,,,
148,5/28/17,9,,,,,
149,5/29/17,9.1,,,,,
150,5/30/17,9.4,,,,,
151,5/31/17,9.7,,,,,
152,6/1/17,9.9,,,,,
153,6/2/17,10,,,,,
154,6/3/17,10.2,,,,,
155,6/4/17,10.5,,,,,
156,6/5/17,10.5,,,,,
157,6/6/17,9.9,,,,,
158,6/7/17,9.8,,,,,
159,6/8/17,10.1,,,,,
160,6/9/17,10.5,,,,,
161,6/10/17,11,,,,,
162,6/11/17,11.3,,,,,
163,6/12/17,12.1,,,,,
164,6/13/17,12.4,,,,,
165,6/14/17,12.9,,,,,
166,6/15/17,13.1,,,,,
167,6/16/17,13,,,,,
168,6/17/17,12.7,,,,,
169,6/18/17,12.9,,,,,
170,6/19/17,12.9,,,,,
171,6/20/17,13,,,,,
172,6/21/17,13.7,,,,,
173,6/22/17,13.9,,,,,
174,6/23/17,14,,,,,
175,6/24/17,14,,,,,
176,6/25/17,14.1,,,,,
177,6/26/17,14.3,,,,,
178,6/27/17,14.4,,,,,
179,6/28/17,14.2,,,,,
180,6/29/17,14.5,,,,,
181,6/30/17,14.5,,,,,
182,7/1/17,15,,,,,
183,7/2/17,15.5,,,,,
184,7/3/17,15.7,,,,,
185,7/4/17,16.2,,,,,
186,7/5/17,16.7,,,,,
187,7/6/17,16.7,,,,,
188,7/7/17,16.5,,,,,
189,7/8/17,16.2,,,,,
190,7/9/17,16.4,,,,,
191,7/10/17,16.9,,,,,
192,7/11/17,17,,,,,
193,7/12/17,17.4,,,,,
194,7/13/17,17.3,,,,,
195,7/14/17,16.7,,,,,
196,7/15/17,16.8,,,,,
197,7/16/17,17.1,,,,,
198,7/17/17,17.4,,,,,
199,7/18/17,17.8,,,,,
200,7/19/17,18.8,,,,,
201,7/20/17,19.2,,,,,
202,7/21/17,18.9,,,,,
203,7/22/17,18.7,,,,,
204,7/23/17,17.9,,,,,
205,7/24/17,17.6,,,,,
206,7/25/17,16.7,,,,,
207,7/26/17,16.7,,,,,
208,7/27/17,16.8,,,,,
209,7/28/17,16.9,,,,,
210,7/29/17,16.4,,,,,
211,7/30/17,16.5,,,,,
212,7/31/17,17.1,,,,,
213,8/1/17,17.6,,,,,
214,8/2/17,18.1,,,,,
215,8/3/17,18.4,,,,,
216,8/4/17,18.6,,,,,
217,8/5/17,18.6,,,,,
218,8/6/17,18.3,,,,,
219,8/7/17,18.2,,,,,
220,8/8/17,17.7,,,,,
221,8/9/17,17.7,,,,,
222,8/10/17,18.3,,,,,
223,8/11/17,18.5,,,,,
224,8/12/17,18.5,,,,,
225,8/13/17,18.4,,,,,
226,8/14/17,18.7,,,,,
227,8/15/17,18.7,,,,,
228,8/16/17,18.5,,,,,
229,8/17/17,18.6,,,,,
230,8/18/17,18.2,,,,,
231,8/19/17,18.1,,,,,
232,8/20/17,18.2,,,,,
233,8/21/17,18.4,,,,,
234,8/22/17,18.4,,,,,
235,8/23/17,18.1,,,,,
236,8/24/17,17.9,,,,,
237,8/25/17,17.8,,,,,
238,8/26/17,17.6,,,,,
239,8/27/17,17.7,,,,,
240,8/28/17,17.7,,,,,
241,8/29/17,17.7,,,,,
242,8/30/17,17.6,,,,,
243,8/31/17,17.5,,,,,
244,9/1/17,17.2,,,,,
245,9/2/17,16.6,,,,,
246,9/3/17,16.2,,,,,
247,9/4/17,16.1,,,,,
248,9/5/17,16.3,,,,,
249,9/6/17,16.4,,,,,
250,9/7/17,16.6,,,,,
251,9/8/17,16.7,,,,,
252,9/9/17,16.6,,,,,
253,9/10/17,16.6,,,,,
254,9/11/17,16.3,,,,,
255,9/12/17,16.7,,,,,
256,9/13/17,17.2,,,,,
257,9/14/17,17.3,,,,,
258,9/15/17,17.1,,,,,
259,9/16/17,17,,,,,
260,9/17/17,17.1,,,,,
261,9/18/17,16.9,,,,,
262,9/19/17,16.6,,,,,
263,9/20/17,16.3,,,,,
264,9/21/17,16.1,,,,,
265,9/22/17,15.8,,,,,
266,9/23/17,16.5,,,,,
267,9/24/17,16.9,,,,,
268,9/25/17,17.2,,,,,
269,9/26/17,17.3,,,,,
270,9/27/17,17.6,,,,,
271,9/28/17,16.7,,,,,
272,9/29/17,16.1,,,,,
273,9/30/17,15.8,,,,,
274,10/1/17,15.7,,,,,
275,10/2/17,15.7,,,,,
276,10/3/17,15.6,,,,,
277,10/4/17,15.5,,,,,
278,10/5/17,15.6,,,,,
279,10/6/17,15.6,,,,,
280,10/7/17,15.4,,,,,
281,10/8/17,15.5,,,,,
282,10/9/17,16,,,,,
283,10/10/17,16.1,,,,,
284,10/11/17,16,,,,,
285,10/12/17,15.4,,,,,
286,10/13/17,15.2,,,,,
287,10/14/17,15.2,,,,,
288,10/15/17,15.2,,,,,
289,10/16/17,15,,,,,
290,10/17/17,14.8,,,,,
291,10/18/17,14.7,,,,,
292,10/19/17,14.9,,,,,
293,10/20/17,14.9,,,,,
294,10/21/17,14.8,,,,,
295,10/22/17,14.8,,,,,
296,10/23/17,14.9,,,,,
297,10/24/17,14.6,,,,,
298,10/25/17,14.3,,,,,
299,10/26/17,14.2,,,,,
300,10/27/17,14.1,,,,,
301,10/28/17,13.9,,,,,
302,10/29/17,13.9,,,,,
303,10/30/17,13.6,,,,,
304,10/31/17,13.5,,,,,
305,11/1/17,13.2,,,,,
306,11/2/17,12.9,,,,,
307,11/3/17,13.1,,,,,
308,11/4/17,13.2,,,,,
309,11/5/17,13.2,,,,,
310,11/6/17,13,,,,,
311,11/7/17,13,,,,,
312,11/8/17,12.5,,,,,
313,11/9/17,12.4,,,,,
314,11/10/17,12.3,,,,,
315,11/11/17,11.8,,,,,
316,11/12/17,11.5,,,,,
317,11/13/17,11.4,,,,,
318,11/14/17,11.5,,,,,
319,11/15/17,11.3,,,,,
320,11/16/17,11.2,,,,,
321,11/17/17,11.3,,,,,
322,11/18/17,11.4,,,,,
323,11/19/17,11.3,,,,,
324,11/20/17,10.7,,,,,
325,11/21/17,10.6,,,,,
326,11/22/17,10.6,,,,,
327,11/23/17,10.6,,,,,
328,11/24/17,10.5,,,,,
329,11/25/17,10.5,,,,,
330,11/26/17,10.4,,,,,
331,11/27/17,10,,,,,
332,11/28/17,9.7,,,,,
333,11/29/17,9.7,,,,,
334,11/30/17,9.8,,,,,
335,12/1/17,9.7,,,,,
336,12/2/17,9.7,,,,,
337,12/3/17,9.8,,,,,
338,12/4/17,9.8,,,,,
339,12/5/17,9.7,,,,,
340,12/6/17,9.7,,,,,
341,12/7/17,9.7,,,,,
342,12/8/17,9.7,,,,,
343,12/9/17,9.5,,,,,
344,12/10/17,9.4,,,,,
345,12/11/17,9.3,,,,,
346,12/12/17,9.3,,,,,
347,12/13/17,9.4,,,,,
348,12/14/17,9.2,,,,,
349,12/15/17,9.1,,,,,
350,12/16/17,9,,,,,
351,12/17/17,8.9,,,,,
352,12/18/17,8.9,,,,,
353,12/19/17,8.7,,,,,
354,12/20/17,8.7,,,,,
355,12/21/17,8.6,,,,,
356,12/22/17,8.4,,,,,
357,12/23/17,8.4,,,,,
358,12/24/17,8.4,,,,,
359,12/25/17,8.3,,,,,
360,12/26/17,8.2,,,,,
361,12/27/17,8.1,,,,,
362,12/28/17,7.9,,,,,
363,12/29/17,7.8,,,,,
364,12/30/17,7.7,,,,,
365,12/31/17,7.6,,,,,
1,1/1/18,7.5,,,,,
2,1/2/18,7.5,,,,,
3,1/3/18,7.6,,,,,
4,1/4/18,7.5,,,,,
5,1/5/18,7.4,,,,,
6,1/6/18,7.4,,,,,
7,1/7/18,7.1,,,,,
8,1/8/18,7,,,,,
9,1/9/18,7.1,,,,,
10,1/10/18,7.3,,,,,
11,1/11/18,7.3,,,,,
12,1/12/18,7.3,,,,,
13,1/13/18,7.2,,,,,
14,1/14/18,7,,,,,
15,1/15/18,7,,,,,
16,1/16/18,7,,,,,
17,1/17/18,6.9,,,,,
18,1/18/18,6.9,,,,,
19,1/19/18,6.9,,,,,
20,1/20/18,6.7,,,,,
21,1/21/18,6.7,,,,,
22,1/22/18,6.7,,,,,
23,1/23/18,6.7,,,,,
24,1/24/18,6.7,,,,,
25,1/25/18,6.6,,,,,
26,1/26/18,6.2,,,,,
27,1/27/18,6.1,,,,,
28,1/28/18,6.1,,,,,
29,1/29/18,6.1,,,,,
30,1/30/18,6.2,,,,,
31,1/31/18,6.1,,,,,
32,2/1/18,6.1,,,,,
33,2/2/18,6.2,,,,,
34,2/3/18,6.1,,,,,
35,2/4/18,6.1,,,,,
36,2/5/18,6.4,,,,,
37,2/6/18,6.4,,,,,
38,2/7/18,6.3,,,,,
39,2/8/18,6.1,,,,,
40,2/9/18,6.1,,,,,
41,2/10/18,5.9,,,,,
42,2/11/18,5.8,,,,,
43,2/12/18,6.5,,,,,
44,2/13/18,6.5,,,,,
45,2/14/18,6.4,,,,,
46,2/15/18,6.4,,,,,
47,2/16/18,6.3,,,,,
48,2/17/18,6.3,,,,,
49,2/18/18,6.2,,,,,
50,2/19/18,6,,,,,
51,2/20/18,6,,,,,
52,2/21/18,6.1,,,,,
53,2/22/18,6.1,,,,,
54,2/23/18,6.2,,,,,
55,2/24/18,6.5,,,,,
56,2/25/18,6.4,,,,,
57,2/26/18,6.1,,,,,
58,2/27/18,6.1,,,,,
59,2/28/18,6.2,,,,,
60,3/1/18,6.3,,,,,
61,3/2/18,6.3,,,,,
62,3/3/18,5.9,,,,,
63,3/4/18,5.9,,,,,
64,3/5/18,5.9,,,,,
65,3/6/18,5.8,,,,,
66,3/7/18,5.8,,,,,
67,3/8/18,5.8,,,,,
68,3/9/18,5.8,,,,,
69,3/10/18,5.7,,,,,
70,3/11/18,5.4,,,,,
71,3/12/18,5.4,,,,,
72,3/13/18,5.4,,,,,
73,3/14/18,5.3,,,,,
74,3/15/18,5.2,,,,,
75,3/16/18,5.3,,,,,
76,3/17/18,5.2,,,,,
77,3/18/18,5.1,,,,,
78,3/19/18,5,,,,,
79,3/20/18,5,,,,,
80,3/21/18,4.9,,,,,
81,3/22/18,4.8,,,,,
82,3/23/18,4.8,,,,,
83,3/24/18,4.9,,,,,
84,3/25/18,4.9,,,,,
85,3/26/18,4.9,,,,,
86,3/27/18,5,,,,,
87,3/28/18,5,,,,,
88,3/29/18,5.1,,,,,
89,3/30/18,5.3,,,,,
90,3/31/18,5.4,,,,,
91,4/1/18,5.3,,,,,
92,4/2/18,5.1,,,,,
93,4/3/18,5,,,,,
94,4/4/18,5.2,,,,,
95,4/5/18,5.4,,,,,
96,4/6/18,5.3,,,,,
97,4/7/18,5.2,,,,,
98,4/8/18,5.1,,,,,
99,4/9/18,5.3,,,,,
100,4/10/18,5.5,,,,,
101,4/11/18,5.7,,,,,
102,4/12/18,5.7,,,,,
103,4/13/18,5.7,,,,,
104,4/14/18,5.7,,,,,
105,4/15/18,5.4,,,,,
106,4/16/18,5.8,,,,,
107,4/17/18,5.9,,,,,
108,4/18/18,5.9,,,,,
109,4/19/18,5.7,,,,,
110,4/20/18,5.8,,,,,
111,4/21/18,6,,,,,
112,4/22/18,6.1,,,,,
113,4/23/18,6.5,,,,,
114,4/24/18,6.9,,,,,
115,4/25/18,6.8,,,,,
116,4/26/18,6.7,,,,,
117,4/27/18,7,,,,,
118,4/28/18,7.3,,,,,
119,4/29/18,7.2,,,,,
120,4/30/18,7.2,,,,,
121,5/1/18,7.5,,,,,
122,5/2/18,7.8,,,,,
123,5/3/18,7.9,,,,,
124,5/4/18,7.8,,,,,
125,5/5/18,7.6,,,,,
126,5/6/18,7.6,,,,,
127,5/7/18,7.9,,,,,
128,5/8/18,8,,,,,
129,5/9/18,8,,,,,
130,5/10/18,8.4,,,,,
131,5/11/18,8.7,,,,,
132,5/12/18,8.7,,,,,
133,5/13/18,9.1,,,,,
134,5/14/18,9.5,,,,,
135,5/15/18,9.4,,,,,
136,5/16/18,9.3,,,,,
137,5/17/18,9.5,,,,,
138,5/18/18,9.4,,,,,
139,5/19/18,9.4,,,,,
140,5/20/18,10.2,,,,,
141,5/21/18,10.4,,,,,
142,5/22/18,10.4,,,,,
143,5/23/18,10.3,,,,,
144,5/24/18,10.3,,,,,
145,5/25/18,10.3,,,,,
146,5/26/18,10.5,,,,,
147,5/27/18,10.7,,,,,
148,5/28/18,10.8,,,,,
149,5/29/18,11,,,,,
150,5/30/18,11.5,,,,,
151,5/31/18,12,,,,,
152,6/1/18,12.2,,,,,
153,6/2/18,12.6,,,,,
154,6/3/18,12.3,,,,,
155,6/4/18,11.8,,,,,
156,6/5/18,11.4,,,,,
157,6/6/18,11.6,,,,,
158,6/7/18,11.7,,,,,
159,6/8/18,12.2,,,,,
160,6/9/18,13.2,,,,,
161,6/10/18,13.5,,,,,
162,6/11/18,13.4,,,,,
163,6/12/18,13.3,,,,,
164,6/13/18,13.1,,,,,
165,6/14/18,13.2,,,,,
166,6/15/18,13.1,,,,,
167,6/16/18,13.5,,,,,
168,6/17/18,13.9,,,,,
169,6/18/18,14,,,,,
170,6/19/18,14.3,,,,,
171,6/20/18,14.5,,,,,
172,6/21/18,14.6,,,,,
173,6/22/18,14.5,,,,,
174,6/23/18,14.5,,,,,
175,6/24/18,14.4,,,,,
176,6/25/18,14.3,,,,,
177,6/26/18,14.3,,,,,
178,6/27/18,14.3,,,,,
179,6/28/18,14.2,,,,,
180,6/29/18,14.8,,,,,
181,6/30/18,16.4,,,,,
182,7/1/18,16.8,,,,,
183,7/2/18,16.9,,,,,
184,7/3/18,17.7,,,,,
185,7/4/18,18.2,,,,,
186,7/5/18,18.1,,,,,
187,7/6/18,16.8,,,,,
188,7/7/18,16.2,,,,,
189,7/8/18,16.4,,,,,
190,7/9/18,16.6,,,,,
191,7/10/18,16.9,,,,,
192,7/11/18,17.1,,,,,
193,7/12/18,17.1,,,,,
194,7/13/18,17.5,,,,,
195,7/14/18,17.6,,,,,
196,7/15/18,17.8,,,,,
197,7/16/18,17.9,,,,,
198,7/17/18,18,,,,,
199,7/18/18,17.7,,,,,
200,7/19/18,17.9,,,,,
201,7/20/18,18.9,,,,,
202,7/21/18,19,,,,,
203,7/22/18,18.8,,,,,
204,7/23/18,18.7,,,,,
205,7/24/18,19,,,,,
206,7/25/18,19.2,,,,,
207,7/26/18,19.1,,,,,
208,7/27/18,18.8,,,,,
209,7/28/18,18.9,,,,,
210,7/29/18,19.6,,,,,
211,7/30/18,19.7,,,,,
212,7/31/18,20.1,,,,,
213,8/1/18,20.1,,,,,
214,8/2/18,19.9,,,,,
215,8/3/18,19.9,,,,,
216,8/4/18,20.1,,,,,
217,8/5/18,20.2,,,,,
218,8/6/18,20.8,,,,,
219,8/7/18,21.2,,,,,
220,8/8/18,21.1,,,,,
221,8/9/18,20.7,,,,,
222,8/10/18,20.7,,,,,
223,8/11/18,20.8,,,,,
224,8/12/18,20.2,,,,,
225,8/13/18,20,,,,,
226,8/14/18,20,,,,,
227,8/15/18,20.1,,,,,
228,8/16/18,20.3,,,,,
229,8/17/18,20.5,,,,,
230,8/18/18,20.4,,,,,
231,8/19/18,19.5,,,,,
232,8/20/18,18.8,,,,,
233,8/21/18,18.9,,,,,
234,8/22/18,19,,,,,
235,8/23/18,19.1,,,,,
236,8/24/18,19.2,,,,,
237,8/25/18,19.2,,,,,
238,8/26/18,19.3,,,,,
239,8/27/18,19.6,,,,,
240,8/28/18,20.2,,,,,
241,8/29/18,21.1,,,,,
242,8/30/18,20.8,,,,,
243,8/31/18,19.9,,,,,
244,9/1/18,19.5,,,,,
245,9/2/18,19.4,,,,,
246,9/3/18,19.7,,,,,
247,9/4/18,20,,,,,
248,9/5/18,20.1,,,,,
249,9/6/18,20.1,,,,,
250,9/7/18,20,,,,,
251,9/8/18,19.5,,,,,
252,9/9/18,18.8,,,,,
253,9/10/18,18.3,,,,,
254,9/11/18,18.2,,,,,
255,9/12/18,18.4,,,,,
256,9/13/18,18.4,,,,,
257,9/14/18,18.5,,,,,
258,9/15/18,18.7,,,,,
259,9/16/18,18.9,,,,,
260,9/17/18,18.8,,,,,
261,9/18/18,18.7,,,,,
262,9/19/18,18.2,,,,,
263,9/20/18,17.6,,,,,
264,9/21/18,17.5,,,,,
265,9/22/18,17.5,,,,,
266,9/23/18,17.4,,,,,
267,9/24/18,17.1,,,,,
268,9/25/18,16.8,,,,,
269,9/26/18,16.7,,,,,
270,9/27/18,16.7,,,,,
271,9/28/18,16.4,,,,,
272,9/29/18,16.3,,,,,
273,9/30/18,16.3,,,,,
274,10/1/18,16.2,,,,,
275,10/2/18,16.1,,,,,
276,10/3/18,15.9,,,,,
277,10/4/18,15.7,,,,,
278,10/5/18,15.6,,,,,
279,10/6/18,15.5,,,,,
280,10/7/18,15.4,,,,,
281,10/8/18,15.3,,,,,
282,10/9/18,15.7,,,,,
283,10/10/18,16.2,,,,,
284,10/11/18,16.2,,,,,
285,10/12/18,15.5,,,,,
286,10/13/18,15.1,,,,,
287,10/14/18,14.7,,,,,
288,10/15/18,14.5,,,,,
289,10/16/18,14.2,,,,,
290,10/17/18,14.1,,,,,
291,10/18/18,13.8,,,,,
292,10/19/18,13.4,,,,,
293,10/20/18,13.3,,,,,
294,10/21/18,13.3,,,,,
295,10/22/18,12.9,,,,,
296,10/23/18,12.7,,,,,
297,10/24/18,12.5,,,,,
298,10/25/18,12.4,,,,,
299,10/26/18,12.2,,,,,
300,10/27/18,12,,,,,
301,10/28/18,11.8,,,,,
302,10/29/18,11.9,,,,,
303,10/30/18,11.8,,,,,
304,10/31/18,11.8,,,,,
305,11/1/18,11.7,,,,,
306,11/2/18,11.6,,,,,
307,11/3/18,11.7,,,,,
308,11/4/18,11.7,,,,,
309,11/5/18,11.6,,,,,
310,11/6/18,11.9,,,,,
311,11/7/18,11.9,,,,,
312,11/8/18,11.7,,,,,
313,11/9/18,11.6,,,,,
314,11/10/18,11.4,,,,,
315,11/11/18,11.2,,,,,
316,11/12/18,11.1,,,,,
317,11/13/18,11,,,,,
318,11/14/18,10.7,,,,,
319,11/15/18,10.4,,,,,
320,11/16/18,10.3,,,,,
321,11/17/18,10.4,,,,,
322,11/18/18,10.3,,,,,
323,11/19/18,10.1,,,,,
324,11/20/18,10,,,,,
325,11/21/18,9.9,,,,,
326,11/22/18,9.8,,,,,
327,11/23/18,9.7,,,,,
328,11/24/18,9.6,,,,,
329,11/25/18,9.6,,,,,
330,11/26/18,9.4,,,,,
331,11/27/18,9.3,,,,,
332,11/28/18,9.3,,,,,
333,11/29/18,9.4,,,,,
334,11/30/18,9.6,,,,,
335,12/1/18,9.4,,,,,
336,12/2/18,9.2,,,,,
337,12/3/18,9.3,,,,,
338,12/4/18,9.4,,,,,
339,12/5/18,9.3,,,,,
340,12/6/18,9.2,,,,,
341,12/7/18,8.9,,,,,
342,12/8/18,8.7,,,,,
343,12/9/18,8.6,,,,,
344,12/10/18,8.5,,,,,
345,12/11/18,8.4,,,,,
346,12/12/18,8.2,,,,,
347,12/13/18,8.3,,,,,
348,12/14/18,8.3,,,,,
349,12/15/18,8.3,,,,,
350,12/16/18,8.2,,,,,
351,12/17/18,8.1,,,,,
352,12/18/18,8,,,,,
353,12/19/18,8,,,,,
354,12/20/18,7.9,,,,,
355,12/21/18,7.9,,,,,
356,12/22/18,8,,,,,
357,12/23/18,7.8,,,,,
358,12/24/18,7.7,,,,,
359,12/25/18,7.6,,,,,
360,12/26/18,7.4,,,,,
361,12/27/18,7.3,,,,,
362,12/28/18,7.5,,,,,
363,12/29/18,7.8,,,,,
364,12/30/18,7.4,,,,,
365,12/31/18,7.2,,,,,
1,1/1/19,7.2,,,,,
2,1/2/19,7.2,,,,,
3,1/3/19,7.1,,,,,
4,1/4/19,7.1,,,,,
5,1/5/19,7.1,,,,,
6,1/6/19,6.8,,,,,
7,1/7/19,6.8,,,,,
8,1/8/19,6.8,,,,,
9,1/9/19,6.6,,,,,
10,1/10/19,6.5,,,,,
11,1/11/19,6.4,,,,,
12,1/12/19,6.3,,,,,
13,1/13/19,6,,,,,
14,1/14/19,6.3,,,,,
15,1/15/19,6.3,,,,,
16,1/16/19,6.1,,,,,
17,1/17/19,6,,,,,
18,1/18/19,5.8,,,,,
19,1/19/19,5.5,,,,,
20,1/20/19,5.4,,,,,
21,1/21/19,5.3,,,,,
22,1/22/19,5.4,,,,,
23,1/23/19,5.3,,,,,
24,1/24/19,5.5,,,,,
25,1/25/19,5.6,,,,,
26,1/26/19,5.1,,,,,
27,1/27/19,5,,,,,
28,1/28/19,5,,,,,
29,1/29/19,4.8,,,,,
30,1/30/19,4.6,,,,,
31,1/31/19,4.4,,,,,
32,2/1/19,4.2,,,,,
33,2/2/19,4.1,,,,,
34,2/3/19,4.2,,,,,
35,2/4/19,4.1,,,,,
36,2/5/19,4.5,,,,,
37,2/6/19,4.8,,,,,
38,2/7/19,4.8,,,,,
39,2/8/19,4.6,,,,,
40,2/9/19,4.6,,,,,
41,2/10/19,4.6,,,,,
42,2/11/19,4.4,,,,,
43,2/12/19,4.3,,,,,
44,2/13/19,4.3,,,,,
45,2/14/19,4.4,,,,,
46,2/15/19,4.5,,,,,
47,2/16/19,4.8,,,,,
48,2/17/19,4.9,,,,,
49,2/18/19,4.5,,,,,
50,2/19/19,4.5,,,,,
51,2/20/19,4.4,,,,,
52,2/21/19,4.6,,,,,
53,2/22/19,4.7,,,,,
54,2/23/19,4.6,,,,,
55,2/24/19,4.6,,,,,
56,2/25/19,4.8,,,,,
57,2/26/19,5,,,,,
58,2/27/19,4.8,,,,,
59,2/28/19,4.8,,,,,
60,3/1/19,4.9,,,,,
61,3/2/19,5,,,,,
62,3/3/19,5.2,,,,,
63,3/4/19,5,,,,,
64,3/5/19,4.7,,,,,
65,3/6/19,4.4,,,,,
66,3/7/19,4.4,,,,,
67,3/8/19,4.6,,,,,
68,3/9/19,4.6,,,,,
69,3/10/19,4.4,,,,,
70,3/11/19,4.5,,,,,
71,3/12/19,4.3,,,,,
72,3/13/19,4.3,,,,,
73,3/14/19,4.3,,,,,
74,3/15/19,4.5,,,,,
75,3/16/19,4.6,,,,,
76,3/17/19,4.4,,,,,
77,3/18/19,4.3,,,,,
78,3/19/19,4.4,,,,,
79,3/20/19,4.5,,,,,
80,3/21/19,4.5,,,,,
81,3/22/19,4.4,,,,,
82,3/23/19,4.5,,,,,
83,3/24/19,4.6,,,,,
84,3/25/19,4.5,,,,,
85,3/26/19,4.5,,,,,
86,3/27/19,4.6,,,,,
87,3/28/19,4.6,,,,,
88,3/29/19,4.3,,,,,
89,3/30/19,4.4,,,,,
90,3/31/19,4.6,,,,,
91,4/1/19,4.6,,,,,
92,4/2/19,4.6,,,,,
93,4/3/19,4.5,,,,,
94,4/4/19,4.4,,,,,
95,4/5/19,4.4,,,,,
96,4/6/19,5,,,,,
97,4/7/19,5.3,,,,,
98,4/8/19,5.2,,,,,
99,4/9/19,4.9,,,,,
100,4/10/19,5,,,,,
101,4/11/19,5,,,,,
102,4/12/19,4.9,,,,,
103,4/13/19,5.6,,,,,
104,4/14/19,6.2,,,,,
105,4/15/19,6,,,,,
106,4/16/19,5.5,,,,,
107,4/17/19,5.6,,,,,
108,4/18/19,5.6,,,,,
109,4/19/19,5.6,,,,,
110,4/20/19,5.6,,,,,
111,4/21/19,5.7,,,,,
112,4/22/19,5.8,,,,,
113,4/23/19,5.8,,,,,
114,4/24/19,6.1,,,,,
115,4/25/19,6.5,,,,,
116,4/26/19,6.5,,,,,
117,4/27/19,6.3,,,,,
118,4/28/19,6.4,,,,,
119,4/29/19,6.6,,,,,
120,4/30/19,6.6,,,,,
121,5/1/19,6.5,,,,,
122,5/2/19,6.2,,,,,
123,5/3/19,6.2,,,,,
124,5/4/19,6.5,,,,,
125,5/5/19,7.2,,,,,
126,5/6/19,7.7,,,,,
127,5/7/19,7.9,,,,,
128,5/8/19,7.8,,,,,
129,5/9/19,7.5,,,,,
130,5/10/19,7.7,,,,,
131,5/11/19,8.2,,,,,
132,5/12/19,8.3,,,,,
133,5/13/19,8.3,,,,,
134,5/14/19,7.9,,,,,
135,5/15/19,8.3,,,,,
136,5/16/19,8.5,,,,,
137,5/17/19,8.4,,,,,
138,5/18/19,8.4,,,,,
139,5/19/19,8.5,,,,,
140,5/20/19,8.7,,,,,
141,5/21/19,8.6,,,,,
142,5/22/19,8.5,,,,,
143,5/23/19,8.8,,,,,
144,5/24/19,8.8,,,,,
145,5/25/19,8.7,,,,,
146,5/26/19,9.2,,,,,
147,5/27/19,9.6,,,,,
148,5/28/19,9.8,,,,,
149,5/29/19,9.6,,,,,
150,5/30/19,9.6,,,,,
151,5/31/19,9.8,,,,,
152,6/1/19,9.9,,,,,
153,6/2/19,10,,,,,
154,6/3/19,10.4,,,,,
155,6/4/19,10.4,,,,,
156,6/5/19,10.4,,,,,
157,6/6/19,11.6,,,,,
158,6/7/19,11.8,,,,,
159,6/8/19,11.8,,,,,
160,6/9/19,12.3,,,,,
161,6/10/19,12.5,,,,,
162,6/11/19,12.3,,,,,
163,6/12/19,12.2,,,,,
164,6/13/19,12,,,,,
165,6/14/19,11.7,,,,,
166,6/15/19,11.7,,,,,
167,6/16/19,11.7,,,,,
168,6/17/19,12.2,,,,,
169,6/18/19,12.2,,,,,
170,6/19/19,12.4,,,,,
171,6/20/19,12.5,,,,,
172,6/21/19,12.6,,,,,
173,6/22/19,12.6,,,,,
174,6/23/19,12.8,,,,,
175,6/24/19,13.3,,,,,
176,6/25/19,13.4,,,,,
177,6/26/19,13.7,,,,,
178,6/27/19,14.2,,,,,
179,6/28/19,14.8,,,,,
180,6/29/19,15.1,,,,,
181,6/30/19,14.5,,,,,
182,7/1/19,14,,,,,
183,7/2/19,15.2,,,,,
184,7/3/19,16.7,,,,,
185,7/4/19,16.8,,,,,
186,7/5/19,16.9,,,,,
187,7/6/19,17,,,,,
188,7/7/19,16.6,,,,,
189,7/8/19,16.5,,,,,
190,7/9/19,16.6,,,,,
191,7/10/19,16.7,,,,,
192,7/11/19,17,,,,,
193,7/12/19,17,,,,,
194,7/13/19,17.2,,,,,
195,7/14/19,17.6,,,,,
196,7/15/19,17.5,,,,,
197,7/16/19,17.7,,,,,
198,7/17/19,17.7,,,,,
199,7/18/19,17.6,,,,,
200,7/19/19,17.8,,,,,
201,7/20/19,18.5,,,,,
202,7/21/19,19.1,,,,,
203,7/22/19,19,,,,,
204,7/23/19,18.6,,,,,
205,7/24/19,17.8,,,,,
206,7/25/19,18.1,,,,,
207,7/26/19,18.2,,,,,
208,7/27/19,18.3,,,,,
209,7/28/19,18.7,,,,,
210,7/29/19,19.1,,,,,
211,7/30/19,19.3,,,,,
212,7/31/19,19.3,,,,,
213,8/1/19,19.4,,,,,
214,8/2/19,19.5,,,,,
215,8/3/19,19.5,,,,,
216,8/4/19,19.3,,,,,
217,8/5/19,19,,,,,
218,8/6/19,18.6,,,,,
219,8/7/19,18.6,,,,,
220,8/8/19,18.4,,,,,
221,8/9/19,18.3,,,,,
222,8/10/19,18.4,,,,,
223,8/11/19,18.4,,,,,
224,8/12/19,18.5,,,,,
225,8/13/19,18.8,,,,,
226,8/14/19,18.5,,,,,
227,8/15/19,18.4,,,,,
228,8/16/19,18.7,,,,,
229,8/17/19,18.8,,,,,
230,8/18/19,19,,,,,
231,8/19/19,19.5,,,,,
232,8/20/19,19.5,,,,,
233,8/21/19,19.7,,,,,
234,8/22/19,19.8,,,,,
235,8/23/19,19.4,,,,,
236,8/24/19,18.6,,,,,
237,8/25/19,18.2,,,,,
238,8/26/19,18,,,,,
239,8/27/19,18.1,,,,,
240,8/28/19,18.3,,,,,
241,8/29/19,18.5,,,,,
242,8/30/19,18.6,,,,,
243,8/31/19,18.6,,,,,
244,9/1/19,18.4,,,,,
245,9/2/19,18.3,,,,,
246,9/3/19,18.1,,,,,
247,9/4/19,18,,,,,
248,9/5/19,17.7,,,,,
249,9/6/19,17.5,,,,,
250,9/7/19,16.1,,,,,
251,9/8/19,16.1,,,,,
252,9/9/19,16.5,,,,,
253,9/10/19,16.8,,,,,
254,9/11/19,16.8,,,,,
255,9/12/19,16.2,,,,,
256,9/13/19,16.1,,,,,
257,9/14/19,16.2,,,,,
258,9/15/19,16.3,,,,,
259,9/16/19,16.4,,,,,
260,9/17/19,16.2,,,,,
261,9/18/19,15.9,,,,,
262,9/19/19,15.9,,,,,
263,9/20/19,16.1,,,,,
264,9/21/19,16.5,,,,,
265,9/22/19,16.8,,,,,
266,9/23/19,16.8,,,,,
267,9/24/19,16.6,,,,,
268,9/25/19,16.6,,,,,
269,9/26/19,16.9,,,,,
270,9/27/19,16.9,,,,,
271,9/28/19,16.8,,,,,
272,9/29/19,16.7,,,,,
273,9/30/19,16.5,,,,,
274,10/1/19,16.2,,,,,
275,10/2/19,15.6,,,,,
276,10/3/19,15.4,,,,,
277,10/4/19,15,,,,,
278,10/5/19,14.8,,,,,
279,10/6/19,14.9,,,,,
280,10/7/19,14.8,,,,,
281,10/8/19,14.7,,,,,
282,10/9/19,14.7,,,,,
283,10/10/19,14.4,,,,,
284,10/11/19,13.9,,,,,
285,10/12/19,13.8,,,,,
286,10/13/19,13.9,,,,,
287,10/14/19,13.9,,,,,
288,10/15/19,13.9,,,,,
289,10/16/19,13.8,,,,,
290,10/17/19,13.6,,,,,
291,10/18/19,12.8,,,,,
292,10/19/19,12.8,,,,,
293,10/20/19,12.9,,,,,
294,10/21/19,13,,,,,
295,10/22/19,13,,,,,
296,10/23/19,13.1,,,,,
297,10/24/19,13.2,,,,,
298,10/25/19,13.1,,,,,
299,10/26/19,13.1,,,,,
300,10/27/19,12.9,,,,,
301,10/28/19,12.8,,,,,
302,10/29/19,12.8,,,,,
303,10/30/19,13,,,,,
304,10/31/19,13.1,,,,,
305,11/1/19,13,,,,,
306,11/2/19,12.8,,,,,
307,11/3/19,12.7,,,,,
308,11/4/19,12.6,,,,,
309,11/5/19,12.5,,,,,
310,11/6/19,12.5,,,,,
311,11/7/19,12.2,,,,,
312,11/8/19,12,,,,,
313,11/9/19,11.4,,,,,
314,11/10/19,11.2,,,,,
315,11/11/19,11,,,,,
316,11/12/19,11,,,,,
317,11/13/19,10.8,,,,,
318,11/14/19,10.9,,,,,
319,11/15/19,10.8,,,,,
320,11/16/19,10.6,,,,,
321,11/17/19,10.6,,,,,
322,11/18/19,10.5,,,,,
323,11/19/19,10.3,,,,,
324,11/20/19,10.3,,,,,
325,11/21/19,10.3,,,,,
326,11/22/19,10.3,,,,,
327,11/23/19,10.3,,,,,
328,11/24/19,10.3,,,,,
329,11/25/19,10.2,,,,,
330,11/26/19,10.2,,,,,
331,11/27/19,10.1,,,,,
332,11/28/19,10,,,,,
333,11/29/19,9.8,,,,,
334,11/30/19,9.5,,,,,
335,12/1/19,9.3,,,,,
336,12/2/19,9.3,,,,,
337,12/3/19,9.2,,,,,
338,12/4/19,9.1,,,,,
339,12/5/19,9.1,,,,,
340,12/6/19,9.1,,,,,
341,12/7/19,9.2,,,,,
342,12/8/19,9.3,,,,,
343,12/9/19,9.2,,,,,
344,12/10/19,9,,,,,
345,12/11/19,9.1,,,,,
346,12/12/19,9.1,,,,,
347,12/13/19,9,,,,,
348,12/14/19,8.8,,,,,
349,12/15/19,8.8,,,,,
350,12/16/19,8.7,,,,,
351,12/17/19,8.6,,,,,
352,12/18/19,8.3,,,,,
353,12/19/19,8.1,,,,,
354,12/20/19,8,,,,,
355,12/21/19,8.1,,,,,
356,12/22/19,8.1,,,,,
357,12/23/19,8.2,,,,,
358,12/24/19,8.1,,,,,
359,12/25/19,7.8,,,,,
360,12/26/19,7.7,,,,,
361,12/27/19,7.3,,,,,
362,12/28/19,7.5,,,,,
363,12/29/19,7.6,,,,,
364,12/30/19,7.6,,,,,
365,12/31/19,7.9,,,,,
1,1/1/20,8,,,,,
2,1/2/20,7.9,,,,,
3,1/3/20,7.7,,,,,
4,1/4/20,7.5,,,,,
5,1/5/20,7.4,,,,,
6,1/6/20,7.8,,,,,
7,1/7/20,7.9,,,,,
8,1/8/20,7.7,,,,,
9,1/9/20,7,,,,,
10,1/10/20,6.9,,,,,
11,1/11/20,6.9,,,,,
12,1/12/20,7.2,,,,,
13,1/13/20,7.2,,,,,
14,1/14/20,7.3,,,,,
15,1/15/20,7.5,,,,,
16,1/16/20,7.4,,,,,
17,1/17/20,7.3,,,,,
18,1/18/20,7.1,,,,,
19,1/19/20,7.1,,,,,
20,1/20/20,7,,,,,
21,1/21/20,7.1,,,,,
22,1/22/20,7,,,,,
23,1/23/20,7.1,,,,,
24,1/24/20,7.1,,,,,
25,1/25/20,7,,,,,
26,1/26/20,7,,,,,
27,1/27/20,7,,,,,
28,1/28/20,6.8,,,,,
29,1/29/20,6.9,,,,,
30,1/30/20,6.8,,,,,
31,1/31/20,6.8,,,,,
32,2/1/20,6.6,,,,,
33,2/2/20,6.5,,,,,
34,2/3/20,6.6,,,,,
35,2/4/20,6.7,,,,,
36,2/5/20,6.6,,,,,
37,2/6/20,6.5,,,,,
38,2/7/20,6.5,,,,,
39,2/8/20,6.7,,,,,
40,2/9/20,6.7,,,,,
41,2/10/20,6.6,,,,,
42,2/11/20,6.6,,,,,
43,2/12/20,6.8,,,,,
44,2/13/20,6.6,,,,,
45,2/14/20,6.4,,,,,
46,2/15/20,6.2,,,,,
47,2/16/20,6.2,,,,,
48,2/17/20,6.2,,,,,
49,2/18/20,6.2,,,,,
50,2/19/20,6.3,,,,,
51,2/20/20,6,,,,,
52,2/21/20,5.7,,,,,
53,2/22/20,5.9,,,,,
54,2/23/20,6.1,,,,,
55,2/24/20,6.2,,,,,
56,2/25/20,6.2,,,,,
57,2/26/20,5.7,,,,,
58,2/27/20,5.5,,,,,
59,2/28/20,5.5,,,,,
60,2/29/20,5.4,,,,,
61,3/1/20,5.2,,,,,
62,3/2/20,5.2,,,,,
63,3/3/20,5.5,,,,,
64,3/4/20,5.6,,,,,
65,3/5/20,5.6,,,,,
66,3/6/20,5.4,,,,,
67,3/7/20,5.2,,,,,
68,3/8/20,5.2,,,,,
69,3/9/20,5.2,,,,,
70,3/10/20,5.2,,,,,
71,3/11/20,5.1,,,,,
72,3/12/20,5,,,,,
73,3/13/20,5.2,,,,,
74,3/14/20,5.3,,,,,
75,3/15/20,5.2,,,,,
76,3/16/20,5,,,,,
77,3/17/20,5.2,,,,,
78,3/18/20,5.6,,,,,
79,3/19/20,5.6,,,,,
80,3/20/20,5.5,,,,,
81,3/21/20,5.5,,,,,
82,3/22/20,5.4,,,,,
83,3/23/20,5.1,,,,,
84,3/24/20,5,,,,,
85,3/25/20,4.9,,,,,
86,3/26/20,5.3,,,,,
87,3/27/20,5.6,,,,,
88,3/28/20,6.2,,,,,
89,3/29/20,6.3,,,,,
90,3/30/20,5.9,,,,,
91,3/31/20,5.5,,,,,
92,4/1/20,5.3,,,,,
93,4/2/20,5.3,,,,,
94,4/3/20,5.4,,,,,
95,4/4/20,5.9,,,,,
96,4/5/20,6.1,,,,,
97,4/6/20,6.4,,,,,
98,4/7/20,6.5,,,,,
99,4/8/20,6.2,,,,,
100,4/9/20,5.8,,,,,
101,4/10/20,5.7,,,,,
102,4/11/20,5.8,,,,,
103,4/12/20,5.8,,,,,
104,4/13/20,5.9,,,,,
105,4/14/20,6.2,,,,,
106,4/15/20,6,,,,,
107,4/16/20,6,,,,,
108,4/17/20,5.9,,,,,
109,4/18/20,5.9,,,,,
110,4/19/20,6.1,,,,,
111,4/20/20,6.2,,,,,
112,4/21/20,6.3,,,,,
113,4/22/20,6.2,,,,,
114,4/23/20,6.2,,,,,
115,4/24/20,6.2,,,,,
116,4/25/20,6.5,,,,,
117,4/26/20,6.7,,,,,
118,4/27/20,6.4,,,,,
119,4/28/20,6,,,,,
120,4/29/20,6,,,,,
121,4/30/20,5.8,,,,,
122,5/1/20,6.2,,,,,
123,5/2/20,6.4,,,,,
124,5/3/20,6.5,,,,,
125,5/4/20,6.9,,,,,
126,5/5/20,7.5,,,,,
127,5/6/20,7.6,,,,,
128,5/7/20,7.6,,,,,
129,5/8/20,7.7,,,,,
130,5/9/20,7.3,,,,,
131,5/10/20,6.9,,,,,
132,5/11/20,7.1,,,,,
133,5/12/20,7.2,,,,,
134,5/13/20,7.4,,,,,
135,5/14/20,7.5,,,,,
136,5/15/20,7.7,,,,,
137,5/16/20,8,,,,,
138,5/17/20,8.2,,,,,
139,5/18/20,8.3,,,,,
140,5/19/20,8.8,,,,,
141,5/20/20,9.4,,,,,
142,5/21/20,9.3,,,,,
143,5/22/20,9.3,,,,,
144,5/23/20,9.1,,,,,
145,5/24/20,9,,,,,
146,5/25/20,9.1,,,,,
147,5/26/20,9.8,,,,,
148,5/27/20,10.5,,,,,
149,5/28/20,10.4,,,,,
150,5/29/20,10.4,,,,,
151,5/30/20,11,,,,,
152,5/31/20,11,,,,,
153,6/1/20,10.9,,,,,
154,6/2/20,10.9,,,,,
155,6/3/20,11.6,,,,,
156,6/4/20,12.1,,,,,
157,6/5/20,12,,,,,
158,6/6/20,11.7,,,,,
159,6/7/20,11.8,,,,,
160,6/8/20,12.1,,,,,
161,6/9/20,12.5,,,,,
162,6/10/20,12.5,,,,,
163,6/11/20,12.3,,,,,
164,6/12/20,12.2,,,,,
165,6/13/20,12.3,,,,,
166,6/14/20,12.3,,,,,
167,6/15/20,12.4,,,,,
168,6/16/20,13.1,,,,,
169,6/17/20,14.2,,,,,
170,6/18/20,14.5,,,,,
171,6/19/20,15.1,,,,,
172,6/20/20,15.4,,,,,
173,6/21/20,15.8,,,,,
174,6/22/20,16.2,,,,,
175,6/23/20,16.6,,,,,
176,6/24/20,16.7,,,,,
177,6/25/20,16.8,,,,,
178,6/26/20,17.1,,,,,
179,6/27/20,17.4,,,,,
180,6/28/20,17.4,,,,,
181,6/29/20,17.4,,,,,
182,6/30/20,16.9,,,,,
183,7/1/20,17.2,,,,,
184,7/2/20,17.3,,,,,
185,7/3/20,17.3,,,,,
186,7/4/20,16.7,,,,,
187,7/5/20,16.4,,,,,
188,7/6/20,16.6,,,,,
189,7/7/20,16.7,,,,,
190,7/8/20,16.8,,,,,
191,7/9/20,17.2,,,,,
192,7/10/20,17.6,,,,,
193,7/11/20,18.1,,,,,
194,7/12/20,18.1,,,,,
195,7/13/20,18.1,,,,,
196,7/14/20,18.4,,,,,
197,7/15/20,17.1,,,,,
198,7/16/20,17,,,,,
199,7/17/20,17.4,,,,,
200,7/18/20,17.7,,,,,
201,7/19/20,17.9,,,,,
202,7/20/20,18.3,,,,,
203,7/21/20,18.8,,,,,
204,7/22/20,19.2,,,,,
205,7/23/20,19.4,,,,,
206,7/24/20,19.4,,,,,
207,7/25/20,19.7,,,,,
208,7/26/20,19.9,,,,,
209,7/27/20,20.1,,,,,
210,7/28/20,20.4,,,,,
211,7/29/20,20.5,,,,,
212,7/30/20,20.6,,,,,
213,7/31/20,20.7,,,,,
214,8/1/20,20.9,,,,,
215,8/2/20,20.9,,,,,
216,8/3/20,20.9,,,,,
217,8/4/20,20.5,,,,,
218,8/5/20,19.6,,,,,
219,8/6/20,19.5,,,,,
220,8/7/20,19.6,,,,,
221,8/8/20,19.9,,,,,
222,8/9/20,20,,,,,
223,8/10/20,20.1,,,,,
224,8/11/20,20.4,,,,,
225,8/12/20,20.5,,,,,
226,8/13/20,21,,,,,
227,8/14/20,21,,,,,
228,8/15/20,21.1,,,,,
229,8/16/20,20.7,,,,,
230,8/17/20,20.2,,,,,
231,8/18/20,19.6,,,,,
232,8/19/20,19.6,,,,,
233,8/20/20,19.5,,,,,
234,8/21/20,19.5,,,,,
235,8/22/20,19.6,,,,,
236,8/23/20,19.7,,,,,
237,8/24/20,19.7,,,,,
238,8/25/20,19.6,,,,,
239,8/26/20,19.2,,,,,
240,8/27/20,18,,,,,
241,8/28/20,18.1,,,,,
242,8/29/20,18.4,,,,,
243,8/30/20,18.1,,,,,
244,8/31/20,17.4,,,,,
245,9/1/20,17.6,,,,,
246,9/2/20,17.7,,,,,
247,9/3/20,18,,,,,
248,9/4/20,18.3,,,,,
249,9/5/20,18.2,,,,,
250,9/6/20,18.2,,,,,
251,9/7/20,18.2,,,,,
252,9/8/20,18.4,,,,,
253,9/9/20,18.6,,,,,
254,9/10/20,18.8,,,,,
255,9/11/20,18.6,,,,,
256,9/12/20,18.4,,,,,
257,9/13/20,18.3,,,,,
258,9/14/20,18.2,,,,,
259,9/15/20,18.1,,,,,
260,9/16/20,17.8,,,,,
261,9/17/20,17.5,,,,,
262,9/18/20,17.4,,,,,
263,9/19/20,17.4,,,,,
264,9/20/20,16.8,,,,,
265,9/21/20,16.5,,,,,
266,9/22/20,16.3,,,,,
267,9/23/20,16,,,,,
268,9/24/20,15.9,,,,,
269,9/25/20,16,,,,,
270,9/26/20,16,,,,,
271,9/27/20,16.3,,,,,
272,9/28/20,16.6,,,,,
273,9/29/20,16.8,,,,,
274,9/30/20,16.3,,,,,
275,10/1/20,15.9,,,,,
276,10/2/20,15.7,,,,,
277,10/3/20,15.5,,,,,
278,10/4/20,15.5,,,,,
279,10/5/20,15.5,,,,,
280,10/6/20,15.5,,,,,
281,10/7/20,15.4,,,,,
282,10/8/20,15,,,,,
283,10/9/20,14.3,,,,,
284,10/10/20,14.1,,,,,
285,10/11/20,14.1,,,,,
286,10/12/20,14,,,,,
287,10/13/20,13.6,,,,,
288,10/14/20,13.7,,,,,
289,10/15/20,13.7,,,,,
290,10/16/20,13.9,,,,,
291,10/17/20,13.9,,,,,
292,10/18/20,13.5,,,,,
293,10/19/20,13.4,,,,,
294,10/20/20,13.4,,,,,
295,10/21/20,13.7,,,,,
296,10/22/20,13.7,,,,,
297,10/23/20,13.7,,,,,
298,10/24/20,13.7,,,,,
299,10/25/20,13.6,,,,,
300,10/26/20,13.5,,,,,
301,10/27/20,13.5,,,,,
302,10/28/20,13.4,,,,,
303,10/29/20,13.2,,,,,
304,10/30/20,12.9,,,,,
305,10/31/20,12.9,,,,,
306,11/1/20,12.9,,,,,
307,11/2/20,12.9,,,,,
308,11/3/20,12.4,,,,,
309,11/4/20,12,,,,,
310,11/5/20,12,,,,,
311,11/6/20,12.2,,,,,
312,11/7/20,12.2,,,,,
313,11/8/20,12.3,,,,,
314,11/9/20,12.4,,,,,
315,11/10/20,12.5,,,,,
316,11/11/20,12.7,,,,,
317,11/12/20,12.7,,,,,
318,11/13/20,12.2,,,,,
319,11/14/20,12,,,,,
320,11/15/20,11.8,,,,,
321,11/16/20,11.6,,,,,
322,11/17/20,11.5,,,,,
323,11/18/20,11.3,,,,,
324,11/19/20,11,,,,,
325,11/20/20,11.2,,,,,
326,11/21/20,11.3,,,,,
327,11/22/20,11.1,,,,,
328,11/23/20,10.7,,,,,
329,11/24/20,10.7,,,,,
330,11/25/20,10.6,,,,,
331,11/26/20,10.5,,,,,
332,11/27/20,10.4,,,,,
333,11/28/20,10.4,,,,,
334,11/29/20,10.5,,,,,
335,11/30/20,10.5,,,,,
336,12/1/20,10.5,,,,,
337,12/2/20,10.2,,,,,
338,12/3/20,10.1,,,,,
339,12/4/20,10.1,,,,,
340,12/5/20,9.9,,,,,
341,12/6/20,9.8,,,,,
342,12/7/20,9.6,,,,,
343,12/8/20,9.5,,,,,
344,12/9/20,9.3,,,,,
345,12/10/20,9,,,,,
346,12/11/20,9,,,,,
347,12/12/20,9,,,,,
348,12/13/20,9,,,,,
349,12/14/20,9,,,,,
350,12/15/20,8.8,,,,,
351,12/16/20,8.7,,,,,
352,12/17/20,8.7,,,,,
353,12/18/20,8.6,,,,,
354,12/19/20,8.5,,,,,
355,12/20/20,8.4,,,,,
356,12/21/20,8.3,,,,,
357,12/22/20,8,,,,,
358,12/23/20,7.9,,,,,
359,12/24/20,7.9,,,,,
360,12/25/20,8,,,,,
361,12/26/20,8,,,,,
362,12/27/20,7.9,,,,,
363,12/28/20,7.8,,,,,
364,12/29/20,7.5,,,,,
365,12/30/20,7.5,,,,,
366,12/31/20,7.5,,,,,
1,1/1/21,7.3,,,,,
2,1/2/21,7.4,,,,,
3,1/3/21,7.6,,,,,
4,1/4/21,7.6,,,,,
5,1/5/21,7.6,,,,,
6,1/6/21,7.6,,,,,
7,1/7/21,7.3,,,,,
8,1/8/21,7.3,,,,,
9,1/9/21,7.3,,,,,
10,1/10/21,7.2,,,,,
11,1/11/21,7.1,,,,,
12,1/12/21,7.1,,,,,
13,1/13/21,7.1,,,,,
14,1/14/21,7.1,,,,,
15,1/15/21,7.3,,,,,
16,1/16/21,7.5,,,,,
17,1/17/21,7.4,,,,,
18,1/18/21,7.4,,,,,
19,1/19/21,7.4,,,,,
20,1/20/21,7.3,,,,,
21,1/21/21,7.1,,,,,
22,1/22/21,7,,,,,
23,1/23/21,7,,,,,
24,1/24/21,7,,,,,
25,1/25/21,7,,,,,
26,1/26/21,7,,,,,
27,1/27/21,7,,,,,
28,1/28/21,6.8,,,,,
29,1/29/21,6.7,,,,,
30,1/30/21,6.7,,,,,
31,1/31/21,6.6,,,,,
32,2/1/21,6.7,,,,,
33,2/2/21,6.7,,,,,
34,2/3/21,6.7,,,,,
35,2/4/21,6.6,,,,,
36,2/5/21,6.5,,,,,
37,2/6/21,6.6,,,,,
38,2/7/21,6.5,,,,,
39,2/8/21,6.4,,,,,
40,2/9/21,6.2,,,,,
41,2/10/21,6.2,,,,,
42,2/11/21,6.1,,,,,
43,2/12/21,6,,,,,
44,2/13/21,5.8,,,,,
45,2/14/21,5.7,,,,,
46,2/15/21,5.7,,,,,
47,2/16/21,6.1,,,,,
48,2/17/21,6.2,,,,,
49,2/18/21,6,,,,,
50,2/19/21,5.7,,,,,
51,2/20/21,5.7,,,,,
52,2/21/21,5.5,,,,,
53,2/22/21,5.4,,,,,
54,2/23/21,5.3,,,,,
55,2/24/21,5.4,,,,,
56,2/25/21,5.3,,,,,
57,2/26/21,5.3,,,,,
58,2/27/21,5.3,,,,,
59,2/28/21,5.4,,,,,
60,3/1/21,5.4,,,,,
61,3/2/21,5.7,,,,,
62,3/3/21,5.7,,,,,
63,3/4/21,5.5,,,,,
64,3/5/21,5.4,,,,,
65,3/6/21,5.4,,,,,
66,3/7/21,5.4,,,,,
67,3/8/21,5.3,,,,,
68,3/9/21,5.2,,,,,
69,3/10/21,5.4,,,,,
70,3/11/21,5.6,,,,,
71,3/12/21,5.8,,,,,
72,3/13/21,5.9,,,,,
73,3/14/21,5.8,,,,,
74,3/15/21,5.4,,,,,
75,3/16/21,5.1,,,,,
76,3/17/21,5.1,,,,,
77,3/18/21,5.1,,,,,
78,3/19/21,5.2,,,,,
79,3/20/21,5.2,,,,,
80,3/21/21,5.4,,,,,
81,3/22/21,5.6,,,,,
82,3/23/21,5.9,,,,,
83,3/24/21,6.2,,,,,
84,3/25/21,6.4,,,,,
85,3/26/21,6.2,,,,,
86,3/27/21,6.1,,,,,
87,3/28/21,5.9,,,,,
88,3/29/21,5.9,,,,,
89,3/30/21,6.1,,,,,
90,3/31/21,6,,,,,
91,4/1/21,5.9,,,,,
92,4/2/21,5.7,,,,,
93,4/3/21,5.8,,,,,
94,4/4/21,5.9,,,,,
95,4/5/21,5.9,,,,,
96,4/6/21,6.1,,,,,
97,4/7/21,6.3,,,,,
98,4/8/21,6.7,,,,,
99,4/9/21,7,,,,,
100,4/10/21,7.1,,,,,
101,4/11/21,7.2,,,,,
102,4/12/21,6.9,,,,,
103,4/13/21,6.6,,,,,
104,4/14/21,6.7,,,,,
105,4/15/21,6.7,,,,,
106,4/16/21,6.6,,,,,
107,4/17/21,6.3,,,,,
108,4/18/21,7.1,,,,,
109,4/19/21,7.3,,,,,
110,4/20/21,7.3,,,,,
111,4/21/21,7.2,,,,,
112,4/22/21,7,,,,,
113,4/23/21,6.6,,,,,
114,4/24/21,6.6,,,,,
115,4/25/21,6.6,,,,,
116,4/26/21,6.5,,,,,
117,4/27/21,6.8,,,,,
118,4/28/21,7.1,,,,,
119,4/29/21,7.3,,,,,
120,4/30/21,7.1,,,,,
121,5/1/21,7.8,,,,,
122,5/2/21,8,,,,,
123,5/3/21,8.1,,,,,
124,5/4/21,8.1,,,,,
125,5/5/21,7.7,,,,,
126,5/6/21,7.8,,,,,
127,5/7/21,8.1,,,,,
128,5/8/21,8.3,,,,,
129,5/9/21,8.2,,,,,
130,5/10/21,8.4,,,,,
131,5/11/21,8.5,,,,,
132,5/12/21,8.7,,,,,
133,5/13/21,9.2,,,,,
134,5/14/21,9.5,,,,,
135,5/15/21,10.1,,,,,
136,5/16/21,10.4,,,,,
137,5/17/21,11,,,,,
138,5/18/21,11.4,,,,,
139,5/19/21,11.4,,,,,
140,5/20/21,11.6,,,,,
141,5/21/21,11.6,,,,,
142,5/22/21,11.9,,,,,
143,5/23/21,12,,,,,
144,5/24/21,11.3,,,,,
145,5/25/21,11.2,,,,,
146,5/26/21,11.1,,,,,
147,5/27/21,11.5,,,,,
148,5/28/21,11.5,,,,,
149,5/29/21,11.1,,,,,
150,5/30/21,10.7,,,,,
151,5/31/21,10.6,,,,,
152,6/1/21,10.7,,,,,
153,6/2/21,11,,,,,
154,6/3/21,11,,,,,
155,6/4/21,11.4,,,,,
156,6/5/21,11.6,,,,,
157,6/6/21,13,,,,,
158,6/7/21,13.9,,,,,
159,6/8/21,14,,,,,
160,6/9/21,14.3,,,,,
161,6/10/21,14.6,,,,,
162,6/11/21,14.5,,,,,
163,6/12/21,13.8,,,,,
164,6/13/21,13.9,,,,,
165,6/14/21,14.2,,,,,
166,6/15/21,14.3,,,,,
167,6/16/21,14.6,,,,,
168,6/17/21,15,,,,,
169,6/18/21,15.3,,,,,
170,6/19/21,15.4,,,,,
171,6/20/21,15.7,,,,,
172,6/21/21,16.1,,,,,
173,6/22/21,16.1,,,,,
174,6/23/21,15.3,,,,,
175,6/24/21,15.3,,,,,
176,6/25/21,15.8,,,,,
177,6/26/21,16,,,,,
178,6/27/21,16,,,,,
179,6/28/21,16.9,,,,,
180,6/29/21,17.7,,,,,
181,6/30/21,17.6,,,,,
182,7/1/21,17.3,,,,,
183,7/2/21,16.9,,,,,
184,7/3/21,16.4,,,,,
185,7/4/21,15.9,,,,,
186,7/5/21,15.5,,,,,
187,7/6/21,15.9,,,,,
188,7/7/21,16.4,,,,,
189,7/8/21,16.6,,,,,
190,7/9/21,16.4,,,,,
191,7/10/21,16.1,,,,,
192,7/11/21,16.2,,,,,
193,7/12/21,16.3,,,,,
194,7/13/21,16.4,,,,,
195,7/14/21,18.1,,,,,
196,7/15/21,18.5,,,,,
197,7/16/21,17.8,,,,,
198,7/17/21,17.6,,,,,
199,7/18/21,17.8,,,,,
200,7/19/21,17.8,,,,,
201,7/20/21,17.9,,,,,
202,7/21/21,18.2,,,,,
203,7/22/21,18.1,,,,,
204,7/23/21,18,,,,,
205,7/24/21,18.2,,,,,
206,7/25/21,18.3,,,,,
207,7/26/21,18.3,,,,,
208,7/27/21,18.5,,,,,
209,7/28/21,18.4,,,,,
210,7/29/21,18.3,,,,,
211,7/30/21,17.8,,,,,
212,7/31/21,17.2,,,,,
213,8/1/21,17.5,,,,,
214,8/2/21,17.8,,,,,
215,8/3/21,18.1,,,,,
216,8/4/21,18.2,,,,,
217,8/5/21,17.9,,,,,
218,8/6/21,18.1,,,,,
219,8/7/21,18.6,,,,,
220,8/8/21,18.8,,,,,
221,8/9/21,18.8,,,,,
222,8/10/21,18.8,,,,,
223,8/11/21,19,,,,,
224,8/12/21,20.1,,,,,
225,8/13/21,20.5,,,,,
226,8/14/21,20.6,,,,,
227,8/15/21,20.5,,,,,
228,8/16/21,19.8,,,,,
229,8/17/21,19.6,,,,,
230,8/18/21,19.5,,,,,
231,8/19/21,19,,,,,
232,8/20/21,19.3,,,,,
233,8/21/21,19.6,,,,,
234,8/22/21,19.8,,,,,
235,8/23/21,19.5,,,,,
236,8/24/21,19.4,,,,,
237,8/25/21,19.6,,,,,
238,8/26/21,19.9,,,,,
239,8/27/21,20.2,,,,,
240,8/28/21,20,,,,,
241,8/29/21,19.2,,,,,
242,8/30/21,18.9,,,,,
243,8/31/21,19.1,,,,,
244,9/1/21,19.1,,,,,
245,9/2/21,18.3,,,,,
246,9/3/21,17.3,,,,,
247,9/4/21,17.2,,,,,
248,9/5/21,17.1,,,,,
249,9/6/21,17.3,,,,,
250,9/7/21,17.6,,,,,
251,9/8/21,17.7,,,,,
252,9/9/21,17.8,,,,,
253,9/10/21,17.8,,,,,
254,9/11/21,17.6,,,,,
255,9/12/21,17.5,,,,,
256,9/13/21,17.5,,,,,
257,9/14/21,17.5,,,,,
258,9/15/21,17.6,,,,,
259,9/16/21,17.6,,,,,
260,9/17/21,17.6,,,,,
261,9/18/21,17.6,,,,,
262,9/19/21,17.6,,,,,
263,9/20/21,17.7,,,,,
264,9/21/21,17.6,,,,,
265,9/22/21,17.6,,,,,
266,9/23/21,17.7,,,,,
267,9/24/21,17.9,,,,,
268,9/25/21,18.1,,,,,
269,9/26/21,18,,,,,
270,9/27/21,17.8,,,,,
271,9/28/21,17.8,,,,,
272,9/29/21,17.4,,,,,
273,9/30/21,16.8,,,,,
274,10/1/21,16.6,,,,,
275,10/2/21,16.5,,,,,
276,10/3/21,16.4,,,,,
277,10/4/21,16.3,,,,,
278,10/5/21,16.2,,,,,
279,10/6/21,16.3,,,,,
280,10/7/21,16.5,,,,,
281,10/8/21,16.5,,,,,
282,10/9/21,16.2,,,,,
283,10/10/21,15.9,,,,,
284,10/11/21,15.9,,,,,
285,10/12/21,16.1,,,,,
286,10/13/21,16.1,,,,,
287,10/14/21,16.3,,,,,
288,10/15/21,16.3,,,,,
289,10/16/21,16.1,,,,,
290,10/17/21,15.7,,,,,
291,10/18/21,15.6,,,,,
292,10/19/21,15.2,,,,,
293,10/20/21,14.7,,,,,
294,10/21/21,14.7,,,,,
295,10/22/21,14.8,,,,,
296,10/23/21,14.6,,,,,
297,10/24/21,14.5,,,,,
298,10/25/21,14.3,,,,,
299,10/26/21,14.2,,,,,
300,10/27/21,13.7,,,,,
301,10/28/21,13.4,,,,,
302,10/29/21,13.4,,,,,
303,10/30/21,13.4,,,,,
304,10/31/21,13.2,,,,,
305,11/1/21,13.2,,,,,
306,11/2/21,13.2,,,,,
307,11/3/21,13,,,,,
308,11/4/21,12.8,,,,,
309,11/5/21,12.7,,,,,
310,11/6/21,12.6,,,,,
311,11/7/21,12.5,,,,,
312,11/8/21,12.5,,,,,
313,11/9/21,12.5,,,,,
314,11/10/21,12.3,,,,,
315,11/11/21,12.1,,,,,
316,11/12/21,12.1,,,,,
317,11/13/21,12.1,,,,,
318,11/14/21,12,,,,,
319,11/15/21,11.9,,,,,
320,11/16/21,11.7,,,,,
321,11/17/21,11.5,,,,,
322,11/18/21,11.5,,,,,
323,11/19/21,11.4,,,,,
324,11/20/21,11.3,,,,,
325,11/21/21,11.2,,,,,
326,11/22/21,11.1,,,,,
327,11/23/21,11,,,,,
328,11/24/21,10.9,,,,,
329,11/25/21,10.9,,,,,
330,11/26/21,10.8,,,,,
331,11/27/21,10.6,,,,,
332,11/28/21,10.5,,,,,
333,11/29/21,10.4,,,,,
334,11/30/21,10.4,,,,,
335,12/1/21,10.3,,,,,
336,12/2/21,10.3,,,,,
337,12/3/21,10.3,,,,,
338,12/4/21,10.3,,,,,
339,12/5/21,10.3,,,,,
340,12/6/21,10.2,,,,,
341,12/7/21,10.1,,,,,
342,12/8/21,10,,,,,
343,12/9/21,10,,,,,
344,12/10/21,10,,,,,
345,12/11/21,10,,,,,
346,12/12/21,9.9,,,,,
347,12/13/21,10,,,,,
348,12/14/21,9.9,,,,,
349,12/15/21,9.8,,,,,
350,12/16/21,9.8,,,,,
351,12/17/21,9.9,,,,,
352,12/18/21,9.8,,,,,
353,12/19/21,9.8,,,,,
354,12/20/21,9.6,,,,,
355,12/21/21,9.6,,,,,
356,12/22/21,9.5,,,,,
357,12/23/21,9.4,,,,,
358,12/24/21,9.4,,,,,
359,12/25/21,9.4,,,,,
360,12/26/21,9.3,,,,,
361,12/27/21,9.2,,,,,
362,12/28/21,9.2,,,,,
363,12/29/21,9.2,,,,,
364,12/30/21,9.2,,,,,
365,12/31/21,9.2,,,,,
1,1/1/22,9.2,,,,,
2,1/2/22,9.2,,,,,
3,1/3/22,9.1,,,,,
4,1/4/22,9.2,,,,,
5,1/5/22,9.2,,,,,
6,1/6/22,9.1,,,,,
7,1/7/22,9,,,,,
8,1/8/22,8.9,,,,,
9,1/9/22,8.9,,,,,
10,1/10/22,8.8,,,,,
11,1/11/22,8.6,,,,,
12,1/12/22,8.3,,,,,
13,1/13/22,8.2,,,,,
14,1/14/22,8,,,,,
15,1/15/22,7.7,,,,,
16,1/16/22,7.6,,,,,
17,1/17/22,7.6,,,,,
18,1/18/22,7.5,,,,,
19,1/19/22,7.5,,,,,
20,1/20/22,7.3,,,,,
21,1/21/22,7.2,,,,,
22,1/22/22,7,,,,,
23,1/23/22,7,,,,,
24,1/24/22,7.2,,,,,
25,1/25/22,7.1,,,,,
26,1/26/22,7,,,,,
27,1/27/22,6.9,,,,,
28,1/28/22,6.9,,,,,
29,1/29/22,6.9,,,,,
30,1/30/22,6.8,,,,,
31,1/31/22,6.8,,,,,
32,2/1/22,6.7,,,,,
33,2/2/22,6.6,,,,,
34,2/3/22,6.4,,,,,
35,2/4/22,6.4,,,,,
36,2/5/22,6.5,,,,,
37,2/6/22,6.6,,,,,
38,2/7/22,6.7,,,,,
39,2/8/22,6.7,,,,,
40,2/9/22,6.8,,,,,
41,2/10/22,6.8,,,,,
42,2/11/22,6.7,,,,,
43,2/12/22,6.9,,,,,
44,2/13/22,6.8,,,,,
45,2/14/22,6.5,,,,,
46,2/15/22,6.1,,,,,
47,2/16/22,6,,,,,
48,2/17/22,6.1,,,,,
49,2/18/22,6.3,,,,,
50,2/19/22,6.3,,,,,
51,2/20/22,6.4,,,,,
52,2/21/22,6.4,,,,,
53,2/22/22,6.4,,,,,
54,2/23/22,6.5,,,,,
55,2/24/22,6.5,,,,,
56,2/25/22,6.2,,,,,
57,2/26/22,6,,,,,
58,2/27/22,6,,,,,
59,2/28/22,5.9,,,,,
60,3/1/22,5.9,,,,,
61,3/2/22,6,,,,,
62,3/3/22,5.9,,,,,
63,3/4/22,5.9,,,,,
64,3/5/22,5.8,,,,,
65,3/6/22,5.8,,,,,
66,3/7/22,6,,,,,
67,3/8/22,6,,,,,
68,3/9/22,6,,,,,
69,3/10/22,5.9,,,,,
70,3/11/22,6,,,,,
71,3/12/22,5.9,,,,,
72,3/13/22,5.8,,,,,
73,3/14/22,5.8,,,,,
74,3/15/22,5.9,,,,,
75,3/16/22,6,,,,,
76,3/17/22,6.1,,,,,
77,3/18/22,6.1,,,,,
78,3/19/22,5.8,,,,,
79,3/20/22,6,,,,,
80,3/21/22,5.9,,,,,
81,3/22/22,5.9,,,,,
82,3/23/22,5.9,,,,,
83,3/24/22,5.8,,,,,
84,3/25/22,5.9,,,,,
85,3/26/22,5.9,,,,,
86,3/27/22,5.9,,,,,
87,3/28/22,5.8,,,,,
88,3/29/22,5.6,,,,,
89,3/30/22,5.5,,,,,
90,3/31/22,5.6,,,,,
91,4/1/22,5.8,,,,,
92,4/2/22,5.7,,,,,
93,4/3/22,5.6,,,,,
94,4/4/22,5.6,,,,,
95,4/5/22,5.7,,,,,
96,4/6/22,5.7,,,,,
97,4/7/22,6,,,,,
98,4/8/22,5.9,,,,,
99,4/9/22,5.9,,,,,
100,4/10/22,6,,,,,
101,4/11/22,6.1,,,,,
102,4/12/22,6.2,,,,,
103,4/13/22,6.3,,,,,
104,4/14/22,6.4,,,,,
105,4/15/22,6.6,,,,,
106,4/16/22,6.6,,,,,
107,4/17/22,6.4,,,,,
108,4/18/22,6.4,,,,,
109,4/19/22,6.3,,,,,
110,4/20/22,6.2,,,,,
111,4/21/22,6.2,,,,,
112,4/22/22,6.4,,,,,
113,4/23/22,6.4,,,,,
114,4/24/22,6.7,,,,,
115,4/25/22,6.8,,,,,
116,4/26/22,7,,,,,
117,4/27/22,6.9,,,,,
118,4/28/22,6.6,,,,,
119,4/29/22,6.5,,,,,
120,4/30/22,6.5,,,,,
121,5/1/22,6.8,,,,,
122,5/2/22,7.1,,,,,
123,5/3/22,7.4,,,,,
124,5/4/22,7.7,,,,,
125,5/5/22,7.6,,,,,
126,5/6/22,7.6,,,,,
127,5/7/22,7.6,,,,,
128,5/8/22,7.6,,,,,
129,5/9/22,7.5,,,,,
130,5/10/22,7.5,,,,,
131,5/11/22,7.5,,,,,
132,5/12/22,7.7,,,,,
133,5/13/22,8.2,,,,,
134,5/14/22,8.4,,,,,
135,5/15/22,9,,,,,
136,5/16/22,9.4,,,,,
137,5/17/22,9.3,,,,,
138,5/18/22,9.4,,,,,
139,5/19/22,9.4,,,,,
140,5/20/22,9.5,,,,,
141,5/21/22,9.6,,,,,
142,5/22/22,9.9,,,,,
143,5/23/22,10.1,,,,,
144,5/24/22,10.1,,,,,
145,5/25/22,10.3,,,,,
146,5/26/22,10.5,,,,,
147,5/27/22,10.6,,,,,
148,5/28/22,10.7,,,,,
149,5/29/22,11.4,,,,,
150,5/30/22,11.7,,,,,
151,5/31/22,11.6,,,,,
152,6/1/22,11.6,,,,,
153,6/2/22,11.4,,,,,
154,6/3/22,11.5,,,,,
155,6/4/22,11.9,,,,,
156,6/5/22,12.4,,,,,
157,6/6/22,12.9,,,,,
158,6/7/22,13.1,,,,,
159,6/8/22,13.1,,,,,
160,6/9/22,13,,,,,
161,6/10/22,13.1,,,,,
162,6/11/22,13.2,,,,,
163,6/12/22,13.8,,,,,
164,6/13/22,14.2,,,,,
165,6/14/22,14.5,,,,,
166,6/15/22,14.6,,,,,
167,6/16/22,14.6,,,,,
168,6/17/22,14.5,,,,,
169,6/18/22,14.3,,,,,
170,6/19/22,14,,,,,
171,6/20/22,13.4,,,,,
172,6/21/22,13.4,,,,,
173,6/22/22,13.5,,,,,
174,6/23/22,13.7,,,,,
175,6/24/22,14.2,,,,,
176,6/25/22,14.9,,,,,
177,6/26/22,15.7,,,,,
178,6/27/22,15.7,,,,,
179,6/28/22,15.6,,,,,
180,6/29/22,15.7,,,,,
181,6/30/22,15.8,,,,,
182,7/1/22,15.9,,,,,
183,7/2/22,16.2,,,,,
184,7/3/22,16.5,,,,,
185,7/4/22,16.8,,,,,
186,7/5/22,17,,,,,
187,7/6/22,17,,,,,
188,7/7/22,17.1,,,,,
189,7/8/22,17,,,,,
190,7/9/22,17,,,,,
191,7/10/22,17.2,,,,,
192,7/11/22,17.2,,,,,
193,7/12/22,17.3,,,,,
194,7/13/22,17.5,,,,,
195,7/14/22,17.7,,,,,
196,7/15/22,17.8,,,,,
197,7/16/22,17.9,,,,,
198,7/17/22,18,,,,,
199,7/18/22,18.1,,,,,
200,7/19/22,17.8,,,,,
201,7/20/22,18,,,,,
202,7/21/22,18.4,,,,,
203,7/22/22,18.7,,,,,
204,7/23/22,18.8,,,,,
205,7/24/22,18.9,,,,,
206,7/25/22,18.9,,,,,
207,7/26/22,18.7,,,,,
208,7/27/22,18.8,,,,,
209,7/28/22,19,,,,,
210,7/29/22,19.3,,,,,
211,7/30/22,19.3,,,,,
212,7/31/22,19.4,,,,,
213,8/1/22,19.5,,,,,
214,8/2/22,19.7,,,,,
215,8/3/22,20,,,,,
216,8/4/22,20.1,,,,,
217,8/5/22,20.6,,,,,
218,8/6/22,21,,,,,
219,8/7/22,21.1,,,,,
220,8/8/22,21,,,,,
221,8/9/22,20.7,,,,,
222,8/10/22,20.1,,,,,
223,8/11/22,19.8,,,,,
224,8/12/22,19.9,,,,,
225,8/13/22,19.8,,,,,
226,8/14/22,19.7,,,,,
227,8/15/22,19.8,,,,,
228,8/16/22,19.9,,,,,
229,8/17/22,19.1,,,,,
230,8/18/22,18.5,,,,,
231,8/19/22,18.6,,,,,
232,8/20/22,18.8,,,,,
233,8/21/22,19.3,,,,,
234,8/22/22,19.4,,,,,
235,8/23/22,19.6,,,,,
236,8/24/22,19.8,,,,,
237,8/25/22,20.2,,,,,
238,8/26/22,20.3,,,,,
239,8/27/22,20.2,,,,,
240,8/28/22,20,,,,,
241,8/29/22,19.9,,,,,
242,8/30/22,20,,,,,
243,8/31/22,20,,,,,
244,9/1/22,19.8,,,,,
245,9/2/22,19.5,,,,,
246,9/3/22,19.3,,,,,
247,9/4/22,19.4,,,,,
248,9/5/22,19.4,,,,,
249,9/6/22,19,,,,,
250,9/7/22,18.9,,,,,
251,9/8/22,19,,,,,
252,9/9/22,19,,,,,
253,9/10/22,19.2,,,,,
254,9/11/22,19.2,,,,,
255,9/12/22,19.2,,,,,
256,9/13/22,19.1,,,,,
257,9/14/22,18.9,,,,,
258,9/15/22,18.4,,,,,
259,9/16/22,17.8,,,,,
260,9/17/22,17.4,,,,,
261,9/18/22,17.2,,,,,
262,9/19/22,17.2,,,,,
263,9/20/22,17,,,,,
264,9/21/22,16.7,,,,,
265,9/22/22,16.7,,,,,
266,9/23/22,16.4,,,,,
267,9/24/22,15.5,,,,,
268,9/25/22,15.2,,,,,
269,9/26/22,15.1,,,,,
270,9/27/22,15.2,,,,,
271,9/28/22,15.2,,,,,
272,9/29/22,15.1,,,,,
273,9/30/22,14.9,,,,,
274,10/1/22,14.8,,,,,
275,10/2/22,14.5,,,,,
276,10/3/22,14.3,,,,,
277,10/4/22,14.2,,,,,
278,10/5/22,14.2,,,,,
279,10/6/22,14.3,,,,,
280,10/7/22,14.3,,,,,
281,10/8/22,14.3,,,,,
282,10/9/22,14.1,,,,,
283,10/10/22,14,,,,,
284,10/11/22,14,,,,,
285,10/12/22,14.1,,,,,
286,10/13/22,14.1,,,,,
287,10/14/22,14.1,,,,,
288,10/15/22,14.2,,,,,
289,10/16/22,14.2,,,,,
290,10/17/22,14.2,,,,,
291,10/18/22,14.2,,,,,
292,10/19/22,14,,,,,
293,10/20/22,13.8,,,,,
294,10/21/22,13.6,,,,,
295,10/22/22,13.6,,,,,
296,10/23/22,13.7,,,,,
297,10/24/22,14,,,,,
298,10/25/22,14,,,,,
299,10/26/22,14.2,,,,,
300,10/27/22,14.3,,,,,
301,10/28/22,14,,,,,
302,10/29/22,13.8,,,,,
303,10/30/22,13.9,,,,,
304,10/31/22,13.9,,,,,
305,11/1/22,13.9,,,,,
306,11/2/22,14,,,,,
307,11/3/22,13.9,,,,,
308,11/4/22,13.8,,,,,
309,11/5/22,13.7,,,,,
310,11/6/22,13.7,,,,,
311,11/7/22,14,,,,,
312,11/8/22,13.5,,,,,
313,11/9/22,13.1,,,,,
314,11/10/22,13.1,,,,,
315,11/11/22,13,,,,,
316,11/12/22,13.1,,,,,
317,11/13/22,12.9,,,,,
318,11/14/22,12.7,,,,,
319,11/15/22,12.4,,,,,
320,11/16/22,12.2,,,,,
321,11/17/22,12.1,,,,,
322,11/18/22,11.9,,,,,
323,11/19/22,11.7,,,,,
324,11/20/22,11.5,,,,,
325,11/21/22,11.5,,,,,
326,11/22/22,11.1,,,,,
327,11/23/22,10.9,,,,,
328,11/24/22,10.6,,,,,
329,11/25/22,10.1,,,,,
330,11/26/22,9.9,,,,,
331,11/27/22,9.9,,,,,
332,11/28/22,10.1,,,,,
333,11/29/22,9.9,,,,,
334,11/30/22,10.1,,,,,
335,12/1/22,10,,,,,
336,12/2/22,10.1,,,,,
337,12/3/22,10.3,,,,,
338,12/4/22,10.4,,,,,
339,12/5/22,10.2,,,,,
340,12/6/22,10.3,,,,,
341,12/7/22,10.3,,,,,
342,12/8/22,10.2,,,,,
343,12/9/22,10.2,,,,,
344,12/10/22,10,,,,,
345,12/11/22,10.1,,,,,
346,12/12/22,9.8,,,,,
347,12/13/22,9.7,,,,,
348,12/14/22,9.6,,,,,
349,12/15/22,9.6,,,,,
350,12/16/22,9.5,,,,,
351,12/17/22,9.5,,,,,
352,12/18/22,9.5,,,,,
353,12/19/22,9.3,,,,,
354,12/20/22,9,,,,,
355,12/21/22,8.8,,,,,
356,12/22/22,8.7,,,,,
357,12/23/22,8.8,,,,,
358,12/24/22,8.7,,,,,
359,12/25/22,8.6,,,,,
360,12/26/22,8.5,,,,,
361,12/27/22,8.3,,,,,
362,12/28/22,8.2,,,,,
363,12/29/22,8.1,,,,,
364,12/30/22,8.1,,,,,
365,12/31/22,7.9,,,,,
1,1/1/23,8,,,,,
2,1/2/23,7.9,,,,,
3,1/3/23,7.8,,,,,
4,1/4/23,7.8,,,,,
5,1/5/23,7.9,,,,,
6,1/6/23,7.8,,,,,
7,1/7/23,7.8,,,,,
8,1/8/23,7.8,,,,,
9,1/9/23,7.8,,,,,
10,1/10/23,7.7,,,,,
11,1/11/23,7.6,,,,,
12,1/12/23,7.6,,,,,
13,1/13/23,7.7,,,,,
14,1/14/23,7.9,,,,,
15,1/15/23,7.9,,,,,
16,1/16/23,7.8,,,,,
17,1/17/23,7.7,,,,,
18,1/18/23,7.7,,,,,
19,1/19/23,7.8,,,,,
20,1/20/23,7.8,,,,,
21,1/21/23,7.5,,,,,
22,1/22/23,7.5,,,,,
23,1/23/23,7.5,,,,,
24,1/24/23,7.5,,,,,
25,1/25/23,7.6,,,,,
26,1/26/23,7.7,,,,,
27,1/27/23,7.7,,,,,
28,1/28/23,7.6,,,,,
29,1/29/23,7.6,,,,,
30,1/30/23,7.5,,,,,
31,1/31/23,7.4,,,,,
32,2/1/23,7.3,,,,,
33,2/2/23,7.3,,,,,
34,2/3/23,7.3,,,,,
35,2/4/23,7.1,,,,,
36,2/5/23,6.7,,,,,
37,2/6/23,6.6,,,,,
38,2/7/23,6.7,,,,,
39,2/8/23,6.7,,,,,
40,2/9/23,6.8,,,,,
41,2/10/23,7,,,,,
42,2/11/23,7.1,,,,,
43,2/12/23,7,,,,,
44,2/13/23,7,,,,,
45,2/14/23,7,,,,,
46,2/15/23,7.1,,,,,
47,2/16/23,7.3,,,,,
48,2/17/23,7.2,,,,,
49,2/18/23,6.9,,,,,
50,2/19/23,6.9,,,,,
51,2/20/23,6.9,,,,,
52,2/21/23,6.9,,,,,
53,2/22/23,6.9,,,,,
54,2/23/23,6.8,,,,,
55,2/24/23,6.7,,,,,
56,2/25/23,6.6,,,,,
57,2/26/23,6.4,,,,,
58,2/27/23,6.4,,,,,
59,2/28/23,6.3,,,,,
60,3/1/23,6.3,,,,,
61,3/2/23,6.4,,,,,
62,3/3/23,6.4,,,,,
63,3/4/23,6.4,,,,,
64,3/5/23,6.5,,,,,
65,3/6/23,6.5,,,,,
66,3/7/23,6.5,,,,,
67,3/8/23,6.3,,,,,
68,3/9/23,6.3,,,,,
69,3/10/23,6.3,,,,,
70,3/11/23,6.2,,,,,
71,3/12/23,5.9,,,,,
72,3/13/23,5.9,,,,,
73,3/14/23,5.8,,,,,
74,3/15/23,5.7,,,,,
75,3/16/23,5.6,,,,,
76,3/17/23,5.6,,,,,
77,3/18/23,5.6,,,,,
78,3/19/23,5.5,,,,,
79,3/20/23,5.4,,,,,
80,3/21/23,5.4,,,,,
81,3/22/23,5.3,,,,,
82,3/23/23,5.4,,,,,
83,3/24/23,5.4,,,,,
84,3/25/23,5.4,,,,,
85,3/26/23,5.4,,,,,
86,3/27/23,5.4,,,,,
87,3/28/23,5.4,,,,,
88,3/29/23,5.5,,,,,
89,3/30/23,5.5,,,,,
90,3/31/23,5.5,,,,,
91,4/1/23,5.7,,,,,
92,4/2/23,6,,,,,
93,4/3/23,6,,,,,
94,4/4/23,6.1,,,,,
95,4/5/23,6.2,,,,,
96,4/6/23,6.3,,,,,
97,4/7/23,6.4,,,,,
98,4/8/23,6.2,,,,,
99,4/9/23,6.2,,,,,
100,4/10/23,6.5,,,,,
101,4/11/23,6.7,,,,,
102,4/12/23,6.8,,,,,
103,4/13/23,7.1,,,,,
104,4/14/23,7.4,,,,,
105,4/15/23,7.4,,,,,
106,4/16/23,7.6,,,,,
107,4/17/23,8.1,,,,,
108,4/18/23,7.8,,,,,
109,4/19/23,7.5,,,,,
110,4/20/23,7.4,,,,,
111,4/21/23,7.3,,,,,
112,4/22/23,7.3,,,,,
113,4/23/23,7.4,,,,,
114,4/24/23,7.4,,,,,
115,4/25/23,7.3,,,,,
116,4/26/23,7.3,,,,,
117,4/27/23,7.5,,,,,
118,4/28/23,7.9,,,,,
119,4/29/23,7.9,,,,,
120,4/30/23,7.9,,,,,
121,5/1/23,7.8,,,,,
122,5/2/23,7.8,,,,,
123,5/3/23,7.8,,,,,
124,5/4/23,7.6,,,,,
125,5/5/23,7.8,,,,,
126,5/6/23,7.9,,,,,
127,5/7/23,8.3,,,,,
128,5/8/23,8.7,,,,,
129,5/9/23,8.7,,,,,
130,5/10/23,8.9,,,,,
131,5/11/23,9.1,,,,,
132,5/12/23,9.3,,,,,
133,5/13/23,9.8,,,,,
134,5/14/23,9.9,,,,,
135,5/15/23,9.9,,,,,
136,5/16/23,9.7,,,,,
137,5/17/23,9.3,,,,,
138,5/18/23,9,,,,,
139,5/19/23,9,,,,,
140,5/20/23,8.8,,,,,
141,5/21/23,8.9,,,,,
142,5/22/23,9.3,,,,,
143,5/23/23,9.6,,,,,
144,5/24/23,9.8,,,,,
145,5/25/23,9.9,,,,,
146,5/26/23,10.1,,,,,
147,5/27/23,10.7,,,,,
148,5/28/23,11.1,,,,,
149,5/29/23,11.2,,,,,
150,5/30/23,11.3,,,,,
151,5/31/23,11.5,,,,,
152,6/1/23,12.1,,,,,
153,6/2/23,12.9,,,,,
154,6/3/23,12.8,,,,,
155,6/4/23,11.7,,,,,
156,6/5/23,10.8,,,,,
157,6/6/23,10.7,,,,,
158,6/7/23,10.9,,,,,
159,6/8/23,11.3,,,,,
160,6/9/23,11.8,,,,,
161,6/10/23,12,,,,,
162,6/11/23,12.2,,,,,
163,6/12/23,12.3,,,,,
164,6/13/23,12.6,,,,,
165,6/14/23,12.9,,,,,
166,6/15/23,13.3,,,,,
167,6/16/23,13.8,,,,,
168,6/17/23,13.9,,,,,
169,6/18/23,13.1,,,,,
170,6/19/23,13,,,,,
171,6/20/23,13.4,,,,,
172,6/21/23,13.8,,,,,
173,6/22/23,14.2,,,,,
174,6/23/23,14.9,,,,,
175,6/24/23,15.5,,,,,
176,6/25/23,15.8,,,,,
177,6/26/23,16.3,,,,,
178,6/27/23,15.9,,,,,
179,6/28/23,15.8,,,,,
180,6/29/23,15.8,,,,,
181,6/30/23,15.9,,,,,
182,7/1/23,16.3,,,,,
183,7/2/23,16.1,,,,,
184,7/3/23,16.5,,,,,
185,7/4/23,16.6,,,,,
186,7/5/23,16.5,,,,,
187,7/6/23,16.6,,,,,
188,7/7/23,17,,,,,
189,7/8/23,17.1,,,,,
190,7/9/23,17,,,,,
191,7/10/23,17.1,,,,,
192,7/11/23,17.5,,,,,
193,7/12/23,18,,,,,
194,7/13/23,18.4,,,,,
195,7/14/23,18.7,,,,,
196,7/15/23,19,,,,,
197,7/16/23,19.1,,,,,
198,7/17/23,19,,,,,
199,7/18/23,18.9,,,,,
200,7/19/23,19.2,,,,,
201,7/20/23,19.5,,,,,
202,7/21/23,19.5,,,,,
203,7/22/23,19.7,,,,,
204,7/23/23,20.3,,,,,
205,7/24/23,20.4,,,,,
206,7/25/23,20.5,,,,,
207,7/26/23,20.6,,,,,
208,7/27/23,20.7,,,,,
209,7/28/23,20.8,,,,,
210,7/29/23,20.7,,,,,
211,7/30/23,19.6,,,,,
212,7/31/23,19.2,,,,,
213,8/1/23,19.2,,,,,
214,8/2/23,19.1,,,,,
215,8/3/23,19,,,,,
216,8/4/23,18.8,,,,,
217,8/5/23,18.6,,,,,
218,8/6/23,18.6,,,,,
219,8/7/23,18.6,,,,,
220,8/8/23,18.5,,,,,
221,8/9/23,18.4,,,,,
222,8/10/23,18.2,,,,,
223,8/11/23,18.3,,,,,
224,8/12/23,18.6,,,,,
225,8/13/23,18.9,,,,,
226,8/14/23,19.1,,,,,
227,8/15/23,19.1,,,,,
228,8/16/23,19,,,,,
229,8/17/23,18.8,,,,,
230,8/18/23,18.8,,,,,
231,8/19/23,18.8,,,,,
232,8/20/23,18.7,,,,,
233,8/21/23,18.7,,,,,
234,8/22/23,18.6,,,,,
235,8/23/23,18.6,,,,,
236,8/24/23,18.7,,,,,
237,8/25/23,18.7,,,,,
238,8/26/23,18.7,,,,,
239,8/27/23,18.7,,,,,
240,8/28/23,18.7,,,,,
241,8/29/23,18.7,,,,,
242,8/30/23,18.7,,,,,
243,8/31/23,18.5,,,,,
244,9/1/23,18,,,,,
245,9/2/23,17.8,,,,,
246,9/3/23,17.9,,,,,
247,9/4/23,18.1,,,,,
248,9/5/23,18.4,,,,,
249,9/6/23,19.1,,,,,
250,9/7/23,19.5,,,,,
251,9/8/23,19.8,,,,,
252,9/9/23,19.7,,,,,
253,9/10/23,19.7,,,,,
254,9/11/23,19.8,,,,,
255,9/12/23,19.7,,,,,
256,9/13/23,19.5,,,,,
257,9/14/23,19.4,,,,,
258,9/15/23,19.1,,,,,
259,9/16/23,16.5,,,,,
260,9/17/23,15.7,,,,,
261,9/18/23,15.7,,,,,
262,9/19/23,15.3,,,,,
263,9/20/23,15.3,,,,,
264,9/21/23,15.4,,,,,
265,9/22/23,15.4,,,,,
266,9/23/23,15.2,,,,,
267,9/24/23,15.1,,,,,
268,9/25/23,15.1,,,,,
269,9/26/23,14.9,,,,,
270,9/27/23,14.9,,,,,
271,9/28/23,14.9,,,,,
272,9/29/23,14.8,,,,,
273,9/30/23,14.9,,,,,
274,10/1/23,14.8,,,,,
275,10/2/23,14.9,,,,,
276,10/3/23,15,,,,,
277,10/4/23,15.2,,,,,
278,10/5/23,15.3,,,,,
279,10/6/23,15.3,,,,,
280,10/7/23,15.2,,,,,
281,10/8/23,14.7,,,,,
282,10/9/23,14.6,,,,,
283,10/10/23,14.5,,,,,
284,10/11/23,14.5,,,,,
285,10/12/23,14.6,,,,,
286,10/13/23,14.5,,,,,
287,10/14/23,14.3,,,,,
288,10/15/23,14.1,,,,,
289,10/16/23,13.9,,,,,
290,10/17/23,13.8,,,,,
291,10/18/23,13.8,,,,,
292,10/19/23,13.9,,,,,
293,10/20/23,14,,,,,
294,10/21/23,14,,,,,
295,10/22/23,13.7,,,,,
296,10/23/23,13.4,,,,,
297,10/24/23,13.4,,,,,
298,10/25/23,13.5,,,,,
299,10/26/23,13.8,,,,,
300,10/27/23,13.9,,,,,
301,10/28/23,13.9,,,,,
302,10/29/23,13.6,,,,,
303,10/30/23,13.1,,,,,
304,10/31/23,12.8,,,,,
305,11/1/23,12.5,,,,,
306,11/2/23,12.1,,,,,
307,11/3/23,11.9,,,,,
308,11/4/23,11.8,,,,,
309,11/5/23,11.9,,,,,
310,11/6/23,11.7,,,,,
311,11/7/23,11.7,,,,,
312,11/8/23,11.5,,,,,
313,11/9/23,11.2,,,,,
314,11/10/23,11,,,,,
315,11/11/23,10.9,,,,,
316,11/12/23,10.7,,,,,
317,11/13/23,10.6,,,,,
318,11/14/23,10.6,,,,,
319,11/15/23,10.6,,,,,
320,11/16/23,10.5,,,,,
321,11/17/23,10.6,,,,,
322,11/18/23,10.6,,,,,
323,11/19/23,10.5,,,,,
324,11/20/23,10.4,,,,,
325,11/21/23,10,,,,,
326,11/22/23,10,,,,,
327,11/23/23,9.7,,,,,
328,11/24/23,10.1,,,,,
329,11/25/23,9.8,,,,,
330,11/26/23,9.7,,,,,
331,11/27/23,9.9,,,,,
332,11/28/23,9.9,,,,,
333,11/29/23,9.5,,,,,
334,11/30/23,9.4,,,,,
335,12/1/23,9.3,,,,,
336,12/2/23,9.3,,,,,
337,12/3/23,9,,,,,
338,12/4/23,8.7,,,,,
339,12/5/23,8.8,,,,,
340,12/6/23,8.8,,,,,
341,12/7/23,8.6,,,,,
342,12/8/23,8.4,,,,,
343,12/9/23,8.2,,,,,
344,12/10/23,8.2,,,,,
345,12/11/23,8.3,,,,,
346,12/12/23,8.3,,,,,
347,12/13/23,8.2,,,,,
348,12/14/23,8,,,,,
349,12/15/23,8,,,,,
350,12/16/23,8.1,,,,,
351,12/17/23,7.9,,,,,
352,12/18/23,8,,,,,
353,12/19/23,8.1,,,,,
354,12/20/23,7.9,,,,,
355,12/21/23,7.7,,,,,
356,12/22/23,7.5,,,,,
357,12/23/23,7.3,,,,,
358,12/24/23,7.3,,,,,
359,12/25/23,7.3,,,,,
360,12/26/23,7.3,,,,,
361,12/27/23,7.2,,,,,
362,12/28/23,7.2,,,,,
363,12/29/23,7.5,,,,,
364,12/30/23,7.3,,,,,
365,12/31/23,7.2,,,,,
1,1/1/24,7,,,,,
2,1/2/24,6.8,,,,,
3,1/3/24,6.7,,,,,
4,1/4/24,6.5,,,,,
5,1/5/24,6.5,,,,,
6,1/6/24,6.4,,,,,
7,1/7/24,6.3,,,,,
8,1/8/24,6.2,,,,,
9,1/9/24,6.1,,,,,
10,1/10/24,6.2,,,,,
11,1/11/24,6.1,,,,,
12,1/12/24,5.9,,,,,
13,1/13/24,6,,,,,
14,1/14/24,5.9,,,,,
15,1/15/24,5.7,,,,,
16,1/16/24,5.5,,,,,
17,1/17/24,5.3,,,,,
18,1/18/24,5.3,,,,,
19,1/19/24,5.1,,,,,
20,1/20/24,5,,,,,
21,1/21/24,4.8,,,,,
22,1/22/24,4.8,,,,,
23,1/23/24,4.8,,,,,
24,1/24/24,4.7,,,,,
25,1/25/24,4.8,,,,,
26,1/26/24,4.9,,,,,
27,1/27/24,4.8,,,,,
28,1/28/24,4.8,,,,,
29,1/29/24,4.8,,,,,
30,1/30/24,4.9,,,,,
31,1/31/24,4.9,,,,,
32,2/1/24,4.9,,,,,
33,2/2/24,4.8,,,,,
34,2/3/24,4.8,,,,,
35,2/4/24,4.9,,,,,
36,2/5/24,4.8,,,,,
37,2/6/24,4.6,,,,,
38,2/7/24,4.4,,,,,
39,2/8/24,4.2,,,,,
40,2/9/24,4.3,,,,,
41,2/10/24,4.5,,,,,
42,2/11/24,4.5,,,,,
43,2/12/24,4.5,,,,,
44,2/13/24,4.5,,,,,
45,2/14/24,4.3,,,,,
46,2/15/24,4.2,,,,,
47,2/16/24,4,,,,,
48,2/17/24,3.8,,,,,
49,2/18/24,3.7,,,,,
50,2/19/24,3.8,,,,,
51,2/20/24,3.7,,,,,
52,2/21/24,3.6,,,,,
53,2/22/24,3.6,,,,,
54,2/23/24,3.6,,,,,
55,2/24/24,3.5,,,,,
56,2/25/24,3.5,,,,,
57,2/26/24,3.6,,,,,
58,2/27/24,3.7,,,,,
59,2/28/24,3.8,,,,,
60,2/29/24,4,,,,,
61,3/1/24,4.1,,,,,
62,3/2/24,4.2,,,,,
63,3/3/24,4.7,,,,,
64,3/4/24,5,,,,,
65,3/5/24,4.8,,,,,
66,3/6/24,4.9,,,,,
67,3/7/24,5,,,,,
68,3/8/24,4.9,,,,,
69,3/9/24,4.9,,,,,
70,3/10/24,4.7,,,,,
71,3/11/24,4.6,,,,,
72,3/12/24,4.8,,,,,
73,3/13/24,5,,,,,
74,3/14/24,5.1,,,,,
75,3/15/24,5.3,,,,,
76,3/16/24,5.4,,,,,
77,3/17/24,5.4,,,,,
78,3/18/24,5.3,,,,,
79,3/19/24,5.1,,,,,
80,3/20/24,5,,,,,
81,3/21/24,4.9,,,,,
82,3/22/24,4.9,,,,,
83,3/23/24,4.9,,,,,
84,3/24/24,4.7,,,,,
85,3/25/24,4.7,,,,,
86,3/26/24,4.9,,,,,
87,3/27/24,4.9,,,,,
88,3/28/24,4.9,,,,,
89,3/29/24,4.8,,,,,
90,3/30/24,4.8,,,,,
91,3/31/24,5.4,,,,,
92,4/1/24,4.9,,,,,
93,4/2/24,5,,,,,
94,4/3/24,5,,,,,
95,4/4/24,5,,,,,
96,4/5/24,4.9,,,,,
97,4/6/24,5,,,,,
98,4/7/24,5.3,,,,,
99,4/8/24,5.6,,,,,
100,4/9/24,5.7,,,,,
101,4/10/24,5.7,,,,,
102,4/11/24,5.7,,,,,
103,4/12/24,5.8,,,,,
104,4/13/24,5.8,,,,,
105,4/14/24,5.8,,,,,
106,4/15/24,6.3,,,,,
107,4/16/24,6.8,,,,,
108,4/17/24,6.7,,,,,
109,4/18/24,6.6,,,,,
110,4/19/24,6.7,,,,,
111,4/20/24,6.8,,,,,
112,4/21/24,6.7,,,,,
113,4/22/24,6.7,,,,,
114,4/23/24,6.8,,,,,
115,4/24/24,7,,,,,
116,4/25/24,6.6,,,,,
117,4/26/24,6.6,,,,,
118,4/27/24,7,,,,,
119,4/28/24,7.2,,,,,
120,4/29/24,7.3,,,,,
121,4/30/24,7.6,,,,,
122,5/1/24,7.5,,,,,
123,5/2/24,7.7,,,,,
124,5/3/24,7.7,,,,,
125,5/4/24,7.9,,,,,
126,5/5/24,7.8,,,,,
127,5/6/24,7.9,,,,,
128,5/7/24,8.1,,,,,
129,5/8/24,8.4,,,,,
130,5/9/24,8.3,,,,,
131,5/10/24,8.1,,,,,
132,5/11/24,8,,,,,
133,5/12/24,8.2,,,,,
134,5/13/24,8.9,,,,,
135,5/14/24,9.1,,,,,
136,5/15/24,9.1,,,,,
137,5/16/24,9.5,,,,,
138,5/17/24,9.9,,,,,
139,5/18/24,10.1,,,,,
140,5/19/24,10,,,,,
141,5/20/24,9.7,,,,,
142,5/21/24,9.6,,,,,
143,5/22/24,10.1,,,,,
144,5/23/24,10.9,,,,,
145,5/24/24,11.3,,,,,
146,5/25/24,11.6,,,,,
147,5/26/24,11.8,,,,,
148,5/27/24,11.9,,,,,
149,5/28/24,12.1,,,,,
150,5/29/24,12.5,,,,,
151,5/30/24,12.8,,,,,
152,5/31/24,13.1,,,,,
153,6/1/24,13.3,,,,,
154,6/2/24,13.3,,,,,
155,6/3/24,13.5,,,,,
156,6/4/24,13.9,,,,,
157,6/5/24,14,,,,,
158,6/6/24,14.2,,,,,
159,6/7/24,14.3,,,,,
160,6/8/24,14.3,,,,,
161,6/9/24,14.3,,,,,
162,6/10/24,14.2,,,,,
163,6/11/24,14.4,,,,,
164,6/12/24,14.7,,,,,
165,6/13/24,15,,,,,
166,6/14/24,14.9,,,,,
167,6/15/24,14.7,,,,,
168,6/16/24,14.7,,,,,
169,6/17/24,14.8,,,,,
170,6/18/24,14.9,,,,,
171,6/19/24,15.4,,,,,
172,6/20/24,16,,,,,
173,6/21/24,16.4,,,,,
174,6/22/24,16.5,,,,,
175,6/23/24,16,,,,,
176,6/24/24,15.5,,,,,
177,6/25/24,15.1,,,,,
178,6/26/24,15,,,,,
179,6/27/24,15.1,,,,,
180,6/28/24,14.8,,,,,
181,6/29/24,14.6,,,,,
182,6/30/24,14.3,,,,,
183,7/1/24,14.3,,,,,
184,7/2/24,14.8,,,,,
185,7/3/24,15.4,,,,,
186,7/4/24,15.8,,,,,
187,7/5/24,15.9,,,,,
188,7/6/24,15.9,,,,,
189,7/7/24,16.4,,,,,
190,7/8/24,16.8,,,,,
191,7/9/24,16.6,,,,,
192,7/10/24,16.6,,,,,
193,7/11/24,16.6,,,,,
194,7/12/24,16.6,,,,,
195,7/13/24,16.7,,,,,
196,7/14/24,16.6,,,,,
197,7/15/24,16.7,,,,,
198,7/16/24,17,,,,,
199,7/17/24,17.3,,,,,
200,7/18/24,17.8,,,,,
201,7/19/24,17.6,,,,,
202,7/20/24,17.7,,,,,
203,7/21/24,18.1,,,,,
204,7/22/24,18.3,,,,,
205,7/23/24,18.3,,,,,
206,7/24/24,18.5,,,,,
207,7/25/24,18.2,,,,,
208,7/26/24,18.2,,,,,
209,7/27/24,18.5,,,,,
210,7/28/24,18.5,,,,,
211,7/29/24,18.1,,,,,
212,7/30/24,18,,,,,
213,7/31/24,18,,,,,
214,8/1/24,18.2,,,,,
215,8/2/24,18.7,,,,,
216,8/3/24,19,,,,,
217,8/4/24,19.3,,,,,
218,8/5/24,19.1,,,,,
219,8/6/24,19.1,,,,,
220,8/7/24,18.5,,,,,
221,8/8/24,18.5,,,,,
222,8/9/24,18.6,,,,,
223,8/10/24,18.4,,,,,
224,8/11/24,18.3,,,,,
225,8/12/24,18.3,,,,,
226,8/13/24,18.4,,,,,
227,8/14/24,18.5,,,,,
228,8/15/24,18.6,,,,,
229,8/16/24,18.8,,,,,
230,8/17/24,19.1,,,,,
231,8/18/24,19.2,,,,,
232,8/19/24,19.4,,,,,
233,8/20/24,19.3,,,,,
234,8/21/24,18.8,,,,,
235,8/22/24,18.6,,,,,
236,8/23/24,18.5,,,,,
237,8/24/24,18.6,,,,,
238,8/25/24,18.8,,,,,
239,8/26/24,19.1,,,,,
240,8/27/24,19.2,,,,,
241,8/28/24,19.1,,,,,
242,8/29/24,18.7,,,,,
243,8/30/24,18.3,,,,,
244,8/31/24,18.2,,,,,
245,9/1/24,18.4,,,,,
246,9/2/24,18.6,,,,,
247,9/3/24,18.3,,,,,
248,9/4/24,18.3,,,,,
249,9/5/24,18.3,,,,,
250,9/6/24,18.3,,,,,
251,9/7/24,18.1,,,,,
252,9/8/24,17.9,,,,,
253,9/9/24,17.5,,,,,
254,9/10/24,17.5,,,,,
255,9/11/24,17.5,,,,,
256,9/12/24,17.6,,,,,
257,9/13/24,17.8,,,,,
258,9/14/24,17.9,,,,,
259,9/15/24,18.1,,,,,
260,9/16/24,18.1,,,,,
261,9/17/24,18.1,,,,,
262,9/18/24,17.9,,,,,
263,9/19/24,17.8,,,,,
264,9/20/24,17.5,,,,,
265,9/21/24,16.8,,,,,
266,9/22/24,16.2,,,,,
267,9/23/24,16,,,,,
268,9/24/24,15.9,,,,,
269,9/25/24,15.8,,,,,
270,9/26/24,15.9,,,,,
271,9/27/24,15.9,,,,,
272,9/28/24,16,,,,,
273,9/29/24,16.1,,,,,
274,9/30/24,16.3,,,,,
275,10/1/24,16.3,,,,,
276,10/2/24,16.4,,,,,
277,10/3/24,16.5,,,,,
278,10/4/24,16.5,,,,,
279,10/5/24,16.5,,,,,
280,10/6/24,16.4,,,,,
281,10/7/24,16.2,,,,,
282,10/8/24,15.8,,,,,
283,10/9/24,15.7,,,,,
284,10/10/24,15.6,,,,,
285,10/11/24,15.2,,,,,
286,10/12/24,14.8,,,,,
287,10/13/24,14.6,,,,,
288,10/14/24,14.5,,,,,
289,10/15/24,14.2,,,,,
290,10/16/24,13.8,,,,,
291,10/17/24,13.4,,,,,
292,10/18/24,13.1,,,,,
293,10/19/24,13.1,,,,,
294,10/20/24,13.3,,,,,
295,10/21/24,13.4,,,,,
296,10/22/24,13.5,,,,,
297,10/23/24,13.6,,,,,
298,10/24/24,13.5,,,,,
299,10/25/24,13.4,,,,,
300,10/26/24,13.2,,,,,
301,10/27/24,13,,,,,
302,10/28/24,12.7,,,,,
303,10/29/24,12.5,,,,,
304,10/30/24,12.5,,,,,
305,10/31/24,12.6,,,,,
306,11/1/24,12.7,,,,,
307,11/2/24,12.6,,,,,
308,11/3/24,12.5,,,,,
309,11/4/24,12.2,,,,,
310,11/5/24,12.3,,,,,
311,11/6/24,12.4,,,,,
312,11/7/24,12.3,,,,,
313,11/8/24,12.2,,,,,
314,11/9/24,11.9,,,,,
315,11/10/24,11.6,,,,,
316,11/11/24,11.5,,,,,
317,11/12/24,11.3,,,,,
318,11/13/24,11,,,,,
319,11/14/24,10.6,,,,,
320,11/15/24,10.5,,,,,
321,11/16/24,10.3,,,,,
322,11/17/24,10.2,,,,,
323,11/18/24,10.2,,,,,
324,11/19/24,10.2,,,,,
325,11/20/24,10.2,,,,,
326,11/21/24,10.2,,,,,
327,11/22/24,10.3,,,,,
328,11/23/24,10.1,,,,,
329,11/24/24,10,,,,,
330,11/25/24,9.9,,,,,
331,11/26/24,9.8,,,,,
332,11/27/24,9.8,,,,,
333,11/28/24,9.6,,,,,
334,11/29/24,9.5,,,,,
335,11/30/24,9.4,,,,,
336,12/1/24,9.2,,,,,
337,12/2/24,9.1,,,,,
338,12/3/24,9,,,,,
339,12/4/24,9,,,,,
340,12/5/24,8.9,,,,,
341,12/6/24,8.8,,,,,
342,12/7/24,8.6,,,,,
343,12/8/24,8.5,,,,,
344,12/9/24,8.6,,,,,
345,12/10/24,8.6,,,,,
346,12/11/24,8.1,,,,,
347,12/12/24,8,,,,,
348,12/13/24,8,,,,,
349,12/14/24,7.9,,,,,
350,12/15/24,7.9,,,,,
351,12/16/24,7.9,,,,,
352,12/17/24,8.1,,,,,
353,12/18/24,8.1,,,,,
354,12/19/24,8.2,,,,,
355,12/20/24,8.1,,,,,
356,12/21/24,7.9,,,,,
357,12/22/24,7.6,,,,,
358,12/23/24,7.4,,,,,
359,12/24/24,7.2,,,,,
360,12/25/24,7.4,,,,,
361,12/26/24,7.4,,,,,
362,12/27/24,7.3,,,,,
363,12/28/24,7.2,,,,,
364,12/29/24,6.8,,,,,
365,12/30/24,6.6,,,,,
366,12/31/24,6.8,,,,,
1,1/1/25,6.9,,,,,
2,1/2/25,6.9,,,,,
3,1/3/25,6.9,,,,,
4,1/4/25,6.8,,,,,
5,1/5/25,6.8,,,,,
6,1/6/25,6.7,,,,,
7,1/7/25,6.6,,,,,
8,1/8/25,6.6,,,,,
9,1/9/25,6.7,,,,,
10,1/10/25,6.6,,,,,
11,1/11/25,6.7,,,,,
12,1/12/25,6.7,,,,,
13,1/13/25,6.6,,,,,
14,1/14/25,6.6,,,,,
15,1/15/25,6.5,,,,,
16,1/16/25,6.3,,,,,
17,1/17/25,6.1,,,,,
18,1/18/25,6.1,,,,,
19,1/19/25,6.2,,,,,
20,1/20/25,6,,,,,
21,1/21/25,5.9,,,,,
22,1/22/25,5.6,,,,,
23,1/23/25,5.4,,,,,
24,1/24/25,5.4,,,,,
25,1/25/25,5.3,,,,,
26,1/26/25,5.1,,,,,
27,1/27/25,5.1,,,,,
28,1/28/25,5.2,,,,,
29,1/29/25,5.3,,,,,
30,1/30/25,5.5,,,,,
31,1/31/25,5.6,,,,,
32,2/1/25,5.6,,,,,
33,2/2/25,5.6,,,,,
34,2/3/25,5.5,,,,,
35,2/4/25,5.6,,,,,
36,2/5/25,5.4,,,,,
37,2/6/25,5.2, ,,,,
38,2/7/25,5.1,,,,,
39,2/8/25,5.1,,,,,
40,2/9/25,5,,,,,
41,2/10/25,4.9,,,,,
42,2/11/25,4.9,,,,,
43,2/12/25,4.9,,,,, 
44,2/13/25,5,,,,,
45,2/14/25,5,,,,,
46,2/15/25,5,,,,,
47,2/16/25,4.9,,,,,
48,2/17/25,4.6,,,,,
49,2/18/25,4.6,,,,,
50,2/19/25,4.4,,,,,
51,2/20/25,4.3,,,,,
52,2/21/25,4.2,,,,,
53,2/22/25,4.2,,,,,
54,2/23/25,4.2,,,,,
55,2/24/25,4.2,,,,,
56,2/25/25,4.2,,,,,
57,2/26/25,4.3,,,,,
58,2/27/25,4.3,,,,,
59,2/28/25,4.2,,,,,
60,3/1/25,4.1,,,,,
61,3/2/25,4.1,,,,,
62,3/3/25,4.1,,,,,
63,3/4/25,4.1,,,,,
64,3/5/25,4.2,,,,,
65,3/6/25,4.1, ,,,,
66,3/7/25,4.3,,,,,
67,3/8/25,4.3,,,,,
68,3/9/25,4.3,,,,,
69,3/10/25,4.4,,,,,
70,3/11/25,4.5,,,,,
71,3/12/25,4.4,,,,,
72,3/13/25,4.4,,,,,
73,3/14/25,4.4,,,,,
74,3/15/25,4.4,,,,,
75,3/16/25,4.5,,,,,
76,3/17/25,4.4,,,,,
77,3/18/25,4.5,,,,,
78,3/19/25,4.6,,,,,
79,3/20/25,4.8,,,,,
80,3/21/25,5,,,,,
81,3/22/25,4.9,,,,,
82,3/23/25,4.8,,,,,
83,3/24/25,4.6,,,,,
84,3/25/25,4.6,,,,,
85,3/26/25,4.6,,,,,
86,3/27/25,4.8,,,,,
87,3/28/25,4.9,,,,,
88,3/29/25,4.9,,,,,
89,3/30/25,5.1,,,,,
90,3/31/25,5.2,,,,,
91,4/1/25,4.9,,,,,
92,4/2/25,4.7,,,,,
93,4/3/25,4.8,,,,,
94,4/4/25,5,,,,,
95,4/5/25,5,,,,,
96,4/6/25,5,,,,,
97,4/7/25,4.8,,,,,
98,4/8/25,4.6,,,,,
99,4/9/25,4.6,,,,,
100,4/10/25,4.7,,,,,
101,4/11/25,4.6,,,,,
102,4/12/25,4.6,,,,,
103,4/13/25,4.6,,,,,
104,4/14/25,4.6,,,,,
105,4/15/25,4.5,,,,,
106,4/16/25,4.7,,,,,
107,4/17/25,4.7,,,,,
108,4/18/25,4.9,,,,,
109,4/19/25,5,,,,,
110,4/20/25,5.5,,,,,
111,4/21/25,5.6,,,,,
112,4/22/25,5.6,,,,,
113,4/23/25,5.7,,,,,
114,4/24/25,6.3,,,,,
115,4/25/25,6.4,,,,,
116,4/26/25,6.2,,,,,
117,4/27/25,6.1,,,,,
118,4/28/25,6,,,,,
119,4/29/25,6,,,,,
120,4/30/25,6.5,,,,,
121,5/1/25,6.7,,,,,
122,5/2/25,6.9,,,,,
123,5/3/25,6.9,,,,,
124,5/4/25,6.6,,,,,
125,5/5/25,6.5,,,,,
126,5/6/25,6.7,,,,,
127,5/7/25,6.8,,,,,
128,5/8/25,7.2,,,,,
129,5/9/25,7.7,,,,,
130,5/10/25,7.5,,,,,
131,5/11/25,7.6,,,,,
132,5/12/25,7.9,,,,,
133,5/13/25,8,,,,,
134,5/14/25,8.3,,,,,
135,5/15/25,8.6,,,,,
136,5/16/25,9,,,,,
137,5/17/25,9.4,,,,,
138,5/18/25,9.6,,,,,
139,5/19/25,9.7,,,,,
140,5/20/25,9.4,,,,,
141,5/21/25,8.8,,,,,
142,5/22/25,8.7,,,,,
143,5/23/25,8.1,,,,,
144,5/24/25,8.1,,,,,
145,5/25/25,8.4,,,,,
146,5/26/25,9.1,,,,,
147,5/27/25,9.4,,,,,
148,5/28/25,9.6,,,,,
149,5/29/25,9.8,,,,,
150,5/30/25,9.8,,,,,
151,5/31/25,9.7,,,,,
152,6/1/25,9.5,,,,,
153,6/2/25,9.5,,,,,
154,6/3/25,9.9,,,,,
155,6/4/25,10.5,,,,,
156,6/5/25,11,,,,,
157,6/6/25,11.6,,,,,
158,6/7/25,11.9,,,,,
159,6/8/25,12,,,,,
160,6/9/25,12.1,,,,,
161,6/10/25,12.1,,,,,
162,6/11/25,12.1,,,,,
163,6/12/25,12.2,,,,,
164,6/13/25,12.5,,,,,
165,6/14/25,12.6,,,,,
166,6/15/25,12.5,,,,,
167,6/16/25,12.9,,,,,
168,6/17/25,13.3,,,,,
169,6/18/25,13.9,,,,,
170,6/19/25,14.7,,,,,
171,6/20/25,14.5,,,,,
172,6/21/25,14.4,,,,,
173,6/22/25,14.3,,,,,
174,6/23/25,14.5,,,,,
175,6/24/25,15.1,,,,,
176,6/25/25,15.9,,,,,
177,6/26/25,16.1,,,,,
178,6/27/25,15.7,,,,,
179,6/28/25,15.7,,,,,
180,6/29/25,15.5,,,,,
181,6/30/25,15.4,,,,,
182,7/1/25,16.2,,,,,
183,7/2/25,16.4,,,,,
184,7/3/25,16.3,,,,,
185,7/4/25,16.6,,,,,
186,7/5/25,16.7,,,,,
187,7/6/25,16.9,,,,,
188,7/7/25,17.2,,,,,
189,7/8/25,18,,,,,
190,7/9/25,17.8,,,,,
191,7/10/25,17.4,,,,,
192,7/11/25,16.8,,,,,
193,7/12/25,17.1,,,,,
194,7/13/25,17.1,,,,,
195,7/14/25,17.6,,,,,
196,7/15/25,18.4,,,,,
197,7/16/25,19.2,,,,,
198,7/17/25,19.3,,,,,
199,7/18/25,18.9,,,,,
200,7/19/25,18.8,,,,,
201,7/20/25,18.6,,,,,
202,7/21/25,18.2,,,,,
203,7/22/25,17.9,,,,,
204,7/23/25,17.9,,,,,
205,7/24/25,17.8,,,,,
206,7/25/25,18,,,,,
207,7/26/25,17.8,,,,,
208,7/27/25,17.6,,,,,
209,7/28/25,17.6,,,,,
210,7/29/25,18.2,,,,,
211,7/30/25,18.6,,,,,
212,7/31/25,18.8,,,,,
213,8/1/25,18.1,,,,,
214,8/2/25,17.8,,,,,
215,8/3/25,18,,,,,
216,8/4/25,18.1,,,,,
217,8/5/25,18.3,,,,,
218,8/6/25,18.4,,,,,
219,8/7/25,18.7,,,,,
220,8/8/25,18.8,,,,,
221,8/9/25,19,,,,,
222,8/10/25,19.1,,,,,
223,8/11/25,19.6,,,,,
224,8/12/25,20.1,,,,,
225,8/13/25,20.4,,,,,
226,8/14/25,20.3,,,,,
227,8/15/25,19.9,,,,,
228,8/16/25,19.8,,,,,
229,8/17/25,19.8,,,,,
230,8/18/25,19.2,,,,,
231,8/19/25,18.9,,,,,
232,8/20/25,18.6,,,,,
233,8/21/25,18,,,,,
234,8/22/25,17.9,,,,,
235,8/23/25,17.9,,,,,
236,8/24/25,17.9,,,,,
237,8/25/25,18,,,,,
238,8/26/25,18.2,,,,,
239,8/27/25,18.4,,,,,
240,8/28/25,18.4,,,,,
241,8/29/25,18.1,,,,,
242,8/30/25,17.9,,,,,
243,8/31/25,17.8,,,,,
244,9/1/25,18,,,,,
245,9/2/25,18.5,,,,,
246,9/3/25,18.7,,,,,
247,9/4/25,18.6,,,,,
248,9/5/25,18.5,,,,,
249,9/6/25,18.6,,,,,
250,9/7/25,18.5,,,,,
251,9/8/25,18.2,,,,,
252,9/9/25,18,,,,,
253,9/10/25,17.8,,,,,
254,9/11/25,17.7,,,,,
255,9/12/25,17.6,,,,,
256,9/13/25,17.6,,,,,
257,9/14/25,17.7,,,,,
258,9/15/25,17.8,,,,,
259,9/16/25,17.9,,,,,
260,9/17/25,18.1,,,,,
261,9/18/25,18.3,,,,,
262,9/19/25,18.2,,,,,
263,9/20/25,17.9,,,,,
264,9/21/25,17.5,,,,,
265,9/22/25,17.3,,,,,
266,9/23/25,17.4,,,,,
267,9/24/25,17.4,,,,,
268,9/25/25,17.6,,,,,
269,9/26/25,17.6,,,,,
270,9/27/25,17.4,,,,,
271,9/28/25,17.4,,,,,
272,9/29/25,17.5,,,,,
273,9/30/25,17.2,,,,,
274,10/1/25,16.7,,,,,
275,10/2/25,16.2,,,,,
276,10/3/25,15.9,,,,,
277,10/4/25,15.9,,,,,
278,10/5/25,16.1,,,,,
279,10/6/25,16.2,,,,,
280,10/7/25,16.1,,,,,
281,10/8/25,15.8,,,,,
282,10/9/25,15.3,,,,,
283,10/10/25,14.9,,,,,
284,10/11/25,14.7,,,,,
285,10/12/25,14.5,,,,,
286,10/13/25,14.3,,,,,
287,10/14/25,14.2,,,,,
288,10/15/25,14.3,,,,,
289,10/16/25,14.2,,,,,
290,10/17/25,13.9,,,,,
291,10/18/25,13.9,,,,,
292,10/19/25,13.9,,,,,
293,10/20/25,14,,,,,
294,10/21/25,13.9,,,,,
295,10/22/25,13.8,,,,,
296,10/23/25,13.6,,,,,
297,10/24/25,13.5,,,,,
298,10/25/25,13.4,,,,,
299,10/26/25,13.2,,,,,
300,10/27/25,13,,,,,
301,10/28/25,12.9,,,,,
302,10/29/25,12.7,,,,,
303,10/30/25,12.4,,,,,
304,10/31/25,12.3,,,,,
305,11/1/25,12.1,,,,,
306,11/2/25,11.8,,,,,
307,11/3/25,11.6,,,,,
308,11/4/25,11.5,,,,,
309,11/5/25,11.4,,,,,
310,11/6/25,11.1,,,,,
311,11/7/25,11,,,,,
312,11/8/25,10.8,,,,,
313,11/9/25,10.7,,,,,
314,11/10/25,10.8,,,,,
315,11/11/25,10.8,,,,,
316,11/12/25,10.5,,,,,
317,11/13/25,10.3,,,,,
318,11/14/25,10.1,,,,,
319,11/15/25,10,,,,,
320,11/16/25,9.9,,,,,
321,11/17/25,9.8,,,,,
322,11/18/25,9.8,,,,,
323,11/19/25,9.6,,,,,
324,11/20/25,9.4,,,,,
325,11/21/25,9.2,,,,,
326,11/22/25,9,,,,,
327,11/23/25,9.4,,,,,
328,11/24/25,9.4,,,,,
329,11/25/25,9.2,,,,,
330,11/26/25,9.3,,,,,
331,11/27/25,9.2,,,,,
332,11/28/25,9.1,, ,,,
333,11/29/25,9.1,,,,,
334,11/30/25,8.6,,,,,
335,12/1/25,8.6,,,,,
,,,,,,,
,,,,,,,
,,,,,,,
,,,,,,,
,,,,,,,
,,,,,,,
,,,,,,,
,,,,,,,
,,,,,,,
,,,,,,,
,,,,,,,
,,,,,,,
,,,,,,,
,,,,,,,
,,,,,,,
,,,,,,,
,,,,,,,
,,,,,,,
,,,,,,,
,,,,,,,
,,,,,,,
,,,,,,,
,,,,,,,
,,,,,,,
,,,,,,,
,,,,,,,
,,,,,,,
,,,,,,,
,,,,,,,
,,,,,,,
,,,,,,,
,,,,,,,
,,,,,,,
,,,,,,,
,,,,,,,
,,,,,,,
,,,,,,,
,,,,,,,
,,,,,,,
,,,,,,,
,,,,,,,
,,,,,,,
,,,,,,,
,,,,,,,
,,,,,,,
,,,,,,,
,,,,,,,
,,,,,,,
,,,,,,,
,,,,,,,
,,,,,,,
,,,,,,,
,,,,,,,
,,,,,,,
,,,,,,,
,,,,,,,
,,,,,,,
,,,,,,,
,,,,,,,
,,,,,,,
,,,,,,,
,,,,,,,
,,,,,,,
,,,,,,,
,,,,,,,
,,,,,,,
,,,,,,,
,,,,,,,
,,,,,,,
,,,,,,,
,,,,,,,
,,,,,,,
,,,,,,,
,,,,,,,
,,,,,,,
,,,,,,,
,,,,,,,
,,,,,,,
,,,,,,,
,,,,,,,
,,,,,,,
,,,,,,,
,,,,,,,
,,,,,,,
,,,,,,,
,,,,,,,
,,,,,,,
,,,,,,,
,,,,,,,
,,,,,,,
,,,,,,,
,,,,,,,
,,,,,,,
,,,,,,,
,,,,,,,
,,,,,,,
,,,,,,,
,,,,,,,
,,,,,,,
,,,,,,,
,,,,,,,
,,,,,,,
,,,,,,,
,,,,,,,
,,,,,,,
,,,,,,,
,,,,,,,
,,,,,,,
,,,,,,,
,,,,,,,
,,,,,,,
,,,,,,,
,,,,,,,
,,,,,,,
,,,,,,,
,,,,,,,
,,,,,,,
,,,,,,,
,,,,,,,
,,,,,,,
,,,,,,,
,,,,,,,
,,,,,,,
,,,,,,,
,,,,,,,
,,,,,,,
,,,,,,,
,,,,,,,
,,,,,,,
,,,,,,,
,,,,,,,
,,,,,,,
,,,,,,,
,,,,,,,
,,,,,,,
,,,,,,,
,,,,,,,
,,,,,,,
,,,,,,,
,,,,,,,
,,,,,,,
,,,,,,,
,,,,,,,
,,,,,,,
,,,,,,,
,,,,,,,
,,,,,,,
,,,,,,,
,,,,,,,
,,,,,,,
,,,,,,,
,,,,,,,
,,,,,,,
,,,,,,,
,,,,,,,
,,,,,,,
,,,,,,,
,,,,,,,
,,,,,,,
,,,,,,,
,,,,,,,
,,,,,,,
,,,,,,,
,,,,,,,
,,,,,,,
,,,,,,,
,,,,,,,
,,,,,,,
,,,,,,,
,,,,,,,
,,,,,,,
,,,,,,,
,,,,,,,
,,,,,,,
,,,,,,,
,,,,,,,
,,,,,,,
,,,,,,,
,,,,,,,
,,,,,,,
,,,,,,,
,,,,,,,
,,,,,,,
,,,,,,,
,,,,,,,
,,,,,,,
,,,,,,,
,,,,,,,
,,,,,,,
,,,,,,,
,,,,,,,
,,,,,,,
,,,,,,,
,,,,,,,
,,,,,,,
,,,,,,,
,,,,,,,
,,,,,,,
,,,,,,,
,,,,,,,
,,,,,,,
,,,,,,,
,,,,,,,
,,,,,,,
,,,,,,,
,,,,,,,
,,,,,,,
,,,,,,,
,,,,,,,
,,,,,,,
,,,,,,,
,,,,,,,
,,,,,,,
,,,,,,,
,,,,,,,
,,,,,,,
,,,,,,,
,,,,,,,
,,,,,,,
,,,,,,,
,,,,,,,
,,,,,,,
,,,,,,,
,,,,,,,
,,,,,,,
,,,,,,,
,,,,,,,
,,,,,,,
,,,,,,,
,,,,,,,
,,,,,,,
,,,,,,,
,,,,,,,
,,,,,,,
,,,,,,,
,,,,,,,
,,,,,,,
,,,,,,,
,,,,,,,
,,,,,,,
,,,,,,,
,,,,,,,
,,,,,,,
,,,,,,,
,,,,,,,
,,,,,,,
,,,,,,,
,,,,,,,
,,,,,,,
,,,,,,,
,,,,,,,
,,,,,,,
,,,,,,,
,,,,,,,
,,,,,,,
,,,,,,,
,,,,,,,
,,,,,,,
,,,,,,,
,,,,,,,
,,,,,,,
,,,,,,,
,,,,,,,
,,,,,,,
,,,,,,,
,,,,,,,
,,,,,,,
,,,,,,,
,,,,,,,
,,,,,,,
,,,,,,,
,,,,,,,
,,,,,,,
,,,,,,,
,,,,,,,
,,,,,,,
,,,,,,,
,,,,,,,
,,,,,,,
,,,,,,,
,,,,,,,
,,,,,,,
,,,,,,,
,,,,,,,
,,,,,,,
,,,,,,,
,,,,,,,
,,,,,,,
,,,,,,,
,,,,,,,
,,,,,,,
,,,,,,,
,,,,,,,
,,,,,,,
,,,,,,,
,,,,,,,
,,,,,,,
,,,,,,,
,,,,,,,
,,,,,,,
,,,,,,,
,,,,,,,
,,,,,,,
,,,,,,,
,,,,,,,
,,,,,,,
,,,,,,,
,,,,,,,
,,,,,,,
,,,,,,,
,,,,,,,
,,,,,,,
,,,,,,,
,,,,,,,
,,,,,,,
,,,,,,,
,,,,,,,
,,,,,,,
,,,,,,,
,,,,,,,
,,,,,,,
,,,,,,,
,,,,,,,
,,,,,,,
,,,,,,,
,,,,,,,
,,,,,,,
,,,,,,,
,,,,,,,
,,,,,,,
,,,,,,,
,,,,,,,
,,,,,,,
,,,,,,,
,,,,,,,
,,,,,,,
,,,,,,,
,,,,,,,
,,,,,,,
,,,,,,,
,,,,,,,
,,,,,,,
,,,,,,,
,,,,,,,
,,,,,,,
,,,,,,,
,,,,,,,
,,,,,,,
,,,,,,,
,,,,,,,
,,,,,,,
,,,,,,,
,,,,,,,
,,,,,,,
,,,,,,,
,,,,,,,
,,,,,,,
,,,,,,,
,,,,,,,
,,,,,,,
,,,,,,,
,,,,,,,
,,,,,,,
,,,,,,,
,,,,,,,
,,,,,,,
,,,,,,,
,,,,,,,
,,,,,,,
,,,,,,,
,,,,,,,
,,,,,,,
,,,,,,,
,,,,,,,
,,,,,,,
,,,,,,,
,,,,,,,
,,,,,,,
,,,,,,,
,,,,,,,
,,,,,,,
,,,,,,,
,,,,,,,
,,,,,,,
,,,,,,,
,,,,,,,
,,,,,,,
,,,,,,,
,,,,,,,
,,,,,,,
,,,,,,,
,,,,,,,
,,,,,,,
,,,,,,,
,,,,,,,
,,,,,,,
,,,,,,,
,,,,,,,
,,,,,,,
,,,,,,,
,,,,,,,
,,,,,,,
,,,,,,,
,,,,,,,
,,,,,,,
,,,,,,,
,,,,,,,
,,,,,,,
,,,,,,,
,,,,,,,
,,,,,,,
,,,,,,,
,,,,,,,
,,,,,,,
,,,,,,,
,,,,,,,
,,,,,,,
,,,,,,,
,,,,,,,
,,,,,,,
,,,,,,,
,,,,,,,
,,,,,,,
,,,,,,,
,,,,,,,
,,,,,,,
,,,,,,,
,,,,,,,
,,,,,,,
,,,,,,,
,,,,,,,
,,,,,,,
,,,,,,,
,,,,,,,
,,,,,,,
,,,,,,,
,,,,,,,
,,,,,,,
,,,,,,,
,,,,,,,
,,,,,,,
,,,,,,,
,,,,,,,
,,,,,,,
,,,,,,,
,,,,,,,
,,,,,,,
,,,,,,,
,,,,,,,
,,,,,,,
,,,,,,,
,,,,,,,
,,,,,,,
,,,,,,,
,,,,,,,
,,,,,,,
,,,,,,,
,,,,,,,
,,,,,,,
,,,,,,,
,,,,,,,
,,,,,,,
,,,,,,,
,,,,,,,
,,,,,,,
,,,,,,,
,,,,,,,
,,,,,,,
,,,,,,,
,,,,,,,
,,,,,,,
,,,,,,,
,,,,,,,
,,,,,,,
,,,,,,,
,,,,,,,
,,,,,,,
,,,,,,,
,,,,,,,
,,,,,,,
,,,,,,,
,,,,,,,
,,,,,,,
,,,,,,,
,,,,,,,
,,,,,,,
,,,,,,,
,,,,,,,
,,,,,,,
,,,,,,,
,,,,,,,
,,,,,,,
,,,,,,,
,,,,,,,
,,,,,,,
,,,,,,,
,,,,,,,
,,,,,,,
,,,,,,,
,,,,,,,
,,,,,,,
,,,,,,,
,,,,,,,
,,,,,,,
,,,,,,,
,,,,,,,
,,,,,,,
,,,,,,,
,,,,,,,
,,,,,,,
,,,,,,,
,,,,,,,
,,,,,,,
,,,,,,,
,,,,,,,
,,,,,,,
,,,,,,,
,,,,,,,
,,,,,,,
,,,,,,,
,,,,,,,
,,,,,,,
,,,,,,,
,,,,,,,
,,,,,,,
,,,,,,,
,,,,,,,
,,,,,,,
,,,,,,,
,,,,,,,
,,,,,,,
,,,,,,,
,,,,,,,
,,,,,,,
,,,,,,,
,,,,,,,
,,,,,,,
,,,,,,,
,,,,,,,
,,,,,,,
,,,,,,,
,,,,,,,
,,,,,,,
,,,,,,,
,,,,,,,
,,,,,,,
,,,,,,,
,,,,,,,
,,,,,,,
,,,,,,,
,,,,,,,
,,,,,,,
,,,,,,,
,,,,,,,
,,,,,,,
,,,,,,,
,,,,,,,
,,,,,,,
,,,,,,,
,,,,,,,
,,,,,,,
,,,,,,,
,,,,,,,
,,,,,,,
,,,,,,,
,,,,,,,
,,,,,,,
,,,,,,,
,,,,,,,
,,,,,,,
,,,,,,,
,,,,,,,
,,,,,,,
,,,,,,,
,,,,,,,
,,,,,,,
,,,,,,,
,,,,,,,
,,,,,,,
,,,,,,,
,,,,,,,
,,,,,,,
,,,,,,,
,,,,,,,
,,,,,,,
,,,,,,,
,,,,,,,
,,,,,,,
,,,,,,,
,,,,,,,
,,,,,,,
,,,,,,,
,,,,,,,
,,,,,,,
,,,,,,,
,,,,,,,
,,,,,,,
,,,,,,,
,,,,,,,
,,,,,,,
,,,,,,,
,,,,,,,
,,,,,,,
,,,,,,,
,,,,,,,
,,,,,,,
,,,,,,,
,,,,,,,
,,,,,,,
,,,,,,,
,,,,,,,
,,,,,,,
,,,,,,,
,,,,,,,
,,,,,,,
,,,,,,,
,,,,,,,
,,,,,,,
,,,,,,,
,,,,,,,
,,,,,,,
,,,,,,,
,,,,,,,
,,,,,,,
,,,,,,,
,,,,,,,
,,,,,,,
,,,,,,,
,,,,,,,
,,,,,,,
,,,,,,,
,,,,,,,
,,,,,,,
,,,,,,,
,,,,,,,
,,,,,,,
,,,,,,,
,,,,,,,
,,,,,,,
,,,,,,,
,,,,,,,
,,,,,,,
,,,,,,,
,,,,,,,
,,,,,,,
,,,,,,,
,,,,,,,
,,,,,,,
,,,,,,,
,,,,,,,
,,,,,,,
,,,,,,,
,,,,,,,
,,,,,,,
,,,,,,,
,,,,,,,
,,,,,,,
,,,,,,,
,,,,,,,
,,,,,,,
,,,,,,,
,,,,,,,
,,,,,,,
,,,,,,,
,,,,,,,
,,,,,,,
,,,,,,,
,,,,,,,
,,,,,,,
,,,,,,,
,,,,,,,
,,,,,,,
,,,,,,,
,,,,,,,
,,,,,,,
,,,,,,,
,,,,,,,
,,,,,,,
,,,,,,,
,,,,,,,
,,,,,,,
,,,,,,,
,,,,,,,
,,,,,,,
,,,,,,,
,,,,,,,
,,,,,,,
,,,,,,,
,,,,,,,
,,,,,,,
,,,,,,,
,,,,,,,
,,,,,,,
,,,,,,,
,,,,,,,
,,,,,,,
,,,,,,,
,,,,,,,
,,,,,,,
,,,,,,,
,,,,,,,
,,,,,,,
,,,,,,,
,,,,,,,
,,,,,,,
,,,,,,,
,,,,,,,
,,,,,,,
,,,,,,,
,,,,,,,
,,,,,,,
,,,,,,,
,,,,,,,
,,,,,,,
,,,,,,,
,,,,,,,
,,,,,,,
,,,,,,,
,,,,,,,
,,,,,,,
,,,,,,,
,,,,,,,
,,,,,,,
,,,,,,,
,,,,,,,
,,,,,,,
,,,,,,,
,,,,,,,
,,,,,,,
,,,,,,,
,,,,,,,
,,,,,,,
,,,,,,,
,,,,,,,
,,,,,,,
,,,,,,,
,,,,,,,
,,,,,,,
,,,,,,,
,,,,,,,
,,,,,,,
,,,,,,,
,,,,,,,
,,,,,,,
,,,,,,,
,,,,,,,
,,,,,,,
,,,,,,,
,,,,,,,
,,,,,,,
,,,,,,,
,,,,,,,
,,,,,,,
,,,,,,,
,,,,,,,
,,,,,,,
,,,,,,,
,,,,,,,
,,,,,,,
,,,,,,,
,,,,,,,
,,,,,,,
,,,,,,,
,,,,,,,
,,,,,,,
,,,,,,,
,,,,,,,
,,,,,,,
,,,,,,,
,,,,,,,
,,,,,,,
,,,,,,,
,,,,,,,
,,,,,,,
,,,,,,,
,,,,,,,
,,,,,,,
,,,,,,,
,,,,,,,
,,,,,,,
,,,,,,,
,,,,,,,
,,,,,,,
,,,,,,,
,,,,,,,
,,,,,,,
,,,,,,,
,,,,,,,
,,,,,,,
,,,,,,,
,,,,,,,
,,,,,,,
,,,,,,,
,,,,,,,
,,,,,,,
,,,,,,,
,,,,,,,
,,,,,,,
,,,,,,,
,,,,,,,
,,,,,,,
,,,,,,,
,,,,,,,
,,,,,,,
,,,,,,,
,,,,,,,
,,,,,,,
,,,,,,,
,,,,,,,
,,,,,,,
,,,,,,,
,,,,,,,
,,,,,,,
,,,,,,,
,,,,,,,
,,,,,,,
,,,,,,,
,,,,,,,
,,,,,,,
,,,,,,,
,,,,,,,
,,,,,,,
,,,,,,,
,,,,,,,
,,,,,,,
,,,,,,,
,,,,,,,
,,,,,,,
,,,,,,,
,,,,,,,
,,,,,,,
,,,,,,,
,,,,,,,
,,,,,,,
,,,,,,,
,,,,,,,
,,,,,,,
,,,,,,,
,,,,,,,
,,,,,,,
,,,,,,,
,,,,,,,
,,,,,,,
,,,,,,,
,,,,,,,
,,,,,,,
,,,,,,,
,,,,,,,
,,,,,,,
,,,,,,,
,,,,,,,
,,,,,,,
,,,,,,,
,,,,,,,
,,,,,,,
,,,,,,,
,,,,,,,
,,,,,,,
,,,,,,,
,,,,,,,
,,,,,,,
,,,,,,,
,,,,,,,
,,,,,,,
,,,,,,,
,,,,,,,
,,,,,,,
,,,,,,,
,,,,,,,
,,,,,,,
,,,,,,,
,,,,,,,
,,,,,,,
,,,,,,,
,,,,,,,
,,,,,,,
,,,,,,,
,,,,,,,
,,,,,,,
,,,,,,,
,,,,,,,
,,,,,,,
,,,,,,,
,,,,,,,
,,,,,,,
,,,,,,,
,,,,,,,
,,,,,,,
,,,,,,,
,,,,,,,
,,,,,,,
,,,,,,,
,,,,,,,
,,,,,,,
,,,,,,,
,,,,,,,
,,,,,,,
,,,,,,,
,,,,,,,
,,,,,,,
,,,,,,,
,,,,,,,
,,,,,,,
,,,,,,,
,,,,,,,
,,,,,,,
,,,,,,,
,,,,,,,
,,,,,,,
,,,,,,,
,,,,,,,
,,,,,,,
,,,,,,,
,,,,,,,
,,,,,,,
,,,,,,,
,,,,,,,
,,,,,,,
,,,,,,,
,,,,,,,
,,,,,,,
,,,,,,,
,,,,,,,
,,,,,,,
,,,,,,,
,,,,,,,
,,,,,,,
,,,,,,,
,,,,,,,
,,,,,,,
,,,,,,,
,,,,,,,
,,,,,,,
,,,,,,,
,,,,,,,
,,,,,,,
,,,,,,,
,,,,,,,
,,,,,,,
,,,,,,,
,,,,,,,
,,,,,,,
,,,,,,,
,,,,,,,
,,,,,,,
,,,,,,,
,,,,,,,
,,,,,,,
,,,,,,,
,,,,,,,
,,,,,,,
,,,,,,,
,,,,,,,
,,,,,,,
,,,,,,,
,,,,,,,
,,,,,,,
,,,,,,,
,,,,,,,
,,,,,,,
,,,,,,,
,,,,,,,
,,,,,,,
,,,,,,,
,,,,,,,
,,,,,,,
,,,,,,,
,,,,,,,
,,,,,,,
,,,,,,,
,,,,,,,
,,,,,,,
,,,,,,,
,,,,,,,
,,,,,,,
,,,,,,,
,,,,,,,
,,,,,,,
,,,,,,,
,,,,,,,
,,,,,,,
,,,,,,,
,,,,,,,
,,,,,,,
,,,,,,,
,,,,,,,
,,,,,,,
,,,,,,,
,,,,,,,
,,,,,,,
,,,,,,,
,,,,,,,
,,,,,,,
,,,,,,,
,,,,,,,
,,,,,,,
,,,,,,,
,,,,,,,
,,,,,,,
,,,,,,,
,,,,,,,
,,,,,,,
,,,,,,,
,,,,,,,
,,,,,,,
,,,,,,,
,,,,,,,
,,,,,,,
,,,,,,,
,,,,,,,
,,,,,,,
,,,,,,,
,,,,,,,
,,,,,,,
,,,,,,,
,,,,,,,
,,,,,,,
,,,,,,,
,,,,,,,
,,,,,,,
,,,,,,,
,,,,,,,
,,,,,,,
,,,,,,,
,,,,,,,
,,,,,,,
,,,,,,,
,,,,,,,
,,,,,,,
,,,,,,,
,,,,,,,
,,,,,,,
,,,,,,,
,,,,,,,
,,,,,,,
,,,,,,,
,,,,,,,
,,,,,,,
,,,,,,,
,,,,,,,
,,,,,,,
,,,,,,,
,,,,,,,
,,,,,,,
,,,,,,,
,,,,,,,
,,,,,,,
,,,,,,,
,,,,,,,
,,,,,,,
,,,,,,,
,,,,,,,
,,,,,,,
,,,,,,,
,,,,,,,
,,,,,,,
,,,,,,,
,,,,,,,
,,,,,,,
,,,,,,,
,,,,,,,
,,,,,,,
,,,,,,,
,,,,,,,
,,,,,,,
,,,,,,,
,,,,,,,
,,,,,,,
,,,,,,,
,,,,,,,
,,,,,,,
,,,,,,,
,,,,,,,
,,,,,,,
,,,,,,,
,,,,,,,
,,,,,,,
,,,,,,,
,,,,,,,
,,,,,,,
,,,,,,,
,,,,,,,
,,,,,,,
,,,,,,,
,,,,,,,
,,,,,,,
,,,,,,,
,,,,,,,
,,,,,,,
,,,,,,,
,,,,,,,
,,,,,,,
,,,,,,,
,,,,,,,
,,,,,,,
,,,,,,,
,,,,,,,
,,,,,,,
,,,,,,,
,,,,,,,
,,,,,,,
,,,,,,,
,,,,,,,
,,,,,,,
,,,,,,,
,,,,,,,
,,,,,,,
,,,,,,,
,,,,,,,
,,,,,,,
,,,,,,,
,,,,,,,
,,,,,,,
,,,,,,,
,,,,,,,
,,,,,,,
,,,,,,,
,,,,,,,
,,,,,,,
,,,,,,,
,,,,,,,
,,,,,,,
,,,,,,,
,,,,,,,
,,,,,,,
,,,,,,,
,,,,,,,
,,,,,,,
,,,,,,,
,,,,,,,
,,,,,,,
,,,,,,,
,,,,,,,
,,,,,,,
,,,,,,,
,,,,,,,
,,,,,,,
,,,,,,,
,,,,,,,
,,,,,,,
,,,,,,,
,,,,,,,
,,,,,,,
,,,,,,,
,,,,,,,
,,,,,,,
,,,,,,,
,,,,,,,
,,,,,,,
,,,,,,,
,,,,,,,
,,,,,,,
,,,,,,,
,,,,,,,
,,,,,,,
,,,,,,,
,,,,,,,
,,,,,,,
,,,,,,,
,,,,,,,
,,,,,,,
,,,,,,,
,,,,,,,
,,,,,,,
,,,,,,,
,,,,,,,
,,,,,,,
,,,,,,,
,,,,,,,
,,,,,,,
,,,,,,,
,,,,,,,
,,,,,,,
,,,,,,,
,,,,,,,
,,,,,,,
,,,,,,,
,,,,,,,
,,,,,,,
,,,,,,,
,,,,,,,
,,,,,,,
,,,,,,,
,,,,,,,
,,,,,,,
,,,,,,,
,,,,,,,
,,,,,,,
,,,,,,,
,,,,,,,
,,,,,,,
,,,,,,,
,,,,,,,
,,,,,,,
,,,,,,,
,,,,,,,
,,,,,,,
,,,,,,,
,,,,,,,
,,,,,,,
,,,,,,,
,,,,,,,
,,,,,,,
,,,,,,,
,,,,,,,
,,,,,,,
,,,,,,,
,,,,,,,
,,,,,,,
,,,,,,,
,,,,,,,
,,,,,,,
,,,,,,,
,,,,,,,
,,,,,,,
,,,,,,,
,,,,,,,
,,,,,,,
,,,,,,,
,,,,,,,
,,,,,,,
,,,,,,,
,,,,,,,
,,,,,,,
,,,,,,,
,,,,,,,
,,,,,,,
,,,,,,,
,,,,,,,
,,,,,,,
,,,,,,,
,,,,,,,
,,,,,,,
,,,,,,,
,,,,,,,
,,,,,,,
,,,,,,,
,,,,,,,
,,,,,,,
,,,,,,,
,,,,,,,
,,,,,,,
,,,,,,,
,,,,,,,
,,,,,,,
,,,,,,,
,,,,,,,
,,,,,,,
,,,,,,,
,,,,,,,
,,,,,,,
,,,,,,,
,,,,,,,
,,,,,,,
,,,,,,,
,,,,,,,
,,,,,,,
,,,,,,,
,,,,,,,
,,,,,,,
,,,,,,,
,,,,,,,
,,,,,,,
,,,,,,,
,,,,,,,
,,,,,,,
,,,,,,,
,,,,,,,
,,,,,,,
,,,,,,,
,,,,,,,
,,,,,,,
,,,,,,,
,,,,,,,
,,,,,,,
,,,,,,,
,,,,,,,
,,,,,,,
,,,,,,,
,,,,,,,
,,,,,,,
,,,,,,,
,,,,,,,
,,,,,,,
,,,,,,,
,,,,,,,
,,,,,,,
,,,,,,,
,,,,,,,
,,,,,,,
,,,,,,,
,,,,,,,
,,,,,,,
,,,,,,,
,,,,,,,
,,,,,,,
,,,,,,,
,,,,,,,
,,,,,,,
,,,,,,,
,,,,,,,
,,,,,,,
,,,,,,,
,,,,,,,
,,,,,,,
,,,,,,,
,,,,,,,
,,,,,,,
,,,,,,,
,,,,,,,
,,,,,,,
,,,,,,,
,,,,,,,
,,,,,,,
,,,,,,,
,,,,,,,
,,,,,,,
,,,,,,,
,,,,,,,
,,,,,,,
,,,,,,,
,,,,,,,
,,,,,,,
,,,,,,,
,,,,,,,
,,,,,,,
,,,,,,,
,,,,,,,
,,,,,,,
,,,,,,,
,,,,,,,
,,,,,,,
,,,,,,,
,,,,,,,
,,,,,,,
,,,,,,,
,,,,,,,
,,,,,,,
,,,,,,,
,,,,,,,
,,,,,,,
,,,,,,,
,,,,,,,
,,,,,,,
,,,,,,,
,,,,,,,
,,,,,,,
,,,,,,,
,,,,,,,
,,,,,,,
,,,,,,,
,,,,,,,
,,,,,,,
,,,,,,,
,,,,,,,
,,,,,,,
,,,,,,,
,,,,,,,
,,,,,,,
,,,,,,,
,,,,,,,
,,,,,,,
,,,,,,,
,,,,,,,
,,,,,,,
,,,,,,,
,,,,,,,
,,,,,,,
,,,,,,,
,,,,,,,
,,,,,,,
,,,,,,,
,,,,,,,
,,,,,,,
,,,,,,,
,,,,,,,
,,,,,,,
,,,,,,,
,,,,,,,
,,,,,,,
,,,,,,,
,,,,,,,
,,,,,,,
,,,,,,,
,,,,,,,
,,,,,,,
,,,,,,,
,,,,,,,
,,,,,,,
,,,,,,,
,,,,,,,
,,,,,,,
,,,,,,,
,,,,,,,
,,,,,,,
,,,,,,,
,,,,,,,
,,,,,,,
,,,,,,,
,,,,,,,
,,,,,,,
,,,,,,,
,,,,,,,
,,,,,,,
,,,,,,,
,,,,,,,
,,,,,,,
,,,,,,,
,,,,,,,
,,,,,,,
,,,,,,,
,,,,,,,
,,,,,,,
,,,,,,,
,,,,,,,
,,,,,,,
,,,,,,,
,,,,,,,
,,,,,,,
,,,,,,,
,,,,,,,
,,,,,,,
,,,,,,,
,,,,,,,
,,,,,,,
,,,,,,,
,,,,,,,
,,,,,,,
,,,,,,,
,,,,,,,
,,,,,,,
,,,,,,,
,,,,,,,
,,,,,,,
,,,,,,,
,,,,,,,
,,,,,,,
,,,,,,,
,,,,,,,
,,,,,,,
,,,,,,,
,,,,,,,
,,,,,,,
,,,,,,,
,,,,,,,
,,,,,,,
,,,,,,,
,,,,,,,
,,,,,,,
,,,,,,,
,,,,,,,
,,,,,,,
,,,,,,,
,,,,,,,
,,,,,,,
,,,,,,,
,,,,,,,
,,,,,,,
,,,,,,,
,,,,,,,
,,,,,,,
,,,,,,,
,,,,,,,
,,,,,,,
,,,,,,,
,,,,,,,
,,,,,,,
,,,,,,,
,,,,,,,
,,,,,,,
,,,,,,,
,,,,,,,
,,,,,,,
,,,,,,,
,,,,,,,
,,,,,,,
,,,,,,,
,,,,,,,
,,,,,,,
,,,,,,,
,,,,,,,
,,,,,,,
,,,,,,,
,,,,,,,
,,,,,,,
,,,,,,,
,,,,,,,
,,,,,,,
,,,,,,,
,,,,,,,
,,,,,,,